step,split,value
1,train,10.948745727539062
2,train,10.905424118041992
3,train,10.811755180358887
4,train,10.687925338745117
5,train,10.550564765930176
6,train,10.41420841217041
7,train,10.280230522155762
8,train,10.175859451293945
9,train,10.083629608154297
10,train,9.987868309020996
11,train,9.908612251281738
12,train,9.85733413696289
13,train,9.790658950805664
14,train,9.738618850708008
15,train,9.70832633972168
16,train,9.690258026123047
17,train,9.644323348999023
18,train,9.61972713470459
19,train,9.61392593383789
20,train,9.568941116333008
21,train,9.56936264038086
22,train,9.52746868133545
23,train,9.532115936279297
24,train,9.473904609680176
25,train,9.441271781921387
26,train,9.42880630493164
27,train,9.385207176208496
28,train,9.362882614135742
29,train,9.31603717803955
30,train,9.295469284057617
31,train,9.25640869140625
32,train,9.210371971130371
33,train,9.175505638122559
34,train,9.154271125793457
35,train,9.119755744934082
36,train,9.072371482849121
37,train,9.046196937561035
38,train,9.015948295593262
39,train,8.957986831665039
40,train,8.935853004455566
41,train,8.893712997436523
42,train,8.858591079711914
43,train,8.84339714050293
44,train,8.776922225952148
45,train,8.750457763671875
46,train,8.722339630126953
47,train,8.670761108398438
48,train,8.660348892211914
49,train,8.610450744628906
50,train,8.580900192260742
51,train,8.557928085327148
52,train,8.491512298583984
53,train,8.467863082885742
54,train,8.44223690032959
55,train,8.406842231750488
56,train,8.383170127868652
57,train,8.303325653076172
58,train,8.325179100036621
59,train,8.273326873779297
60,train,8.22197151184082
61,train,8.204951286315918
62,train,8.159551620483398
63,train,8.135717391967773
64,train,8.065938949584961
65,train,8.050016403198242
66,train,8.018187522888184
67,train,7.979648590087891
68,train,7.922715187072754
69,train,7.919558525085449
70,train,7.8926286697387695
71,train,7.858183860778809
72,train,7.836167812347412
73,train,7.789255619049072
74,train,7.7696757316589355
75,train,7.734107494354248
76,train,7.70906925201416
77,train,7.67232084274292
78,train,7.639759540557861
79,train,7.604959487915039
80,train,7.563765525817871
81,train,7.550034046173096
82,train,7.517179489135742
83,train,7.4794602394104
84,train,7.469001770019531
85,train,7.443709373474121
86,train,7.422186851501465
87,train,7.371086120605469
88,train,7.33282470703125
89,train,7.315011978149414
90,train,7.331401348114014
91,train,7.287878513336182
92,train,7.2734832763671875
93,train,7.277097702026367
94,train,7.242870807647705
95,train,7.245571136474609
96,train,7.205229759216309
97,train,7.137831211090088
98,train,7.184922695159912
99,train,7.170712471008301
100,train,7.113617897033691
100,val,7.144055366516113
100,hellaswag,0.24417446723760208
101,train,7.097087860107422
102,train,7.134494781494141
103,train,7.08620023727417
104,train,7.053434371948242
105,train,7.07919979095459
106,train,7.031363010406494
107,train,7.066565990447998
108,train,7.022322654724121
109,train,7.031833648681641
110,train,7.007763862609863
111,train,7.007112503051758
112,train,6.9735798835754395
113,train,6.986482620239258
114,train,6.942936420440674
115,train,6.932515621185303
116,train,6.920385360717773
117,train,6.875324249267578
118,train,6.914938926696777
119,train,6.839508533477783
120,train,6.874023914337158
121,train,6.860180854797363
122,train,6.849001884460449
123,train,6.832735061645508
124,train,6.8202009201049805
125,train,6.782428741455078
126,train,6.795259475708008
127,train,6.806553840637207
128,train,6.789205551147461
129,train,6.7817277908325195
130,train,6.779958724975586
131,train,6.743154525756836
132,train,6.771275997161865
133,train,6.71019172668457
134,train,6.745874881744385
135,train,6.714351654052734
136,train,6.6998796463012695
137,train,6.697055816650391
138,train,6.683579921722412
139,train,6.66736364364624
140,train,6.693804740905762
141,train,6.698177337646484
142,train,6.64179801940918
143,train,6.603118419647217
144,train,6.644298076629639
145,train,6.653018951416016
146,train,6.608419418334961
147,train,6.58847713470459
148,train,6.607722282409668
149,train,6.583433628082275
150,train,6.593841552734375
151,train,6.601813316345215
152,train,6.584995269775391
153,train,6.544917583465576
154,train,6.531142234802246
155,train,6.563830375671387
156,train,6.555963039398193
157,train,6.526298522949219
158,train,6.500119209289551
159,train,6.516852378845215
160,train,6.507301330566406
161,train,6.5083513259887695
162,train,6.488085746765137
163,train,6.488085746765137
164,train,6.454855918884277
165,train,6.4597063064575195
166,train,6.46873664855957
167,train,6.481863975524902
168,train,6.452783584594727
169,train,6.457037925720215
170,train,6.462967395782471
171,train,6.451267242431641
172,train,6.440729141235352
173,train,6.458641052246094
174,train,6.429576873779297
175,train,6.387378215789795
176,train,6.4088921546936035
177,train,6.388908386230469
178,train,6.380466938018799
179,train,6.389244079589844
180,train,6.353047847747803
181,train,6.378999710083008
182,train,6.395846366882324
183,train,6.401295185089111
184,train,6.409065246582031
185,train,6.400558948516846
186,train,6.3562798500061035
187,train,6.347537517547607
188,train,6.353233337402344
189,train,6.379608154296875
190,train,6.370738506317139
191,train,6.347211837768555
192,train,6.352748870849609
193,train,6.369112491607666
194,train,6.325961112976074
195,train,6.329302787780762
196,train,6.3139119148254395
197,train,6.31827449798584
198,train,6.311906337738037
199,train,6.31626558303833
200,train,6.279494285583496
200,val,6.313836097717285
200,hellaswag,0.2453694483170683
201,train,6.315033435821533
202,train,6.27061128616333
203,train,6.291182041168213
204,train,6.273350715637207
205,train,6.260847568511963
206,train,6.29872989654541
207,train,6.274153709411621
208,train,6.262134075164795
209,train,6.2595062255859375
210,train,6.2781853675842285
211,train,6.2912068367004395
212,train,6.251350402832031
213,train,6.257441520690918
214,train,6.250965595245361
215,train,6.242753982543945
216,train,6.209986686706543
217,train,6.282927513122559
218,train,6.242336273193359
219,train,6.228381156921387
220,train,6.2372212409973145
221,train,6.2622175216674805
222,train,6.233736991882324
223,train,6.228226661682129
224,train,6.245895862579346
225,train,6.222332000732422
226,train,6.200231552124023
227,train,6.201540470123291
228,train,6.181889533996582
229,train,6.192732334136963
230,train,6.200204849243164
231,train,6.195598602294922
232,train,6.17625617980957
233,train,6.16961669921875
234,train,6.194733619689941
235,train,6.1687750816345215
236,train,6.156343460083008
237,train,6.168884754180908
238,train,6.128296375274658
239,train,6.14488410949707
240,train,6.153508186340332
241,train,6.136997222900391
242,train,6.15831184387207
243,train,6.1423492431640625
244,train,6.105680465698242
245,train,6.158779144287109
246,train,6.128664016723633
247,train,6.119330406188965
248,train,6.1443328857421875
249,train,6.155224800109863
250,train,6.11376428604126
251,train,6.114528656005859
252,train,6.116286277770996
253,train,6.108434677124023
254,train,6.109241485595703
255,train,6.116382122039795
256,train,6.067452430725098
257,train,6.1101179122924805
258,train,6.10432243347168
259,train,6.106933116912842
260,train,6.053197383880615
261,train,6.027321815490723
262,train,6.086554527282715
263,train,6.082158088684082
264,train,6.107705116271973
265,train,6.074803352355957
266,train,6.029177188873291
267,train,6.05252742767334
268,train,6.040648460388184
269,train,6.037652969360352
270,train,6.043976783752441
271,train,6.060877323150635
272,train,6.028265476226807
273,train,6.036420822143555
274,train,6.024698257446289
275,train,6.034026145935059
276,train,6.03211784362793
277,train,6.024038791656494
278,train,5.982810020446777
279,train,5.995632171630859
280,train,6.005482196807861
281,train,6.028689384460449
282,train,5.999178886413574
283,train,5.979102611541748
284,train,6.004398345947266
285,train,5.982372283935547
286,train,6.008945941925049
287,train,5.987513542175293
288,train,5.984354019165039
289,train,5.980785369873047
290,train,5.985944747924805
291,train,5.9698486328125
292,train,5.959504127502441
293,train,5.961045265197754
294,train,5.992791175842285
295,train,5.986424446105957
296,train,5.966225624084473
297,train,5.9519944190979
298,train,5.968611717224121
299,train,5.950021743774414
300,train,5.965245723724365
300,val,5.939138889312744
300,hellaswag,0.24039036048595896
301,train,5.927414894104004
302,train,5.9440693855285645
303,train,5.936138153076172
304,train,5.9487199783325195
305,train,5.916111946105957
306,train,5.943964958190918
307,train,5.951957702636719
308,train,5.923844814300537
309,train,5.94451379776001
310,train,5.929187297821045
311,train,5.894379138946533
312,train,5.901921272277832
313,train,5.908679008483887
314,train,5.900457859039307
315,train,5.902979850769043
316,train,5.910984516143799
317,train,5.8935041427612305
318,train,5.866276741027832
319,train,5.88796329498291
320,train,5.876218318939209
321,train,5.875648498535156
322,train,5.887460708618164
323,train,5.884576320648193
324,train,5.857881546020508
325,train,5.8774800300598145
326,train,5.87317419052124
327,train,5.851953029632568
328,train,5.868192672729492
329,train,5.820973873138428
330,train,5.854234218597412
331,train,5.837830543518066
332,train,5.826939582824707
333,train,5.858830451965332
334,train,5.847002983093262
335,train,5.846546173095703
336,train,5.813963890075684
337,train,5.866493225097656
338,train,5.801398754119873
339,train,5.814426422119141
340,train,5.792637825012207
341,train,5.794764518737793
342,train,5.783644676208496
343,train,5.770605087280273
344,train,5.822445869445801
345,train,5.761503219604492
346,train,5.794588088989258
347,train,5.765316009521484
348,train,5.750619888305664
349,train,5.787688732147217
350,train,5.73872709274292
351,train,5.718713760375977
352,train,5.742722511291504
353,train,5.760189056396484
354,train,5.78118896484375
355,train,5.7581257820129395
356,train,5.7652363777160645
357,train,5.762094497680664
358,train,5.7350239753723145
359,train,5.748894691467285
360,train,5.742275238037109
361,train,5.734241485595703
362,train,5.756331443786621
363,train,5.728686809539795
364,train,5.708806037902832
365,train,5.739302158355713
366,train,5.717629909515381
367,train,5.673874378204346
368,train,5.754539966583252
369,train,5.724520683288574
370,train,5.742560386657715
371,train,5.692611217498779
372,train,5.687158584594727
373,train,5.713340759277344
374,train,5.665966033935547
375,train,5.689887523651123
376,train,5.67579460144043
377,train,5.695425987243652
378,train,5.69488000869751
379,train,5.631418228149414
380,train,5.6759490966796875
381,train,5.629858016967773
382,train,5.653271198272705
383,train,5.6575727462768555
384,train,5.658198833465576
385,train,5.632576942443848
386,train,5.624964714050293
387,train,5.633711814880371
388,train,5.643570423126221
389,train,5.60967493057251
390,train,5.622229099273682
391,train,5.632450103759766
392,train,5.615265846252441
393,train,5.618640422821045
394,train,5.614107131958008
395,train,5.615547180175781
396,train,5.599576950073242
397,train,5.568102836608887
398,train,5.599919319152832
399,train,5.582017421722412
400,train,5.582474708557129
400,val,5.595559120178223
400,hellaswag,0.24068910575582553
401,train,5.606956958770752
402,train,5.602299213409424
403,train,5.579280376434326
404,train,5.5865092277526855
405,train,5.556048393249512
406,train,5.57865047454834
407,train,5.570149898529053
408,train,5.560135841369629
409,train,5.579484939575195
410,train,5.5456013679504395
411,train,5.56254768371582
412,train,5.553979873657227
413,train,5.588109016418457
414,train,5.559404373168945
415,train,5.541722774505615
416,train,5.548160552978516
417,train,5.531826972961426
418,train,5.528135299682617
419,train,5.530442237854004
420,train,5.522599697113037
421,train,5.5262451171875
422,train,5.502532005310059
423,train,5.501562118530273
424,train,5.47320556640625
425,train,5.520902156829834
426,train,5.492364883422852
427,train,5.532802581787109
428,train,5.506990909576416
429,train,5.501601219177246
430,train,5.479257106781006
431,train,5.470837593078613
432,train,5.493046283721924
433,train,5.485970497131348
434,train,5.473583221435547
435,train,5.507621765136719
436,train,5.498910903930664
437,train,5.504602432250977
438,train,5.466816425323486
439,train,5.4678874015808105
440,train,5.476251125335693
441,train,5.46699333190918
442,train,5.450660705566406
443,train,5.445825099945068
444,train,5.4614667892456055
445,train,5.434003829956055
446,train,5.454607963562012
447,train,5.4406328201293945
448,train,5.443317890167236
449,train,5.456442356109619
450,train,5.432136058807373
451,train,5.440227508544922
452,train,5.402656078338623
453,train,5.395740985870361
454,train,5.408836841583252
455,train,5.41562557220459
456,train,5.383646011352539
457,train,5.417942047119141
458,train,5.399604320526123
459,train,5.383224010467529
460,train,5.3611249923706055
461,train,5.389427185058594
462,train,5.352455139160156
463,train,5.3522748947143555
464,train,5.372452259063721
465,train,5.3896589279174805
466,train,5.405248641967773
467,train,5.392299175262451
468,train,5.351949691772461
469,train,5.3493571281433105
470,train,5.359023094177246
471,train,5.3468708992004395
472,train,5.354131698608398
473,train,5.378667831420898
474,train,5.37541389465332
475,train,5.346722602844238
476,train,5.340916156768799
477,train,5.362673759460449
478,train,5.358206748962402
479,train,5.329172134399414
480,train,5.342606544494629
481,train,5.354693412780762
482,train,5.315235137939453
483,train,5.328017234802246
484,train,5.313633918762207
485,train,5.323757171630859
486,train,5.309445381164551
487,train,5.3132195472717285
488,train,5.309575080871582
489,train,5.3187971115112305
490,train,5.305714130401611
491,train,5.297211647033691
492,train,5.294239521026611
493,train,5.302438259124756
494,train,5.296752452850342
495,train,5.285910606384277
496,train,5.279170036315918
497,train,5.314610481262207
498,train,5.295445442199707
499,train,5.294778347015381
500,train,5.295704364776611
500,val,5.286880016326904
500,hellaswag,0.24258115913164707
501,train,5.256789684295654
502,train,5.2762532234191895
503,train,5.292717456817627
504,train,5.2680206298828125
505,train,5.272357940673828
506,train,5.261605739593506
507,train,5.267080307006836
508,train,5.284601211547852
509,train,5.305841445922852
510,train,5.25520133972168
511,train,5.2818522453308105
512,train,5.233725070953369
513,train,5.280682563781738
514,train,5.239879608154297
515,train,5.234448432922363
516,train,5.203242778778076
517,train,5.254110336303711
518,train,5.2109832763671875
519,train,5.1745500564575195
520,train,5.173824310302734
521,train,5.223837852478027
522,train,5.248262405395508
523,train,5.184024810791016
524,train,5.195013999938965
525,train,5.238141059875488
526,train,5.1805243492126465
527,train,5.197409629821777
528,train,5.172711372375488
529,train,5.175893306732178
530,train,5.1575446128845215
531,train,5.165510654449463
532,train,5.195644378662109
533,train,5.18358039855957
534,train,5.216338157653809
535,train,5.188564777374268
536,train,5.175518035888672
537,train,5.148015975952148
538,train,5.140695571899414
539,train,5.156638145446777
540,train,5.131021499633789
541,train,5.125229835510254
542,train,5.160141944885254
543,train,5.156897068023682
544,train,5.125484943389893
545,train,5.147282123565674
546,train,5.123463153839111
547,train,5.112568378448486
548,train,5.097456932067871
549,train,5.131997108459473
550,train,5.112651348114014
551,train,5.122480392456055
552,train,5.140913009643555
553,train,5.162194728851318
554,train,5.170699119567871
555,train,5.155722618103027
556,train,5.127730369567871
557,train,5.139138698577881
558,train,5.160952568054199
559,train,5.101567268371582
560,train,5.1130218505859375
561,train,5.123966693878174
562,train,5.124011039733887
563,train,5.131861686706543
564,train,5.116170883178711
565,train,5.094853401184082
566,train,5.070703506469727
567,train,5.106073379516602
568,train,5.058716773986816
569,train,5.029784202575684
570,train,5.060276508331299
571,train,5.031692981719971
572,train,5.013592720031738
573,train,5.057197093963623
574,train,5.077062606811523
575,train,5.072772026062012
576,train,5.1049275398254395
577,train,5.089186668395996
578,train,5.072364330291748
579,train,5.062982559204102
580,train,5.103273391723633
581,train,5.091835021972656
582,train,5.065728187561035
583,train,5.065011024475098
584,train,5.043895244598389
585,train,5.01389217376709
586,train,5.049996376037598
587,train,5.043825149536133
588,train,5.060416221618652
589,train,5.03172492980957
590,train,5.06561279296875
591,train,5.054197311401367
592,train,5.022346496582031
593,train,5.015441417694092
594,train,5.0084686279296875
595,train,5.005986213684082
596,train,5.026590347290039
597,train,5.0337371826171875
598,train,5.0333075523376465
599,train,5.0201568603515625
600,train,4.994697570800781
600,val,4.991399765014648
600,hellaswag,0.2393945429197371
601,train,4.979340553283691
602,train,4.995222568511963
603,train,5.009613990783691
604,train,4.9974870681762695
605,train,4.973574161529541
606,train,4.975991249084473
607,train,4.999418258666992
608,train,4.969022274017334
609,train,4.990994453430176
610,train,4.948976993560791
611,train,5.000907897949219
612,train,4.936830997467041
613,train,4.918785572052002
614,train,4.970461845397949
615,train,4.946937084197998
616,train,4.970026969909668
617,train,4.939390659332275
618,train,4.92290735244751
619,train,4.928520202636719
620,train,4.927481174468994
621,train,4.905399322509766
622,train,4.899341583251953
623,train,4.879599571228027
624,train,4.894463062286377
625,train,4.911205768585205
626,train,4.922921657562256
627,train,4.927198886871338
628,train,4.932992935180664
629,train,4.916639804840088
630,train,4.939177989959717
631,train,4.926880836486816
632,train,4.899172782897949
633,train,4.9066667556762695
634,train,4.854606628417969
635,train,4.906337738037109
636,train,4.883586883544922
637,train,4.887753486633301
638,train,4.860424995422363
639,train,4.882815361022949
640,train,4.885800838470459
641,train,4.8452959060668945
642,train,4.860024452209473
643,train,4.919028282165527
644,train,4.86275577545166
645,train,4.867697715759277
646,train,4.850988388061523
647,train,4.8538103103637695
648,train,4.870744228363037
649,train,4.850057601928711
650,train,4.862948894500732
651,train,4.843733310699463
652,train,4.847085475921631
653,train,4.831767559051514
654,train,4.813127517700195
655,train,4.837295055389404
656,train,4.817717552185059
657,train,4.85742712020874
658,train,4.858224391937256
659,train,4.855059623718262
660,train,4.827427387237549
661,train,4.831517219543457
662,train,4.78096866607666
663,train,4.791886329650879
664,train,4.7598772048950195
665,train,4.746197700500488
666,train,4.78904914855957
667,train,4.792758941650391
668,train,4.796370506286621
669,train,4.817077159881592
670,train,4.810103893280029
671,train,4.764443397521973
672,train,4.800832271575928
673,train,4.782388687133789
674,train,4.759319305419922
675,train,4.78755521774292
676,train,4.789854049682617
677,train,4.801854610443115
678,train,4.79483699798584
679,train,4.764328956604004
680,train,4.783680438995361
681,train,4.785445690155029
682,train,4.8172101974487305
683,train,4.7414984703063965
684,train,4.780920028686523
685,train,4.770856857299805
686,train,4.742275238037109
687,train,4.799016952514648
688,train,4.769898414611816
689,train,4.7667436599731445
690,train,4.734013557434082
691,train,4.736965179443359
692,train,4.732207298278809
693,train,4.749927043914795
694,train,4.712347030639648
695,train,4.727349281311035
696,train,4.747278690338135
697,train,4.690544128417969
698,train,4.699620246887207
699,train,4.716409683227539
700,train,4.710857391357422
700,val,4.683431625366211
700,hellaswag,0.24307906791475803
701,train,4.693294048309326
702,train,4.744934558868408
703,train,4.692968368530273
704,train,4.654175758361816
705,train,4.668880939483643
706,train,4.661478519439697
707,train,4.66185188293457
708,train,4.71208381652832
709,train,4.677524566650391
710,train,4.6780009269714355
711,train,4.666350841522217
712,train,4.63114070892334
713,train,4.631878852844238
714,train,4.625011444091797
715,train,4.647892475128174
716,train,4.619302749633789
717,train,4.650542736053467
718,train,4.621341705322266
719,train,4.663815498352051
720,train,4.678629398345947
721,train,4.64335298538208
722,train,4.658845901489258
723,train,4.669173240661621
724,train,4.640564441680908
725,train,4.6309380531311035
726,train,4.608654022216797
727,train,4.620049476623535
728,train,4.604822158813477
729,train,4.598721504211426
730,train,4.597799301147461
731,train,4.5761566162109375
732,train,4.597114562988281
733,train,4.581026077270508
734,train,4.603554725646973
735,train,4.604489326477051
736,train,4.582921504974365
737,train,4.553694725036621
738,train,4.574831485748291
739,train,4.594505786895752
740,train,4.56387996673584
741,train,4.552675724029541
742,train,4.560225486755371
743,train,4.593436241149902
744,train,4.598232746124268
745,train,4.562520980834961
746,train,4.5554304122924805
747,train,4.566170692443848
748,train,4.601943016052246
749,train,4.5414958000183105
750,train,4.550681114196777
751,train,4.532437324523926
752,train,4.535667419433594
753,train,4.546080589294434
754,train,4.527958393096924
755,train,4.4996418952941895
756,train,4.537657260894775
757,train,4.5004730224609375
758,train,4.521273612976074
759,train,4.509405136108398
760,train,4.534455299377441
761,train,4.49981689453125
762,train,4.491482257843018
763,train,4.469546318054199
764,train,4.489530563354492
765,train,4.502050876617432
766,train,4.5243449211120605
767,train,4.4922075271606445
768,train,4.507795810699463
769,train,4.498561859130859
770,train,4.484982967376709
771,train,4.492321968078613
772,train,4.478663444519043
773,train,4.488870620727539
774,train,4.511257171630859
775,train,4.503141403198242
776,train,4.479886531829834
777,train,4.458741188049316
778,train,4.45379638671875
779,train,4.45909309387207
780,train,4.448244571685791
781,train,4.45966911315918
782,train,4.462741374969482
783,train,4.449588298797607
784,train,4.46563720703125
785,train,4.467752456665039
786,train,4.464019775390625
787,train,4.422199249267578
788,train,4.456933498382568
789,train,4.427809715270996
790,train,4.430720806121826
791,train,4.421932220458984
792,train,4.424760341644287
793,train,4.402144432067871
794,train,4.414545059204102
795,train,4.421743392944336
796,train,4.4539690017700195
797,train,4.438464164733887
798,train,4.450080394744873
799,train,4.439142227172852
800,train,4.396162033081055
800,val,4.4036455154418945
800,hellaswag,0.25144393547102173
801,train,4.446314811706543
802,train,4.4294633865356445
803,train,4.429876327514648
804,train,4.378815650939941
805,train,4.4095048904418945
806,train,4.39360237121582
807,train,4.383028030395508
808,train,4.377816677093506
809,train,4.411933898925781
810,train,4.3780293464660645
811,train,4.386612415313721
812,train,4.395355701446533
813,train,4.381852149963379
814,train,4.391458511352539
815,train,4.40459680557251
816,train,4.393777847290039
817,train,4.397911071777344
818,train,4.376110076904297
819,train,4.368978023529053
820,train,4.356444835662842
821,train,4.34855842590332
822,train,4.341606616973877
823,train,4.3445940017700195
824,train,4.3634796142578125
825,train,4.336138725280762
826,train,4.35469913482666
827,train,4.371419429779053
828,train,4.350420951843262
829,train,4.373970985412598
830,train,4.32676362991333
831,train,4.292362213134766
832,train,4.34810733795166
833,train,4.321497917175293
834,train,4.308019638061523
835,train,4.299406051635742
836,train,4.291811943054199
837,train,4.3498077392578125
838,train,4.355739593505859
839,train,4.339433193206787
840,train,4.3183183670043945
841,train,4.344758033752441
842,train,4.331302165985107
843,train,4.346687316894531
844,train,4.350973606109619
845,train,4.3543381690979
846,train,4.336576461791992
847,train,4.355588912963867
848,train,4.325077056884766
849,train,4.307598114013672
850,train,4.301408290863037
851,train,4.3081769943237305
852,train,4.301315784454346
853,train,4.276363372802734
854,train,4.302811622619629
855,train,4.2995924949646
856,train,4.300487041473389
857,train,4.297523498535156
858,train,4.286411762237549
859,train,4.25480842590332
860,train,4.280880928039551
861,train,4.3032121658325195
862,train,4.339419841766357
863,train,4.296301364898682
864,train,4.277103900909424
865,train,4.308537483215332
866,train,4.297118186950684
867,train,4.272098064422607
868,train,4.273138523101807
869,train,4.284946441650391
870,train,4.267758369445801
871,train,4.267773151397705
872,train,4.2671308517456055
873,train,4.261921405792236
874,train,4.2696356773376465
875,train,4.239292144775391
876,train,4.2412495613098145
877,train,4.280956268310547
878,train,4.247638702392578
879,train,4.265990257263184
880,train,4.2674055099487305
881,train,4.254846096038818
882,train,4.238103866577148
883,train,4.215334892272949
884,train,4.2255330085754395
885,train,4.256547927856445
886,train,4.2221174240112305
887,train,4.268268585205078
888,train,4.27609920501709
889,train,4.253942489624023
890,train,4.289697647094727
891,train,4.25941801071167
892,train,4.234020709991455
893,train,4.229732513427734
894,train,4.208853721618652
895,train,4.2288031578063965
896,train,4.2084174156188965
897,train,4.196455001831055
898,train,4.254695892333984
899,train,4.219812870025635
900,train,4.213475227355957
900,val,4.196282386779785
900,hellaswag,0.24965146385182235
901,train,4.2057952880859375
902,train,4.193220138549805
903,train,4.208741188049316
904,train,4.177129745483398
905,train,4.216535568237305
906,train,4.199126243591309
907,train,4.223584175109863
908,train,4.270191192626953
909,train,4.20818567276001
910,train,4.202169895172119
911,train,4.233069896697998
912,train,4.226244926452637
913,train,4.186643600463867
914,train,4.223320007324219
915,train,4.23503303527832
916,train,4.215315818786621
917,train,4.198594570159912
918,train,4.18649435043335
919,train,4.188865661621094
920,train,4.217045783996582
921,train,4.200430870056152
922,train,4.194159984588623
923,train,4.202828407287598
924,train,4.1798787117004395
925,train,4.184981346130371
926,train,4.188953399658203
927,train,4.183635711669922
928,train,4.209092140197754
929,train,4.131278038024902
930,train,4.166304588317871
931,train,4.175477504730225
932,train,4.174595832824707
933,train,4.207937240600586
934,train,4.14518928527832
935,train,4.180965423583984
936,train,4.15977668762207
937,train,4.168671131134033
938,train,4.129714488983154
939,train,4.17241096496582
940,train,4.137709617614746
941,train,4.157917022705078
942,train,4.162353038787842
943,train,4.164551734924316
944,train,4.1874799728393555
945,train,4.152327537536621
946,train,4.148978233337402
947,train,4.173263072967529
948,train,4.162681579589844
949,train,4.1383957862854
950,train,4.177394866943359
951,train,4.161246299743652
952,train,4.144167900085449
953,train,4.159416198730469
954,train,4.168720722198486
955,train,4.166742324829102
956,train,4.146025657653809
957,train,4.159174919128418
958,train,4.1506757736206055
959,train,4.178242206573486
960,train,4.200872421264648
961,train,4.124428749084473
962,train,4.127939224243164
963,train,4.158354759216309
964,train,4.135809898376465
965,train,4.154197692871094
966,train,4.135417938232422
967,train,4.129619598388672
968,train,4.154128074645996
969,train,4.15244197845459
970,train,4.118817329406738
971,train,4.139434814453125
972,train,4.133955955505371
973,train,4.159865379333496
974,train,4.133645057678223
975,train,4.127692222595215
976,train,4.102948188781738
977,train,4.103694915771484
978,train,4.08343505859375
979,train,4.075697898864746
980,train,4.075892448425293
981,train,4.1425395011901855
982,train,4.105892658233643
983,train,4.155011177062988
984,train,4.1547017097473145
985,train,4.141191482543945
986,train,4.098179817199707
987,train,4.123352527618408
988,train,4.112491607666016
989,train,4.113232612609863
990,train,4.098081111907959
991,train,4.116577625274658
992,train,4.076141357421875
993,train,4.1259260177612305
994,train,4.11229944229126
995,train,4.093695163726807
996,train,4.1320600509643555
997,train,4.140175819396973
998,train,4.11432409286499
999,train,4.150041103363037
1000,train,4.139935493469238
1000,val,4.114254951477051
1000,hellaswag,0.2506472814180442
1001,train,4.134873867034912
1002,train,4.128538608551025
1003,train,4.12103796005249
1004,train,4.0920915603637695
1005,train,4.104111194610596
1006,train,4.080172538757324
1007,train,4.095282077789307
1008,train,4.11014986038208
1009,train,4.0653181076049805
1010,train,4.0614213943481445
1011,train,4.100680351257324
1012,train,4.0777106285095215
1013,train,4.031867504119873
1014,train,4.069746017456055
1015,train,4.090545654296875
1016,train,4.055612087249756
1017,train,4.062097549438477
1018,train,4.073296546936035
1019,train,4.071678161621094
1020,train,4.090232849121094
1021,train,4.041396617889404
1022,train,4.0486297607421875
1023,train,4.083759307861328
1024,train,4.051261901855469
1025,train,4.06405782699585
1026,train,4.069164276123047
1027,train,4.05885124206543
1028,train,4.041419982910156
1029,train,4.07747745513916
1030,train,4.0686116218566895
1031,train,4.084179878234863
1032,train,4.0677409172058105
1033,train,4.043892860412598
1034,train,4.058285236358643
1035,train,4.072947025299072
1036,train,4.038668632507324
1037,train,4.047245025634766
1038,train,4.052677631378174
1039,train,4.0359086990356445
1040,train,4.055819988250732
1041,train,4.077132225036621
1042,train,4.038843631744385
1043,train,4.055065155029297
1044,train,4.04971981048584
1045,train,4.031825065612793
1046,train,4.069091796875
1047,train,4.046894073486328
1048,train,4.030547142028809
1049,train,4.016286373138428
1050,train,4.014395713806152
1051,train,4.042754650115967
1052,train,4.061514854431152
1053,train,4.006289958953857
1054,train,4.076295852661133
1055,train,4.029543399810791
1056,train,4.088336944580078
1057,train,4.054888725280762
1058,train,4.047837734222412
1059,train,4.055980682373047
1060,train,4.038187026977539
1061,train,4.0096588134765625
1062,train,4.064373970031738
1063,train,4.028801918029785
1064,train,4.041642189025879
1065,train,4.01786994934082
1066,train,4.0359320640563965
1067,train,3.982239246368408
1068,train,4.03287935256958
1069,train,4.041349411010742
1070,train,4.001350402832031
1071,train,4.032802581787109
1072,train,4.050262451171875
1073,train,3.9994759559631348
1074,train,4.026297569274902
1075,train,4.034902095794678
1076,train,4.020209312438965
1077,train,4.02185583114624
1078,train,4.037278175354004
1079,train,4.052905082702637
1080,train,4.053102016448975
1081,train,3.9812979698181152
1082,train,3.9907264709472656
1083,train,4.021677017211914
1084,train,4.021302700042725
1085,train,4.011445045471191
1086,train,4.0125298500061035
1087,train,4.004561424255371
1088,train,4.019089698791504
1089,train,4.015200614929199
1090,train,4.005159378051758
1091,train,3.9974582195281982
1092,train,4.012409210205078
1093,train,4.01634407043457
1094,train,3.9770917892456055
1095,train,4.022284507751465
1096,train,4.001816749572754
1097,train,3.992441177368164
1098,train,3.9796900749206543
1099,train,3.997220277786255
1100,train,3.9999423027038574
1100,val,4.003597259521484
1100,hellaswag,0.25562636924915355
1101,train,4.024516582489014
1102,train,4.020017623901367
1103,train,4.0139288902282715
1104,train,4.00794792175293
1105,train,3.9900832176208496
1106,train,3.9949898719787598
1107,train,3.9770658016204834
1108,train,3.9785616397857666
1109,train,3.9769277572631836
1110,train,3.9581527709960938
1111,train,3.9997501373291016
1112,train,3.9860877990722656
1113,train,3.9978790283203125
1114,train,4.01509428024292
1115,train,4.009842872619629
1116,train,4.0119948387146
1117,train,3.991823673248291
1118,train,4.010430335998535
1119,train,3.9672412872314453
1120,train,3.9858508110046387
1121,train,3.9437875747680664
1122,train,3.9723238945007324
1123,train,3.955775260925293
1124,train,3.9447264671325684
1125,train,3.9650979042053223
1126,train,3.977226972579956
1127,train,3.994666576385498
1128,train,4.004909515380859
1129,train,3.94281005859375
1130,train,3.9775545597076416
1131,train,3.9581003189086914
1132,train,3.964874029159546
1133,train,3.9748024940490723
1134,train,3.9780631065368652
1135,train,4.010953426361084
1136,train,3.9334053993225098
1137,train,3.981660842895508
1138,train,3.9452896118164062
1139,train,3.9264650344848633
1140,train,3.938340425491333
1141,train,3.966984748840332
1142,train,3.976752281188965
1143,train,4.01617431640625
1144,train,4.006627082824707
1145,train,3.997554063796997
1146,train,4.038405895233154
1147,train,4.015591621398926
1148,train,4.025465488433838
1149,train,4.028761863708496
1150,train,3.9979958534240723
1151,train,3.9698851108551025
1152,train,3.974895715713501
1153,train,3.9935150146484375
1154,train,3.9879584312438965
1155,train,3.9908738136291504
1156,train,4.014184474945068
1157,train,3.9875998497009277
1158,train,3.9849369525909424
1159,train,3.986576557159424
1160,train,3.998699188232422
1161,train,3.9668943881988525
1162,train,3.9702560901641846
1163,train,3.9747283458709717
1164,train,3.9767940044403076
1165,train,3.973792314529419
1166,train,3.953303575515747
1167,train,3.9805798530578613
1168,train,3.9632978439331055
1169,train,3.9943766593933105
1170,train,3.930720329284668
1171,train,3.964003562927246
1172,train,3.9273571968078613
1173,train,3.93454647064209
1174,train,3.9709768295288086
1175,train,3.9230551719665527
1176,train,3.969647169113159
1177,train,3.9271275997161865
1178,train,3.955286979675293
1179,train,3.9519810676574707
1180,train,3.926267623901367
1181,train,3.962153911590576
1182,train,3.9382312297821045
1183,train,3.9388020038604736
1184,train,3.9316601753234863
1185,train,3.9126265048980713
1186,train,3.9528632164001465
1187,train,3.90423846244812
1188,train,3.951749324798584
1189,train,3.957967758178711
1190,train,3.9625332355499268
1191,train,3.9292054176330566
1192,train,3.902622938156128
1193,train,3.9271817207336426
1194,train,3.9427552223205566
1195,train,3.978175163269043
1196,train,3.9344327449798584
1197,train,3.9459614753723145
1198,train,3.9700927734375
1199,train,3.9832777976989746
1200,train,3.943185806274414
1200,val,3.92387056350708
1200,hellaswag,0.2566221868153754
1201,train,3.949554920196533
1202,train,3.9276576042175293
1203,train,3.9205687046051025
1204,train,3.912520408630371
1205,train,3.968592405319214
1206,train,3.9253344535827637
1207,train,3.9221410751342773
1208,train,3.9011306762695312
1209,train,3.9239115715026855
1210,train,3.949803352355957
1211,train,3.900890350341797
1212,train,3.9542245864868164
1213,train,3.9267048835754395
1214,train,3.937267780303955
1215,train,3.9401488304138184
1216,train,3.9414870738983154
1217,train,3.9215493202209473
1218,train,3.9160842895507812
1219,train,3.9149978160858154
1220,train,3.8893487453460693
1221,train,3.9141950607299805
1222,train,3.923976421356201
1223,train,3.8818678855895996
1224,train,3.9183778762817383
1225,train,3.943410873413086
1226,train,3.9140267372131348
1227,train,3.9285526275634766
1228,train,3.9304490089416504
1229,train,3.944888114929199
1230,train,3.9128947257995605
1231,train,3.9327964782714844
1232,train,3.9236886501312256
1233,train,3.9287657737731934
1234,train,3.9399423599243164
1235,train,3.89176082611084
1236,train,3.879028081893921
1237,train,3.954282522201538
1238,train,3.885509967803955
1239,train,3.8991305828094482
1240,train,3.9200737476348877
1241,train,3.9297871589660645
1242,train,3.9116604328155518
1243,train,3.9091413021087646
1244,train,3.8921585083007812
1245,train,3.9040143489837646
1246,train,3.8967206478118896
1247,train,3.9298300743103027
1248,train,3.8886547088623047
1249,train,3.9385547637939453
1250,train,3.8830511569976807
1251,train,3.9215869903564453
1252,train,3.89660906791687
1253,train,3.8935747146606445
1254,train,3.9385170936584473
1255,train,3.8936400413513184
1256,train,3.8888840675354004
1257,train,3.9142684936523438
1258,train,3.9100265502929688
1259,train,3.8855576515197754
1260,train,3.8726916313171387
1261,train,3.8881688117980957
1262,train,3.872738838195801
1263,train,3.9033427238464355
1264,train,3.8805718421936035
1265,train,3.876492977142334
1266,train,3.884077548980713
1267,train,3.88927960395813
1268,train,3.883816957473755
1269,train,3.887411594390869
1270,train,3.9171431064605713
1271,train,3.8891022205352783
1272,train,3.925762414932251
1273,train,3.881558895111084
1274,train,3.8681447505950928
1275,train,3.866732358932495
1276,train,3.877641201019287
1277,train,3.8886194229125977
1278,train,3.911576747894287
1279,train,3.882105827331543
1280,train,3.885072708129883
1281,train,3.8677427768707275
1282,train,3.8928539752960205
1283,train,3.8901844024658203
1284,train,3.88674259185791
1285,train,3.8701653480529785
1286,train,3.8578624725341797
1287,train,3.856006622314453
1288,train,3.881033182144165
1289,train,3.8364970684051514
1290,train,3.846843719482422
1291,train,3.8785629272460938
1292,train,3.8454015254974365
1293,train,3.86755633354187
1294,train,3.880194664001465
1295,train,3.8683314323425293
1296,train,3.8654732704162598
1297,train,3.896479368209839
1298,train,3.8826444149017334
1299,train,3.880133628845215
1300,train,3.8658905029296875
1300,val,3.859560966491699
1300,hellaswag,0.25851424019119695
1301,train,3.873969793319702
1302,train,3.881577968597412
1303,train,3.8707833290100098
1304,train,3.8879098892211914
1305,train,3.8450794219970703
1306,train,3.8425216674804688
1307,train,3.855623245239258
1308,train,3.8491382598876953
1309,train,3.839484691619873
1310,train,3.8519186973571777
1311,train,3.8404557704925537
1312,train,3.8669745922088623
1313,train,3.862037181854248
1314,train,3.8628501892089844
1315,train,3.875192165374756
1316,train,3.8835723400115967
1317,train,3.844517946243286
1318,train,3.8859140872955322
1319,train,3.854844570159912
1320,train,3.876112461090088
1321,train,3.871929883956909
1322,train,3.841721296310425
1323,train,3.8534162044525146
1324,train,3.8854663372039795
1325,train,3.867290735244751
1326,train,3.8892688751220703
1327,train,3.870809316635132
1328,train,3.868652582168579
1329,train,3.8347856998443604
1330,train,3.8705801963806152
1331,train,3.8282628059387207
1332,train,3.8606295585632324
1333,train,3.8638081550598145
1334,train,3.8659472465515137
1335,train,3.8332600593566895
1336,train,3.8704020977020264
1337,train,3.8775644302368164
1338,train,3.8663246631622314
1339,train,3.8707919120788574
1340,train,3.8677444458007812
1341,train,3.8607120513916016
1342,train,3.882236957550049
1343,train,3.908750057220459
1344,train,3.916884660720825
1345,train,3.8602724075317383
1346,train,3.830629587173462
1347,train,3.8323724269866943
1348,train,3.8578014373779297
1349,train,3.8558599948883057
1350,train,3.8754892349243164
1351,train,3.8349995613098145
1352,train,3.9055514335632324
1353,train,3.8555288314819336
1354,train,3.867827892303467
1355,train,3.8739676475524902
1356,train,3.848308801651001
1357,train,3.8724491596221924
1358,train,3.8575925827026367
1359,train,3.8581414222717285
1360,train,3.841242551803589
1361,train,3.878997802734375
1362,train,3.8074817657470703
1363,train,3.859281063079834
1364,train,3.845047950744629
1365,train,3.8827767372131348
1366,train,3.8736395835876465
1367,train,3.852999210357666
1368,train,3.8464603424072266
1369,train,3.8536376953125
1370,train,3.8514695167541504
1371,train,3.815772771835327
1372,train,3.8670411109924316
1373,train,3.8302102088928223
1374,train,3.824387788772583
1375,train,3.8339438438415527
1376,train,3.839337110519409
1377,train,3.8055477142333984
1378,train,3.8647048473358154
1379,train,3.8350677490234375
1380,train,3.8109130859375
1381,train,3.8060901165008545
1382,train,3.821798324584961
1383,train,3.8509416580200195
1384,train,3.865755081176758
1385,train,3.8126747608184814
1386,train,3.8448376655578613
1387,train,3.8118696212768555
1388,train,3.8562307357788086
1389,train,3.8160157203674316
1390,train,3.835998773574829
1391,train,3.842529773712158
1392,train,3.856368064880371
1393,train,3.8207361698150635
1394,train,3.833484411239624
1395,train,3.828111171722412
1396,train,3.826221466064453
1397,train,3.8038859367370605
1398,train,3.8140738010406494
1399,train,3.8284192085266113
1400,train,3.7936320304870605
1400,val,3.795680046081543
1400,hellaswag,0.2591117307309301
1401,train,3.8322079181671143
1402,train,3.791600227355957
1403,train,3.828700304031372
1404,train,3.8220863342285156
1405,train,3.8519716262817383
1406,train,3.7842555046081543
1407,train,3.832805871963501
1408,train,3.8283965587615967
1409,train,3.8276350498199463
1410,train,3.809190273284912
1411,train,3.8016462326049805
1412,train,3.8297524452209473
1413,train,3.815258502960205
1414,train,3.8468542098999023
1415,train,3.8051164150238037
1416,train,3.8084499835968018
1417,train,3.82073974609375
1418,train,3.8049042224884033
1419,train,3.8445472717285156
1420,train,3.801649570465088
1421,train,3.8424642086029053
1422,train,3.8424956798553467
1423,train,3.828733444213867
1424,train,3.8062362670898438
1425,train,3.822791576385498
1426,train,3.8101656436920166
1427,train,3.835498809814453
1428,train,3.8158605098724365
1429,train,3.8022422790527344
1430,train,3.7782602310180664
1431,train,3.782116651535034
1432,train,3.8009023666381836
1433,train,3.8032240867614746
1434,train,3.8072285652160645
1435,train,3.8307480812072754
1436,train,3.8316502571105957
1437,train,3.800804376602173
1438,train,3.7527003288269043
1439,train,3.8033971786499023
1440,train,3.7962160110473633
1441,train,3.8622207641601562
1442,train,3.8209891319274902
1443,train,3.7791996002197266
1444,train,3.8427720069885254
1445,train,3.7938239574432373
1446,train,3.807404041290283
1447,train,3.784827709197998
1448,train,3.8335578441619873
1449,train,3.8165130615234375
1450,train,3.8252758979797363
1451,train,3.8315317630767822
1452,train,3.8278543949127197
1453,train,3.8024215698242188
1454,train,3.818632125854492
1455,train,3.7988672256469727
1456,train,3.8100829124450684
1457,train,3.776644229888916
1458,train,3.830242156982422
1459,train,3.805299997329712
1460,train,3.793309211730957
1461,train,3.7900989055633545
1462,train,3.769608497619629
1463,train,3.8320083618164062
1464,train,3.7932586669921875
1465,train,3.8040976524353027
1466,train,3.828005075454712
1467,train,3.8323538303375244
1468,train,3.775796890258789
1469,train,3.7821805477142334
1470,train,3.833524703979492
1471,train,3.7926526069641113
1472,train,3.7585978507995605
1473,train,3.8009142875671387
1474,train,3.78385329246521
1475,train,3.827359199523926
1476,train,3.818417549133301
1477,train,3.793123960494995
1478,train,3.781215190887451
1479,train,3.833190679550171
1480,train,3.7781875133514404
1481,train,3.793395757675171
1482,train,3.7894153594970703
1483,train,3.7801103591918945
1484,train,3.8105623722076416
1485,train,3.756796360015869
1486,train,3.7761521339416504
1487,train,3.8073174953460693
1488,train,3.813202381134033
1489,train,3.807727336883545
1490,train,3.8193917274475098
1491,train,3.7568600177764893
1492,train,3.811306953430176
1493,train,3.80865478515625
1494,train,3.801971673965454
1495,train,3.8059096336364746
1496,train,3.7974636554718018
1497,train,3.76816987991333
1498,train,3.777570962905884
1499,train,3.7974002361297607
1500,train,3.820366382598877
1500,val,3.7596466541290283
1500,hellaswag,0.2606054570802629
1501,train,3.8088479042053223
1502,train,3.7574946880340576
1503,train,3.7933366298675537
1504,train,3.776115894317627
1505,train,3.80102276802063
1506,train,3.768043041229248
1507,train,3.7414329051971436
1508,train,3.765472888946533
1509,train,3.7861390113830566
1510,train,3.749673366546631
1511,train,3.772127151489258
1512,train,3.7867541313171387
1513,train,3.7506721019744873
1514,train,3.7804501056671143
1515,train,3.793691635131836
1516,train,3.7865982055664062
1517,train,3.7543740272521973
1518,train,3.781283378601074
1519,train,3.781036615371704
1520,train,3.7939023971557617
1521,train,3.7779769897460938
1522,train,3.751635789871216
1523,train,3.7690443992614746
1524,train,3.7794318199157715
1525,train,3.7943100929260254
1526,train,3.7783091068267822
1527,train,3.773422956466675
1528,train,3.774707317352295
1529,train,3.7902822494506836
1530,train,3.790597915649414
1531,train,3.750278949737549
1532,train,3.764122486114502
1533,train,3.783461093902588
1534,train,3.781911849975586
1535,train,3.762603282928467
1536,train,3.8182363510131836
1537,train,3.8105783462524414
1538,train,3.7691116333007812
1539,train,3.7496938705444336
1540,train,3.759718894958496
1541,train,3.7516865730285645
1542,train,3.7896475791931152
1543,train,3.777810573577881
1544,train,3.7992470264434814
1545,train,3.780478000640869
1546,train,3.760831832885742
1547,train,3.8238110542297363
1548,train,3.7760651111602783
1549,train,3.7470433712005615
1550,train,3.765287399291992
1551,train,3.762402057647705
1552,train,3.748929500579834
1553,train,3.732008218765259
1554,train,3.785680055618286
1555,train,3.79199481010437
1556,train,3.7789969444274902
1557,train,3.7574570178985596
1558,train,3.7534642219543457
1559,train,3.7577097415924072
1560,train,3.7480239868164062
1561,train,3.768428087234497
1562,train,3.739287853240967
1563,train,3.797106981277466
1564,train,3.717768669128418
1565,train,3.76833438873291
1566,train,3.7691144943237305
1567,train,3.7261669635772705
1568,train,3.7314553260803223
1569,train,3.7470765113830566
1570,train,3.7555034160614014
1571,train,3.765170097351074
1572,train,3.75595760345459
1573,train,3.7978954315185547
1574,train,3.7610507011413574
1575,train,3.816732883453369
1576,train,3.7378592491149902
1577,train,3.765859603881836
1578,train,3.790626049041748
1579,train,3.793144702911377
1580,train,3.76529598236084
1581,train,3.7799599170684814
1582,train,3.771087408065796
1583,train,3.7662770748138428
1584,train,3.773629665374756
1585,train,3.7483835220336914
1586,train,3.7390637397766113
1587,train,3.775181770324707
1588,train,3.7504971027374268
1589,train,3.7389142513275146
1590,train,3.7615232467651367
1591,train,3.7822163105010986
1592,train,3.762239456176758
1593,train,3.7425947189331055
1594,train,3.7504990100860596
1595,train,3.7111153602600098
1596,train,3.7440266609191895
1597,train,3.7386133670806885
1598,train,3.7527639865875244
1599,train,3.7411744594573975
1600,train,3.7498574256896973
1600,val,3.720306634902954
1600,hellaswag,0.26180043815972914
1601,train,3.7861151695251465
1602,train,3.7620038986206055
1603,train,3.7300515174865723
1604,train,3.7561168670654297
1605,train,3.741455554962158
1606,train,3.7818174362182617
1607,train,3.7367477416992188
1608,train,3.758023262023926
1609,train,3.7617483139038086
1610,train,3.76102614402771
1611,train,3.7514758110046387
1612,train,3.7806901931762695
1613,train,3.7267367839813232
1614,train,3.727473735809326
1615,train,3.7785425186157227
1616,train,3.7387022972106934
1617,train,3.7459163665771484
1618,train,3.754237174987793
1619,train,3.7555482387542725
1620,train,3.7610368728637695
1621,train,3.7313928604125977
1622,train,3.7402822971343994
1623,train,3.724698781967163
1624,train,3.735199451446533
1625,train,3.6948118209838867
1626,train,3.762509822845459
1627,train,3.7665605545043945
1628,train,3.7183761596679688
1629,train,3.7472379207611084
1630,train,3.7511789798736572
1631,train,3.7464094161987305
1632,train,3.7839035987854004
1633,train,3.724116802215576
1634,train,3.703364849090576
1635,train,3.7530388832092285
1636,train,3.7498044967651367
1637,train,3.734976053237915
1638,train,3.7398455142974854
1639,train,3.712615966796875
1640,train,3.714599370956421
1641,train,3.7133233547210693
1642,train,3.7401528358459473
1643,train,3.7447304725646973
1644,train,3.718532085418701
1645,train,3.7138593196868896
1646,train,3.7590761184692383
1647,train,3.727893352508545
1648,train,3.7250030040740967
1649,train,3.7166478633880615
1650,train,3.722433567047119
1651,train,3.703282117843628
1652,train,3.7191131114959717
1653,train,3.7222542762756348
1654,train,3.724608898162842
1655,train,3.734919548034668
1656,train,3.7320542335510254
1657,train,3.7311315536499023
1658,train,3.7747340202331543
1659,train,3.7516443729400635
1660,train,3.7277169227600098
1661,train,3.7266087532043457
1662,train,3.720278263092041
1663,train,3.7622711658477783
1664,train,3.7582461833953857
1665,train,3.7410521507263184
1666,train,3.7048208713531494
1667,train,3.721205472946167
1668,train,3.6917598247528076
1669,train,3.726463794708252
1670,train,3.733201742172241
1671,train,3.7105302810668945
1672,train,3.7135071754455566
1673,train,3.6909549236297607
1674,train,3.7211806774139404
1675,train,3.729414701461792
1676,train,3.744579315185547
1677,train,3.716953992843628
1678,train,3.700971841812134
1679,train,3.703497886657715
1680,train,3.7400922775268555
1681,train,3.689695119857788
1682,train,3.691786050796509
1683,train,3.738051414489746
1684,train,3.728883981704712
1685,train,3.7140862941741943
1686,train,3.7328109741210938
1687,train,3.7330174446105957
1688,train,3.726745128631592
1689,train,3.7062246799468994
1690,train,3.7281508445739746
1691,train,3.703120231628418
1692,train,3.7116522789001465
1693,train,3.7209396362304688
1694,train,3.713230609893799
1695,train,3.689432382583618
1696,train,3.7400355339050293
1697,train,3.705106019973755
1698,train,3.678467035293579
1699,train,3.7084314823150635
1700,train,3.722858428955078
1700,val,3.6839866638183594
1700,hellaswag,0.25562636924915355
1701,train,3.688180923461914
1702,train,3.7193641662597656
1703,train,3.7252159118652344
1704,train,3.694101572036743
1705,train,3.712002754211426
1706,train,3.723541736602783
1707,train,3.7020480632781982
1708,train,3.7318098545074463
1709,train,3.711825132369995
1710,train,3.7223944664001465
1711,train,3.701754093170166
1712,train,3.7041659355163574
1713,train,3.6956048011779785
1714,train,3.6985578536987305
1715,train,3.7098255157470703
1716,train,3.6877729892730713
1717,train,3.730621337890625
1718,train,3.687025308609009
1719,train,3.691822052001953
1720,train,3.7003607749938965
1721,train,3.692314386367798
1722,train,3.737107038497925
1723,train,3.678232431411743
1724,train,3.739938259124756
1725,train,3.716193437576294
1726,train,3.681978702545166
1727,train,3.6851119995117188
1728,train,3.714771032333374
1729,train,3.7396092414855957
1730,train,3.707068681716919
1731,train,3.7135231494903564
1732,train,3.7030727863311768
1733,train,3.7550177574157715
1734,train,3.6943106651306152
1735,train,3.6795666217803955
1736,train,3.6972968578338623
1737,train,3.6810717582702637
1738,train,3.7078778743743896
1739,train,3.720550298690796
1740,train,3.700352191925049
1741,train,3.7415904998779297
1742,train,3.7093048095703125
1743,train,3.6997861862182617
1744,train,3.701295852661133
1745,train,3.6650965213775635
1746,train,3.6904139518737793
1747,train,3.6846256256103516
1748,train,3.7086124420166016
1749,train,3.6909289360046387
1750,train,3.693716526031494
1751,train,3.705911159515381
1752,train,3.6787638664245605
1753,train,3.7218472957611084
1754,train,3.6863434314727783
1755,train,3.6714694499969482
1756,train,3.7340216636657715
1757,train,3.7183258533477783
1758,train,3.690134048461914
1759,train,3.7023606300354004
1760,train,3.7097549438476562
1761,train,3.6805224418640137
1762,train,3.666085720062256
1763,train,3.709165573120117
1764,train,3.6881351470947266
1765,train,3.6696341037750244
1766,train,3.6982336044311523
1767,train,3.680645704269409
1768,train,3.692145824432373
1769,train,3.6907551288604736
1770,train,3.6803765296936035
1771,train,3.7039642333984375
1772,train,3.723754405975342
1773,train,3.711665630340576
1774,train,3.6678526401519775
1775,train,3.6705267429351807
1776,train,3.691330909729004
1777,train,3.6666150093078613
1778,train,3.683457851409912
1779,train,3.7088639736175537
1780,train,3.668200731277466
1781,train,3.68922758102417
1782,train,3.6745481491088867
1783,train,3.6686460971832275
1784,train,3.6747066974639893
1785,train,3.691509485244751
1786,train,3.689047336578369
1787,train,3.6652379035949707
1788,train,3.6519951820373535
1789,train,3.7046661376953125
1790,train,3.6731505393981934
1791,train,3.674938201904297
1792,train,3.677506685256958
1793,train,3.6646459102630615
1794,train,3.6850690841674805
1795,train,3.6898317337036133
1796,train,3.7022457122802734
1797,train,3.6712424755096436
1798,train,3.691513776779175
1799,train,3.6781985759735107
1800,train,3.6576337814331055
1800,val,3.655614137649536
1800,hellaswag,0.26269667396932883
1801,train,3.655393600463867
1802,train,3.6562843322753906
1803,train,3.674372673034668
1804,train,3.670485258102417
1805,train,3.701362133026123
1806,train,3.6498303413391113
1807,train,3.6619222164154053
1808,train,3.737395763397217
1809,train,3.6623501777648926
1810,train,3.686474323272705
1811,train,3.649622678756714
1812,train,3.64762806892395
1813,train,3.6593894958496094
1814,train,3.6776161193847656
1815,train,3.617889642715454
1816,train,3.667222738265991
1817,train,3.6873583793640137
1818,train,3.6723546981811523
1819,train,3.677737236022949
1820,train,3.677043914794922
1821,train,3.6498911380767822
1822,train,3.646951198577881
1823,train,3.7038416862487793
1824,train,3.6785948276519775
1825,train,3.7117230892181396
1826,train,3.6374435424804688
1827,train,3.6841094493865967
1828,train,3.672030448913574
1829,train,3.6680514812469482
1830,train,3.6334171295166016
1831,train,3.669459342956543
1832,train,3.6466598510742188
1833,train,3.6678521633148193
1834,train,3.6498522758483887
1835,train,3.6653785705566406
1836,train,3.6998214721679688
1837,train,3.6569714546203613
1838,train,3.6362509727478027
1839,train,3.6686348915100098
1840,train,3.6555979251861572
1841,train,3.654217004776001
1842,train,3.6749114990234375
1843,train,3.645716905593872
1844,train,3.6208598613739014
1845,train,3.618715286254883
1846,train,3.6532483100891113
1847,train,3.6539502143859863
1848,train,3.651374340057373
1849,train,3.665891647338867
1850,train,3.666781187057495
1851,train,3.6508491039276123
1852,train,3.659860372543335
1853,train,3.6130688190460205
1854,train,3.63333797454834
1855,train,3.6369552612304688
1856,train,3.6347250938415527
1857,train,3.6662425994873047
1858,train,3.684408187866211
1859,train,3.6769344806671143
1860,train,3.651643753051758
1861,train,3.6437196731567383
1862,train,3.649411201477051
1863,train,3.670295238494873
1864,train,3.676788568496704
1865,train,3.6423861980438232
1866,train,3.6261119842529297
1867,train,3.626695156097412
1868,train,3.6778359413146973
1869,train,3.6490066051483154
1870,train,3.6475682258605957
1871,train,3.64394474029541
1872,train,3.6589765548706055
1873,train,3.657518148422241
1874,train,3.651592254638672
1875,train,3.6578357219696045
1876,train,3.6689906120300293
1877,train,3.6669180393218994
1878,train,3.5940866470336914
1879,train,3.6777706146240234
1880,train,3.6548237800598145
1881,train,3.652189254760742
1882,train,3.6197595596313477
1883,train,3.6763768196105957
1884,train,3.5985798835754395
1885,train,3.662393569946289
1886,train,3.6596736907958984
1887,train,3.6500539779663086
1888,train,3.6359150409698486
1889,train,3.6486802101135254
1890,train,3.628403663635254
1891,train,3.6690948009490967
1892,train,3.6117308139801025
1893,train,3.646294593811035
1894,train,3.624779462814331
1895,train,3.629556655883789
1896,train,3.62392520904541
1897,train,3.6367461681365967
1898,train,3.6106631755828857
1899,train,3.643014430999756
1900,train,3.6647229194641113
1900,val,3.6286401748657227
1900,hellaswag,0.26000796654052977
1901,train,3.6137049198150635
1902,train,3.638705253601074
1903,train,3.6377148628234863
1904,train,3.625122547149658
1905,train,3.657991409301758
1906,train,3.635089874267578
1907,train,3.635204792022705
1908,train,3.664083957672119
1909,train,3.671128034591675
1910,train,3.6755897998809814
1911,train,3.6350998878479004
1912,train,3.6498775482177734
1913,train,3.6687769889831543
1914,train,3.6513490676879883
1915,train,3.6110780239105225
1916,train,3.6530256271362305
1917,train,3.689997673034668
1918,train,3.6361560821533203
1919,train,3.6398539543151855
1920,train,3.654954671859741
1921,train,3.6480937004089355
1922,train,3.671508550643921
1923,train,3.660855770111084
1924,train,3.677217483520508
1925,train,3.6650729179382324
1926,train,3.6294338703155518
1927,train,3.675006866455078
1928,train,3.6373116970062256
1929,train,3.6468710899353027
1930,train,3.6530842781066895
1931,train,3.6257524490356445
1932,train,3.655872106552124
1933,train,3.6309242248535156
1934,train,3.658461570739746
1935,train,3.63783597946167
1936,train,3.6513900756835938
1937,train,3.618619441986084
1938,train,3.633620500564575
1939,train,3.674044609069824
1940,train,3.6734468936920166
1941,train,3.624053955078125
1942,train,3.6281633377075195
1943,train,3.619518280029297
1944,train,3.619210720062256
1945,train,3.6530165672302246
1946,train,3.687459707260132
1947,train,3.650357246398926
1948,train,3.652970790863037
1949,train,3.6259405612945557
1950,train,3.6423325538635254
1951,train,3.6429591178894043
1952,train,3.649533271789551
1953,train,3.6393299102783203
1954,train,3.650096893310547
1955,train,3.651020050048828
1956,train,3.6603763103485107
1957,train,3.634127616882324
1958,train,3.6157474517822266
1959,train,3.662360191345215
1960,train,3.6631715297698975
1961,train,3.6248037815093994
1962,train,3.6561121940612793
1963,train,3.6229758262634277
1964,train,3.6142539978027344
1965,train,3.6097419261932373
1966,train,3.6225833892822266
1967,train,3.6403017044067383
1968,train,3.64520001411438
1969,train,3.6409926414489746
1970,train,3.637701988220215
1971,train,3.652623414993286
1972,train,3.62733793258667
1973,train,3.657607078552246
1974,train,3.637059211730957
1975,train,3.606278657913208
1976,train,3.607837677001953
1977,train,3.6089558601379395
1978,train,3.62424373626709
1979,train,3.6278486251831055
1980,train,3.660834789276123
1981,train,3.6058740615844727
1982,train,3.632234811782837
1983,train,3.625838279724121
1984,train,3.608109951019287
1985,train,3.6287500858306885
1986,train,3.613447904586792
1987,train,3.6290431022644043
1988,train,3.654149055480957
1989,train,3.5970075130462646
1990,train,3.6393513679504395
1991,train,3.6441898345947266
1992,train,3.6225926876068115
1993,train,3.6082406044006348
1994,train,3.6396548748016357
1995,train,3.61301589012146
1996,train,3.6352787017822266
1997,train,3.591604232788086
1998,train,3.629848003387451
1999,train,3.645279884338379
2000,train,3.616410255432129
2000,val,3.605571985244751
2000,hellaswag,0.25781716789484166
2001,train,3.6123576164245605
2002,train,3.641815185546875
2003,train,3.643704891204834
2004,train,3.6493804454803467
2005,train,3.6124496459960938
2006,train,3.6355772018432617
2007,train,3.586016893386841
2008,train,3.6471664905548096
2009,train,3.66593074798584
2010,train,3.632930278778076
2011,train,3.620934009552002
2012,train,3.6200666427612305
2013,train,3.629230499267578
2014,train,3.6289710998535156
2015,train,3.5754613876342773
2016,train,3.656522274017334
2017,train,3.636401653289795
2018,train,3.6299641132354736
2019,train,3.632777690887451
2020,train,3.600550651550293
2021,train,3.5765020847320557
2022,train,3.587954521179199
2023,train,3.584458112716675
2024,train,3.650784969329834
2025,train,3.616179943084717
2026,train,3.583052635192871
2027,train,3.6491551399230957
2028,train,3.5963947772979736
2029,train,3.661931037902832
2030,train,3.6280322074890137
2031,train,3.622002601623535
2032,train,3.599226951599121
2033,train,3.592477798461914
2034,train,3.6531789302825928
2035,train,3.627185106277466
2036,train,3.6152305603027344
2037,train,3.6024880409240723
2038,train,3.625274896621704
2039,train,3.6359152793884277
2040,train,3.631821870803833
2041,train,3.615032911300659
2042,train,3.6119117736816406
2043,train,3.58868408203125
2044,train,3.5818610191345215
2045,train,3.6365461349487305
2046,train,3.619323492050171
2047,train,3.610081672668457
2048,train,3.5864689350128174
2049,train,3.587476968765259
2050,train,3.6422505378723145
2051,train,3.613499641418457
2052,train,3.568526268005371
2053,train,3.5857861042022705
2054,train,3.617000102996826
2055,train,3.6253488063812256
2056,train,3.629969835281372
2057,train,3.619356393814087
2058,train,3.6157114505767822
2059,train,3.624363422393799
2060,train,3.628884792327881
2061,train,3.6069018840789795
2062,train,3.6258575916290283
2063,train,3.613982677459717
2064,train,3.613142728805542
2065,train,3.617870807647705
2066,train,3.64294171333313
2067,train,3.5980005264282227
2068,train,3.5766286849975586
2069,train,3.597907543182373
2070,train,3.584822177886963
2071,train,3.607877016067505
2072,train,3.623419761657715
2073,train,3.6153054237365723
2074,train,3.5884034633636475
2075,train,3.6001083850860596
2076,train,3.60585618019104
2077,train,3.601141929626465
2078,train,3.626201868057251
2079,train,3.6010780334472656
2080,train,3.579580783843994
2081,train,3.6025538444519043
2082,train,3.630924940109253
2083,train,3.590766429901123
2084,train,3.6131529808044434
2085,train,3.608386993408203
2086,train,3.60280704498291
2087,train,3.6173453330993652
2088,train,3.5955452919006348
2089,train,3.5788817405700684
2090,train,3.5686254501342773
2091,train,3.612445116043091
2092,train,3.5738072395324707
2093,train,3.597400426864624
2094,train,3.63850998878479
2095,train,3.5856776237487793
2096,train,3.5912859439849854
2097,train,3.590594530105591
2098,train,3.5941061973571777
2099,train,3.5886001586914062
2100,train,3.5920162200927734
2100,val,3.5871901512145996
2100,hellaswag,0.26070503883688506
2101,train,3.6123948097229004
2102,train,3.637307643890381
2103,train,3.610628843307495
2104,train,3.617046594619751
2105,train,3.5966150760650635
2106,train,3.621410369873047
2107,train,3.6007120609283447
2108,train,3.5938992500305176
2109,train,3.6211652755737305
2110,train,3.612119197845459
2111,train,3.5989978313446045
2112,train,3.576507091522217
2113,train,3.5942797660827637
2114,train,3.5934488773345947
2115,train,3.6117043495178223
2116,train,3.5880348682403564
2117,train,3.5956578254699707
2118,train,3.5867795944213867
2119,train,3.61527156829834
2120,train,3.5977134704589844
2121,train,3.605961322784424
2122,train,3.6068506240844727
2123,train,3.6289138793945312
2124,train,3.57275128364563
2125,train,3.622364044189453
2126,train,3.5958685874938965
2127,train,3.605862617492676
2128,train,3.610689640045166
2129,train,3.580254077911377
2130,train,3.5864474773406982
2131,train,3.632112979888916
2132,train,3.5772433280944824
2133,train,3.582681655883789
2134,train,3.617424249649048
2135,train,3.592865467071533
2136,train,3.587662696838379
2137,train,3.628872871398926
2138,train,3.5751893520355225
2139,train,3.6076250076293945
2140,train,3.5876193046569824
2141,train,3.5728261470794678
2142,train,3.5894174575805664
2143,train,3.57647967338562
2144,train,3.5817646980285645
2145,train,3.5369739532470703
2146,train,3.636906623840332
2147,train,3.5761942863464355
2148,train,3.579617977142334
2149,train,3.5706610679626465
2150,train,3.5714213848114014
2151,train,3.6013481616973877
2152,train,3.543083906173706
2153,train,3.605619192123413
2154,train,3.5836026668548584
2155,train,3.571686267852783
2156,train,3.553994655609131
2157,train,3.5944466590881348
2158,train,3.5485007762908936
2159,train,3.589923858642578
2160,train,3.5840702056884766
2161,train,3.583746910095215
2162,train,3.611344337463379
2163,train,3.613130569458008
2164,train,3.5648703575134277
2165,train,3.5988335609436035
2166,train,3.560215950012207
2167,train,3.620262861251831
2168,train,3.5785038471221924
2169,train,3.6063742637634277
2170,train,3.5892467498779297
2171,train,3.5932273864746094
2172,train,3.576836347579956
2173,train,3.5826971530914307
2174,train,3.590700149536133
2175,train,3.5961270332336426
2176,train,3.6144356727600098
2177,train,3.5469727516174316
2178,train,3.5601003170013428
2179,train,3.585904121398926
2180,train,3.553088665008545
2181,train,3.550447940826416
2182,train,3.602909564971924
2183,train,3.5836575031280518
2184,train,3.606806993484497
2185,train,3.5770304203033447
2186,train,3.5699667930603027
2187,train,3.575896739959717
2188,train,3.620421886444092
2189,train,3.5793585777282715
2190,train,3.6137166023254395
2191,train,3.5845346450805664
2192,train,3.566030502319336
2193,train,3.6048192977905273
2194,train,3.5486814975738525
2195,train,3.584967613220215
2196,train,3.5984067916870117
2197,train,3.5499107837677
2198,train,3.5846903324127197
2199,train,3.581162214279175
2200,train,3.5658183097839355
2200,val,3.5607147216796875
2200,hellaswag,0.26329416450906196
2201,train,3.5222244262695312
2202,train,3.563322067260742
2203,train,3.59549880027771
2204,train,3.621333599090576
2205,train,3.5762977600097656
2206,train,3.5633468627929688
2207,train,3.602295398712158
2208,train,3.5786361694335938
2209,train,3.5579934120178223
2210,train,3.56026029586792
2211,train,3.5546083450317383
2212,train,3.5515143871307373
2213,train,3.530735492706299
2214,train,3.5508809089660645
2215,train,3.5622897148132324
2216,train,3.5524184703826904
2217,train,3.5659217834472656
2218,train,3.5318055152893066
2219,train,3.568441152572632
2220,train,3.596740245819092
2221,train,3.5318076610565186
2222,train,3.5293209552764893
2223,train,3.5841493606567383
2224,train,3.564260482788086
2225,train,3.5641424655914307
2226,train,3.603980302810669
2227,train,3.581005573272705
2228,train,3.551852226257324
2229,train,3.5564324855804443
2230,train,3.5572495460510254
2231,train,3.5273821353912354
2232,train,3.586306571960449
2233,train,3.5448858737945557
2234,train,3.5749728679656982
2235,train,3.540339469909668
2236,train,3.5770347118377686
2237,train,3.552534818649292
2238,train,3.549417495727539
2239,train,3.5410919189453125
2240,train,3.5563879013061523
2241,train,3.535869598388672
2242,train,3.544715404510498
2243,train,3.5843002796173096
2244,train,3.5400915145874023
2245,train,3.580822467803955
2246,train,3.566312789916992
2247,train,3.6106066703796387
2248,train,3.596914768218994
2249,train,3.5481176376342773
2250,train,3.579932928085327
2251,train,3.5273709297180176
2252,train,3.5387814044952393
2253,train,3.575763702392578
2254,train,3.5357155799865723
2255,train,3.5819363594055176
2256,train,3.540356159210205
2257,train,3.545288562774658
2258,train,3.5645647048950195
2259,train,3.559346914291382
2260,train,3.557626247406006
2261,train,3.5357632637023926
2262,train,3.5864500999450684
2263,train,3.559638023376465
2264,train,3.54002046585083
2265,train,3.5585741996765137
2266,train,3.581125020980835
2267,train,3.5243847370147705
2268,train,3.5643057823181152
2269,train,3.6036934852600098
2270,train,3.5933992862701416
2271,train,3.596343994140625
2272,train,3.5393242835998535
2273,train,3.542001247406006
2274,train,3.5189905166625977
2275,train,3.5294036865234375
2276,train,3.60971736907959
2277,train,3.560957431793213
2278,train,3.559652328491211
2279,train,3.5492868423461914
2280,train,3.570758819580078
2281,train,3.591501235961914
2282,train,3.560518741607666
2283,train,3.5708746910095215
2284,train,3.559840679168701
2285,train,3.5705413818359375
2286,train,3.5593881607055664
2287,train,3.5516936779022217
2288,train,3.592784881591797
2289,train,3.5676660537719727
2290,train,3.5652542114257812
2291,train,3.593196392059326
2292,train,3.576972246170044
2293,train,3.569958209991455
2294,train,3.5491344928741455
2295,train,3.525186538696289
2296,train,3.5436553955078125
2297,train,3.5560667514801025
2298,train,3.571098566055298
2299,train,3.5706605911254883
2300,train,3.526029586791992
2300,val,3.5437638759613037
2300,hellaswag,0.2649870543716391
2301,train,3.562467336654663
2302,train,3.603242874145508
2303,train,3.573592185974121
2304,train,3.5765440464019775
2305,train,3.5236523151397705
2306,train,3.552560329437256
2307,train,3.566351890563965
2308,train,3.5650956630706787
2309,train,3.532320976257324
2310,train,3.592325448989868
2311,train,3.5426993370056152
2312,train,3.548760414123535
2313,train,3.5465545654296875
2314,train,3.592310905456543
2315,train,3.5717053413391113
2316,train,3.55568265914917
2317,train,3.582423448562622
2318,train,3.5193450450897217
2319,train,3.5646958351135254
2320,train,3.551413059234619
2321,train,3.548464775085449
2322,train,3.5831010341644287
2323,train,3.5529990196228027
2324,train,3.5419211387634277
2325,train,3.5742406845092773
2326,train,3.571512222290039
2327,train,3.588848829269409
2328,train,3.5600295066833496
2329,train,3.5429396629333496
2330,train,3.5415475368499756
2331,train,3.5339231491088867
2332,train,3.5653445720672607
2333,train,3.544090747833252
2334,train,3.5357186794281006
2335,train,3.5537967681884766
2336,train,3.577728033065796
2337,train,3.5911154747009277
2338,train,3.5724616050720215
2339,train,3.551173210144043
2340,train,3.5871710777282715
2341,train,3.5640816688537598
2342,train,3.5743777751922607
2343,train,3.5666074752807617
2344,train,3.539734363555908
2345,train,3.572883367538452
2346,train,3.5294649600982666
2347,train,3.5469844341278076
2348,train,3.5834076404571533
2349,train,3.553696632385254
2350,train,3.5160789489746094
2351,train,3.566025733947754
2352,train,3.5722479820251465
2353,train,3.5965607166290283
2354,train,3.5582168102264404
2355,train,3.560751438140869
2356,train,3.5669572353363037
2357,train,3.5215182304382324
2358,train,3.550466775894165
2359,train,3.569469451904297
2360,train,3.546060562133789
2361,train,3.5326526165008545
2362,train,3.577756881713867
2363,train,3.5606279373168945
2364,train,3.552020788192749
2365,train,3.546499013900757
2366,train,3.5656933784484863
2367,train,3.5520846843719482
2368,train,3.548887252807617
2369,train,3.5560102462768555
2370,train,3.5371861457824707
2371,train,3.5654311180114746
2372,train,3.5414092540740967
2373,train,3.575760841369629
2374,train,3.562527656555176
2375,train,3.542461633682251
2376,train,3.534048557281494
2377,train,3.56156063079834
2378,train,3.537822723388672
2379,train,3.549180507659912
2380,train,3.549830913543701
2381,train,3.564098834991455
2382,train,3.541754722595215
2383,train,3.577155113220215
2384,train,3.5417556762695312
2385,train,3.566131591796875
2386,train,3.541646957397461
2387,train,3.561105251312256
2388,train,3.565810203552246
2389,train,3.5535855293273926
2390,train,3.551321029663086
2391,train,3.556203842163086
2392,train,3.5280933380126953
2393,train,3.5743401050567627
2394,train,3.555950403213501
2395,train,3.560293674468994
2396,train,3.577855348587036
2397,train,3.5366482734680176
2398,train,3.500412940979004
2399,train,3.5639233589172363
2400,train,3.539426803588867
2400,val,3.5229692459106445
2400,hellaswag,0.26488747261501694
2401,train,3.514237642288208
2402,train,3.5410656929016113
2403,train,3.544360637664795
2404,train,3.536247730255127
2405,train,3.531890392303467
2406,train,3.5683465003967285
2407,train,3.4944329261779785
2408,train,3.5500364303588867
2409,train,3.525938034057617
2410,train,3.547257900238037
2411,train,3.5376224517822266
2412,train,3.5297884941101074
2413,train,3.539835214614868
2414,train,3.5241925716400146
2415,train,3.561262369155884
2416,train,3.5369162559509277
2417,train,3.5469982624053955
2418,train,3.5457117557525635
2419,train,3.5608937740325928
2420,train,3.5388259887695312
2421,train,3.555074691772461
2422,train,3.545454502105713
2423,train,3.5715713500976562
2424,train,3.5517051219940186
2425,train,3.589648723602295
2426,train,3.576749563217163
2427,train,3.5029892921447754
2428,train,3.535883903503418
2429,train,3.5402700901031494
2430,train,3.5238027572631836
2431,train,3.5261433124542236
2432,train,3.540074586868286
2433,train,3.5605902671813965
2434,train,3.5220675468444824
2435,train,3.558887481689453
2436,train,3.5474491119384766
2437,train,3.5442848205566406
2438,train,3.515428066253662
2439,train,3.5123870372772217
2440,train,3.5609936714172363
2441,train,3.5467426776885986
2442,train,3.528463125228882
2443,train,3.5560038089752197
2444,train,3.544377326965332
2445,train,3.5564370155334473
2446,train,3.485215187072754
2447,train,3.552371025085449
2448,train,3.5146217346191406
2449,train,3.5272305011749268
2450,train,3.530257225036621
2451,train,3.542090654373169
2452,train,3.5544979572296143
2453,train,3.505096435546875
2454,train,3.5273659229278564
2455,train,3.5416903495788574
2456,train,3.527958869934082
2457,train,3.5406861305236816
2458,train,3.5357611179351807
2459,train,3.503014326095581
2460,train,3.513706684112549
2461,train,3.5612246990203857
2462,train,3.5479938983917236
2463,train,3.5101375579833984
2464,train,3.572359561920166
2465,train,3.5265066623687744
2466,train,3.5170350074768066
2467,train,3.5227625370025635
2468,train,3.5356974601745605
2469,train,3.5224318504333496
2470,train,3.535221815109253
2471,train,3.5236740112304688
2472,train,3.548610210418701
2473,train,3.5298283100128174
2474,train,3.528374195098877
2475,train,3.537809371948242
2476,train,3.5550482273101807
2477,train,3.545680522918701
2478,train,3.5100722312927246
2479,train,3.4835734367370605
2480,train,3.494058132171631
2481,train,3.534696578979492
2482,train,3.558176040649414
2483,train,3.5257134437561035
2484,train,3.544370412826538
2485,train,3.584803342819214
2486,train,3.576773166656494
2487,train,3.5602097511291504
2488,train,3.532949447631836
2489,train,3.5527048110961914
2490,train,3.527279853820801
2491,train,3.503941059112549
2492,train,3.549177646636963
2493,train,3.5326485633850098
2494,train,3.5487582683563232
2495,train,3.530184030532837
2496,train,3.52614164352417
2497,train,3.5553646087646484
2498,train,3.5463695526123047
2499,train,3.504129409790039
2500,train,3.52945613861084
2500,val,3.5108723640441895
2500,hellaswag,0.2614021111332404
2501,train,3.5449397563934326
2502,train,3.548886775970459
2503,train,3.53838849067688
2504,train,3.50221586227417
2505,train,3.540903091430664
2506,train,3.529672861099243
2507,train,3.5149474143981934
2508,train,3.5418834686279297
2509,train,3.5165529251098633
2510,train,3.544604778289795
2511,train,3.532944917678833
2512,train,3.5198025703430176
2513,train,3.534045696258545
2514,train,3.5275015830993652
2515,train,3.511770725250244
2516,train,3.551825523376465
2517,train,3.5193657875061035
2518,train,3.543722629547119
2519,train,3.5138320922851562
2520,train,3.5355277061462402
2521,train,3.520078420639038
2522,train,3.552830457687378
2523,train,3.55037260055542
2524,train,3.525184154510498
2525,train,3.5179083347320557
2526,train,3.5242807865142822
2527,train,3.514399528503418
2528,train,3.532634973526001
2529,train,3.540966033935547
2530,train,3.559755802154541
2531,train,3.5253400802612305
2532,train,3.5361709594726562
2533,train,3.5215415954589844
2534,train,3.5121142864227295
2535,train,3.5229570865631104
2536,train,3.503732919692993
2537,train,3.5258560180664062
2538,train,3.5285191535949707
2539,train,3.5310230255126953
2540,train,3.5158276557922363
2541,train,3.533757209777832
2542,train,3.5252230167388916
2543,train,3.522411584854126
2544,train,3.5302491188049316
2545,train,3.5531954765319824
2546,train,3.5049619674682617
2547,train,3.4873898029327393
2548,train,3.5364773273468018
2549,train,3.556100606918335
2550,train,3.5304489135742188
2551,train,3.529705047607422
2552,train,3.5114026069641113
2553,train,3.5438735485076904
2554,train,3.5239880084991455
2555,train,3.5353517532348633
2556,train,3.4804749488830566
2557,train,3.5452728271484375
2558,train,3.5171890258789062
2559,train,3.516143321990967
2560,train,3.56194806098938
2561,train,3.4928364753723145
2562,train,3.5081896781921387
2563,train,3.5492258071899414
2564,train,3.473787784576416
2565,train,3.52660870552063
2566,train,3.499800205230713
2567,train,3.520437002182007
2568,train,3.5295369625091553
2569,train,3.5548365116119385
2570,train,3.5475404262542725
2571,train,3.5316734313964844
2572,train,3.502464532852173
2573,train,3.5496644973754883
2574,train,3.5121352672576904
2575,train,3.497035503387451
2576,train,3.569167137145996
2577,train,3.541288375854492
2578,train,3.527064323425293
2579,train,3.5297911167144775
2580,train,3.505096673965454
2581,train,3.5324606895446777
2582,train,3.543426275253296
2583,train,3.5018019676208496
2584,train,3.532277822494507
2585,train,3.5641212463378906
2586,train,3.5548512935638428
2587,train,3.538503646850586
2588,train,3.5234057903289795
2589,train,3.5068438053131104
2590,train,3.5400631427764893
2591,train,3.4999537467956543
2592,train,3.5216383934020996
2593,train,3.5218286514282227
2594,train,3.5221774578094482
2595,train,3.4814577102661133
2596,train,3.5169360637664795
2597,train,3.522550344467163
2598,train,3.5268962383270264
2599,train,3.5085086822509766
2600,train,3.5160412788391113
2600,val,3.49937105178833
2600,hellaswag,0.264389563831906
2601,train,3.5324223041534424
2602,train,3.5244579315185547
2603,train,3.525517702102661
2604,train,3.51100492477417
2605,train,3.517115592956543
2606,train,3.5250067710876465
2607,train,3.5134177207946777
2608,train,3.5092344284057617
2609,train,3.4945454597473145
2610,train,3.5085554122924805
2611,train,3.493213176727295
2612,train,3.4843485355377197
2613,train,3.515148639678955
2614,train,3.494262933731079
2615,train,3.562649965286255
2616,train,3.524477005004883
2617,train,3.4882473945617676
2618,train,3.504240036010742
2619,train,3.4918971061706543
2620,train,3.539766788482666
2621,train,3.571174144744873
2622,train,3.486558198928833
2623,train,3.537971019744873
2624,train,3.5366005897521973
2625,train,3.524152994155884
2626,train,3.5296273231506348
2627,train,3.5500574111938477
2628,train,3.5153965950012207
2629,train,3.51950740814209
2630,train,3.5162153244018555
2631,train,3.5513789653778076
2632,train,3.517099380493164
2633,train,3.5535974502563477
2634,train,3.4929258823394775
2635,train,3.4709622859954834
2636,train,3.5218944549560547
2637,train,3.497795581817627
2638,train,3.4916701316833496
2639,train,3.504040241241455
2640,train,3.519361734390259
2641,train,3.52506947517395
2642,train,3.5070009231567383
2643,train,3.482057571411133
2644,train,3.499037742614746
2645,train,3.5111241340637207
2646,train,3.4835472106933594
2647,train,3.5156192779541016
2648,train,3.514845371246338
2649,train,3.5281050205230713
2650,train,3.5077202320098877
2651,train,3.528332233428955
2652,train,3.477033853530884
2653,train,3.5314457416534424
2654,train,3.503089427947998
2655,train,3.509509563446045
2656,train,3.505441188812256
2657,train,3.4860923290252686
2658,train,3.534348964691162
2659,train,3.459151268005371
2660,train,3.470106601715088
2661,train,3.517094612121582
2662,train,3.5264077186584473
2663,train,3.5169668197631836
2664,train,3.514622926712036
2665,train,3.4776439666748047
2666,train,3.501272678375244
2667,train,3.525723457336426
2668,train,3.5162291526794434
2669,train,3.50728702545166
2670,train,3.5072274208068848
2671,train,3.4784419536590576
2672,train,3.5044732093811035
2673,train,3.492483377456665
2674,train,3.490115165710449
2675,train,3.4745073318481445
2676,train,3.514834403991699
2677,train,3.4663240909576416
2678,train,3.4903135299682617
2679,train,3.5049045085906982
2680,train,3.4946236610412598
2681,train,3.4613254070281982
2682,train,3.4697136878967285
2683,train,3.4839725494384766
2684,train,3.4928555488586426
2685,train,3.4924190044403076
2686,train,3.4873456954956055
2687,train,3.4807138442993164
2688,train,3.4783198833465576
2689,train,3.493218421936035
2690,train,3.4821503162384033
2691,train,3.4825849533081055
2692,train,3.441481351852417
2693,train,3.508060932159424
2694,train,3.471808671951294
2695,train,3.4789977073669434
2696,train,3.4723663330078125
2697,train,3.4785871505737305
2698,train,3.4594860076904297
2699,train,3.4826035499572754
2700,train,3.4767725467681885
2700,val,3.482774257659912
2700,hellaswag,0.26687910774746065
2701,train,3.4434621334075928
2702,train,3.474390983581543
2703,train,3.4929795265197754
2704,train,3.4547863006591797
2705,train,3.4218316078186035
2706,train,3.460975170135498
2707,train,3.4921140670776367
2708,train,3.477349281311035
2709,train,3.5062599182128906
2710,train,3.4579052925109863
2711,train,3.4563491344451904
2712,train,3.4523792266845703
2713,train,3.4547338485717773
2714,train,3.4407455921173096
2715,train,3.486476421356201
2716,train,3.4681763648986816
2717,train,3.4556949138641357
2718,train,3.462120294570923
2719,train,3.4783782958984375
2720,train,3.4363627433776855
2721,train,3.478602170944214
2722,train,3.4504854679107666
2723,train,3.49212646484375
2724,train,3.4579925537109375
2725,train,3.4250736236572266
2726,train,3.4685070514678955
2727,train,3.472766160964966
2728,train,3.505171775817871
2729,train,3.4767355918884277
2730,train,3.483748197555542
2731,train,3.4614055156707764
2732,train,3.510776996612549
2733,train,3.499906539916992
2734,train,3.4986207485198975
2735,train,3.487248420715332
2736,train,3.463547706604004
2737,train,3.4542272090911865
2738,train,3.469249725341797
2739,train,3.4726595878601074
2740,train,3.506610155105591
2741,train,3.509650707244873
2742,train,3.4460389614105225
2743,train,3.4875073432922363
2744,train,3.4791436195373535
2745,train,3.4481589794158936
2746,train,3.4844679832458496
2747,train,3.465332508087158
2748,train,3.4614789485931396
2749,train,3.447169065475464
2750,train,3.4849934577941895
2751,train,3.4696948528289795
2752,train,3.476874828338623
2753,train,3.4464995861053467
2754,train,3.4316599369049072
2755,train,3.421097993850708
2756,train,3.451775550842285
2757,train,3.45750093460083
2758,train,3.4530258178710938
2759,train,3.456569194793701
2760,train,3.502676486968994
2761,train,3.518535614013672
2762,train,3.4770960807800293
2763,train,3.4475409984588623
2764,train,3.500980854034424
2765,train,3.4404358863830566
2766,train,3.4778788089752197
2767,train,3.4445595741271973
2768,train,3.4630727767944336
2769,train,3.4676830768585205
2770,train,3.455979824066162
2771,train,3.4848294258117676
2772,train,3.452205181121826
2773,train,3.476797580718994
2774,train,3.4507832527160645
2775,train,3.4641928672790527
2776,train,3.454603672027588
2777,train,3.437344551086426
2778,train,3.402477979660034
2779,train,3.4313645362854004
2780,train,3.4777891635894775
2781,train,3.462146759033203
2782,train,3.4323835372924805
2783,train,3.4517006874084473
2784,train,3.4492344856262207
2785,train,3.4620983600616455
2786,train,3.493656635284424
2787,train,3.436734437942505
2788,train,3.4292211532592773
2789,train,3.4347872734069824
2790,train,3.4844276905059814
2791,train,3.4564924240112305
2792,train,3.4343161582946777
2793,train,3.4624969959259033
2794,train,3.4687581062316895
2795,train,3.445071220397949
2796,train,3.4713432788848877
2797,train,3.4735069274902344
2798,train,3.4150757789611816
2799,train,3.4869613647460938
2800,train,3.437310218811035
2800,val,3.470637321472168
2800,hellaswag,0.26548496315475006
2801,train,3.4226937294006348
2802,train,3.4569802284240723
2803,train,3.457832098007202
2804,train,3.4662091732025146
2805,train,3.459380626678467
2806,train,3.4506468772888184
2807,train,3.433000087738037
2808,train,3.464261293411255
2809,train,3.492178440093994
2810,train,3.4381520748138428
2811,train,3.4317305088043213
2812,train,3.4428279399871826
2813,train,3.4509944915771484
2814,train,3.4303741455078125
2815,train,3.4563558101654053
2816,train,3.4336633682250977
2817,train,3.484096050262451
2818,train,3.4200363159179688
2819,train,3.4229989051818848
2820,train,3.412949800491333
2821,train,3.428487777709961
2822,train,3.454787254333496
2823,train,3.4481143951416016
2824,train,3.4474871158599854
2825,train,3.479966640472412
2826,train,3.465655565261841
2827,train,3.45951247215271
2828,train,3.4308090209960938
2829,train,3.4470276832580566
2830,train,3.4672598838806152
2831,train,3.4396016597747803
2832,train,3.470134735107422
2833,train,3.4463016986846924
2834,train,3.453270435333252
2835,train,3.454314708709717
2836,train,3.488880157470703
2837,train,3.4666686058044434
2838,train,3.490398406982422
2839,train,3.436753511428833
2840,train,3.4571895599365234
2841,train,3.4390556812286377
2842,train,3.4673290252685547
2843,train,3.461744785308838
2844,train,3.45294189453125
2845,train,3.445780038833618
2846,train,3.460404872894287
2847,train,3.448512077331543
2848,train,3.4296772480010986
2849,train,3.49139666557312
2850,train,3.399693489074707
2851,train,3.462510108947754
2852,train,3.435256004333496
2853,train,3.424443244934082
2854,train,3.4716849327087402
2855,train,3.4314966201782227
2856,train,3.434988021850586
2857,train,3.456467390060425
2858,train,3.4594619274139404
2859,train,3.4305591583251953
2860,train,3.462806224822998
2861,train,3.4571404457092285
2862,train,3.476321220397949
2863,train,3.492215394973755
2864,train,3.502332925796509
2865,train,3.480257034301758
2866,train,3.5086212158203125
2867,train,3.4861340522766113
2868,train,3.4276366233825684
2869,train,3.4490413665771484
2870,train,3.432811737060547
2871,train,3.4589080810546875
2872,train,3.462268352508545
2873,train,3.4780092239379883
2874,train,3.488703727722168
2875,train,3.4688780307769775
2876,train,3.461290121078491
2877,train,3.447883129119873
2878,train,3.5118579864501953
2879,train,3.437659740447998
2880,train,3.4499075412750244
2881,train,3.4159812927246094
2882,train,3.483546257019043
2883,train,3.457515239715576
2884,train,3.4445583820343018
2885,train,3.483466386795044
2886,train,3.4493556022644043
2887,train,3.472846269607544
2888,train,3.4563684463500977
2889,train,3.444664478302002
2890,train,3.452597141265869
2891,train,3.4950969219207764
2892,train,3.4885544776916504
2893,train,3.483612537384033
2894,train,3.4709534645080566
2895,train,3.4776668548583984
2896,train,3.4751572608947754
2897,train,3.4433670043945312
2898,train,3.4709091186523438
2899,train,3.461916923522949
2900,train,3.4565365314483643
2900,val,3.4554238319396973
2900,hellaswag,0.2672774347739494
2901,train,3.504782199859619
2902,train,3.4384684562683105
2903,train,3.467278480529785
2904,train,3.4801039695739746
2905,train,3.4679455757141113
2906,train,3.449594736099243
2907,train,3.46311092376709
2908,train,3.4826958179473877
2909,train,3.447740077972412
2910,train,3.4881720542907715
2911,train,3.4529366493225098
2912,train,3.4533987045288086
2913,train,3.477771282196045
2914,train,3.5071492195129395
2915,train,3.4384756088256836
2916,train,3.4676060676574707
2917,train,3.4335365295410156
2918,train,3.4662129878997803
2919,train,3.433469533920288
2920,train,3.446479320526123
2921,train,3.462247848510742
2922,train,3.4700984954833984
2923,train,3.462965488433838
2924,train,3.4742236137390137
2925,train,3.4771268367767334
2926,train,3.44926381111145
2927,train,3.470597505569458
2928,train,3.4307522773742676
2929,train,3.440128803253174
2930,train,3.4561729431152344
2931,train,3.431880235671997
2932,train,3.4261207580566406
2933,train,3.5040459632873535
2934,train,3.4445056915283203
2935,train,3.471888542175293
2936,train,3.4648663997650146
2937,train,3.4567699432373047
2938,train,3.4587230682373047
2939,train,3.441995620727539
2940,train,3.4450559616088867
2941,train,3.4483602046966553
2942,train,3.4398562908172607
2943,train,3.4311869144439697
2944,train,3.458108901977539
2945,train,3.478177070617676
2946,train,3.4465255737304688
2947,train,3.4656238555908203
2948,train,3.4684128761291504
2949,train,3.453456401824951
2950,train,3.4358863830566406
2951,train,3.4685518741607666
2952,train,3.4574532508850098
2953,train,3.464840888977051
2954,train,3.478790283203125
2955,train,3.448201894760132
2956,train,3.4269604682922363
2957,train,3.4583377838134766
2958,train,3.423245906829834
2959,train,3.4588069915771484
2960,train,3.4854047298431396
2961,train,3.441953182220459
2962,train,3.423022747039795
2963,train,3.4522485733032227
2964,train,3.4251909255981445
2965,train,3.4509618282318115
2966,train,3.424043893814087
2967,train,3.416848659515381
2968,train,3.4168362617492676
2969,train,3.4889280796051025
2970,train,3.444326400756836
2971,train,3.4706320762634277
2972,train,3.444669008255005
2973,train,3.4316720962524414
2974,train,3.4386441707611084
2975,train,3.4427950382232666
2976,train,3.43735408782959
2977,train,3.447798728942871
2978,train,3.421370029449463
2979,train,3.4390764236450195
2980,train,3.441070079803467
2981,train,3.4489059448242188
2982,train,3.4533307552337646
2983,train,3.445391893386841
2984,train,3.479996681213379
2985,train,3.450671672821045
2986,train,3.45088529586792
2987,train,3.445136547088623
2988,train,3.4455065727233887
2989,train,3.467588186264038
2990,train,3.4814329147338867
2991,train,3.475750684738159
2992,train,3.4468133449554443
2993,train,3.410688877105713
2994,train,3.4507620334625244
2995,train,3.490447521209717
2996,train,3.454150676727295
2997,train,3.4644064903259277
2998,train,3.458515167236328
2999,train,3.442662000656128
3000,train,3.4048070907592773
3000,val,3.4445109367370605
3000,hellaswag,0.2682732523401713
3001,train,3.462794542312622
3002,train,3.4567830562591553
3003,train,3.430659294128418
3004,train,3.4467504024505615
3005,train,3.4310789108276367
3006,train,3.4168283939361572
3007,train,3.435267448425293
3008,train,3.4559168815612793
3009,train,3.457991361618042
3010,train,3.448599338531494
3011,train,3.455169916152954
3012,train,3.409862518310547
3013,train,3.435906171798706
3014,train,3.4182064533233643
3015,train,3.4659385681152344
3016,train,3.461275100708008
3017,train,3.4820737838745117
3018,train,3.4360477924346924
3019,train,3.433889865875244
3020,train,3.4469144344329834
3021,train,3.4603183269500732
3022,train,3.47481632232666
3023,train,3.413564682006836
3024,train,3.429436206817627
3025,train,3.432441234588623
3026,train,3.4176011085510254
3027,train,3.4445600509643555
3028,train,3.423330068588257
3029,train,3.4645304679870605
3030,train,3.4808316230773926
3031,train,3.425288677215576
3032,train,3.4191465377807617
3033,train,3.4532344341278076
3034,train,3.4414687156677246
3035,train,3.442786693572998
3036,train,3.4419450759887695
3037,train,3.43638277053833
3038,train,3.4603819847106934
3039,train,3.4199981689453125
3040,train,3.4325289726257324
3041,train,3.479886054992676
3042,train,3.443742275238037
3043,train,3.459303379058838
3044,train,3.438141107559204
3045,train,3.425239086151123
3046,train,3.439842700958252
3047,train,3.4455370903015137
3048,train,3.4445338249206543
3049,train,3.448716163635254
3050,train,3.425489902496338
3051,train,3.3863515853881836
3052,train,3.4253089427948
3053,train,3.4155280590057373
3054,train,3.431551456451416
3055,train,3.4564194679260254
3056,train,3.4565858840942383
3057,train,3.455624580383301
3058,train,3.4410266876220703
3059,train,3.4481379985809326
3060,train,3.438714027404785
3061,train,3.460390090942383
3062,train,3.4468321800231934
3063,train,3.4398374557495117
3064,train,3.4605746269226074
3065,train,3.4742681980133057
3066,train,3.4436421394348145
3067,train,3.4447975158691406
3068,train,3.427030563354492
3069,train,3.4678120613098145
3070,train,3.4528300762176514
3071,train,3.4507079124450684
3072,train,3.403667449951172
3073,train,3.4379217624664307
3074,train,3.4279303550720215
3075,train,3.470304489135742
3076,train,3.4562439918518066
3077,train,3.4420409202575684
3078,train,3.451444149017334
3079,train,3.4237098693847656
3080,train,3.4495110511779785
3081,train,3.450800895690918
3082,train,3.4071311950683594
3083,train,3.4494194984436035
3084,train,3.458183765411377
3085,train,3.4645495414733887
3086,train,3.452691078186035
3087,train,3.4686145782470703
3088,train,3.430657148361206
3089,train,3.4454641342163086
3090,train,3.4166595935821533
3091,train,3.4442389011383057
3092,train,3.4527840614318848
3093,train,3.4567089080810547
3094,train,3.4310524463653564
3095,train,3.427915334701538
3096,train,3.4645137786865234
3097,train,3.4005074501037598
3098,train,3.464339256286621
3099,train,3.4419920444488525
3100,train,3.432969093322754
3100,val,3.432159662246704
3100,hellaswag,0.26767576180043817
3101,train,3.4344029426574707
3102,train,3.406745672225952
3103,train,3.377837657928467
3104,train,3.4205777645111084
3105,train,3.480181932449341
3106,train,3.4566259384155273
3107,train,3.453666925430298
3108,train,3.4220352172851562
3109,train,3.424745559692383
3110,train,3.397677183151245
3111,train,3.420531988143921
3112,train,3.422717571258545
3113,train,3.42140531539917
3114,train,3.4151031970977783
3115,train,3.410024404525757
3116,train,3.4330577850341797
3117,train,3.4399566650390625
3118,train,3.4264631271362305
3119,train,3.47856068611145
3120,train,3.4255356788635254
3121,train,3.409296989440918
3122,train,3.400315761566162
3123,train,3.421847343444824
3124,train,3.4154396057128906
3125,train,3.4372406005859375
3126,train,3.4285948276519775
3127,train,3.443260669708252
3128,train,3.438108444213867
3129,train,3.44608211517334
3130,train,3.416191577911377
3131,train,3.426257610321045
3132,train,3.471174955368042
3133,train,3.4342174530029297
3134,train,3.439861536026001
3135,train,3.4113943576812744
3136,train,3.426591396331787
3137,train,3.4344799518585205
3138,train,3.3978683948516846
3139,train,3.44393253326416
3140,train,3.4379959106445312
3141,train,3.4482600688934326
3142,train,3.4106597900390625
3143,train,3.4472713470458984
3144,train,3.432006359100342
3145,train,3.4439139366149902
3146,train,3.455504894256592
3147,train,3.4770612716674805
3148,train,3.4416863918304443
3149,train,3.3897528648376465
3150,train,3.44061279296875
3151,train,3.3997087478637695
3152,train,3.4465341567993164
3153,train,3.395200252532959
3154,train,3.438275098800659
3155,train,3.4482550621032715
3156,train,3.4165635108947754
3157,train,3.430286169052124
3158,train,3.430558681488037
3159,train,3.439577102661133
3160,train,3.403085708618164
3161,train,3.41066575050354
3162,train,3.4157402515411377
3163,train,3.431030750274658
3164,train,3.4289445877075195
3165,train,3.453355550765991
3166,train,3.421190023422241
3167,train,3.435669422149658
3168,train,3.3958282470703125
3169,train,3.429948329925537
3170,train,3.416569709777832
3171,train,3.43235445022583
3172,train,3.432281732559204
3173,train,3.4751086235046387
3174,train,3.4037413597106934
3175,train,3.447572708129883
3176,train,3.393754243850708
3177,train,3.4215996265411377
3178,train,3.452620029449463
3179,train,3.4344139099121094
3180,train,3.4150118827819824
3181,train,3.420778751373291
3182,train,3.4065191745758057
3183,train,3.433197021484375
3184,train,3.4256927967071533
3185,train,3.4368386268615723
3186,train,3.408978223800659
3187,train,3.438035011291504
3188,train,3.4440994262695312
3189,train,3.418579339981079
3190,train,3.424698829650879
3191,train,3.420400619506836
3192,train,3.452918529510498
3193,train,3.3963963985443115
3194,train,3.4130494594573975
3195,train,3.45298433303833
3196,train,3.427896022796631
3197,train,3.445962905883789
3198,train,3.4265336990356445
3199,train,3.4304847717285156
3200,train,3.4380710124969482
3200,val,3.4223060607910156
3200,hellaswag,0.26857199761003786
3201,train,3.426743268966675
3202,train,3.417447805404663
3203,train,3.388575315475464
3204,train,3.395333766937256
3205,train,3.4121594429016113
3206,train,3.4070231914520264
3207,train,3.412297010421753
3208,train,3.3864307403564453
3209,train,3.3763558864593506
3210,train,3.436638116836548
3211,train,3.411301612854004
3212,train,3.462822437286377
3213,train,3.4454214572906494
3214,train,3.418801784515381
3215,train,3.4474148750305176
3216,train,3.422919511795044
3217,train,3.372911214828491
3218,train,3.3928468227386475
3219,train,3.4208836555480957
3220,train,3.4264416694641113
3221,train,3.429811716079712
3222,train,3.4189295768737793
3223,train,3.4316444396972656
3224,train,3.430476188659668
3225,train,3.406341791152954
3226,train,3.4260613918304443
3227,train,3.374809741973877
3228,train,3.4120020866394043
3229,train,3.42977237701416
3230,train,3.405641555786133
3231,train,3.3979849815368652
3232,train,3.4205751419067383
3233,train,3.4464049339294434
3234,train,3.4236323833465576
3235,train,3.421063184738159
3236,train,3.432229995727539
3237,train,3.41752552986145
3238,train,3.427095890045166
3239,train,3.4107909202575684
3240,train,3.427698850631714
3241,train,3.4111170768737793
3242,train,3.3770272731781006
3243,train,3.39923357963562
3244,train,3.463242530822754
3245,train,3.4362430572509766
3246,train,3.441797971725464
3247,train,3.417052984237671
3248,train,3.446291446685791
3249,train,3.4166297912597656
3250,train,3.4228007793426514
3251,train,3.41392183303833
3252,train,3.4428484439849854
3253,train,3.3859076499938965
3254,train,3.3947455883026123
3255,train,3.409266710281372
3256,train,3.3939433097839355
3257,train,3.446850538253784
3258,train,3.413954973220825
3259,train,3.435070514678955
3260,train,3.440056324005127
3261,train,3.4209556579589844
3262,train,3.4332222938537598
3263,train,3.4305081367492676
3264,train,3.3869895935058594
3265,train,3.433650255203247
3266,train,3.4447340965270996
3267,train,3.432827949523926
3268,train,3.4487462043762207
3269,train,3.422905206680298
3270,train,3.3962717056274414
3271,train,3.435605764389038
3272,train,3.442513942718506
3273,train,3.4283623695373535
3274,train,3.446582078933716
3275,train,3.4119057655334473
3276,train,3.430995464324951
3277,train,3.4086577892303467
3278,train,3.429821491241455
3279,train,3.4072062969207764
3280,train,3.3846306800842285
3281,train,3.4343509674072266
3282,train,3.4499711990356445
3283,train,3.4317333698272705
3284,train,3.425776958465576
3285,train,3.4144411087036133
3286,train,3.4310154914855957
3287,train,3.4197170734405518
3288,train,3.433927059173584
3289,train,3.4395956993103027
3290,train,3.421867847442627
3291,train,3.4199042320251465
3292,train,3.417937755584717
3293,train,3.425492525100708
3294,train,3.4023847579956055
3295,train,3.408942699432373
3296,train,3.4296581745147705
3297,train,3.385169506072998
3298,train,3.449737071990967
3299,train,3.4270832538604736
3300,train,3.421436309814453
3300,val,3.4141056537628174
3300,hellaswag,0.26847241585341564
3301,train,3.435316324234009
3302,train,3.412899971008301
3303,train,3.4130396842956543
3304,train,3.4271912574768066
3305,train,3.4457204341888428
3306,train,3.4302849769592285
3307,train,3.444690465927124
3308,train,3.3882901668548584
3309,train,3.4288411140441895
3310,train,3.418161392211914
3311,train,3.448498249053955
3312,train,3.392409324645996
3313,train,3.420161724090576
3314,train,3.455819606781006
3315,train,3.4023540019989014
3316,train,3.460193395614624
3317,train,3.440141439437866
3318,train,3.4192724227905273
3319,train,3.4250669479370117
3320,train,3.4283132553100586
3321,train,3.3958544731140137
3322,train,3.4570438861846924
3323,train,3.4383935928344727
3324,train,3.413219451904297
3325,train,3.407540798187256
3326,train,3.4043567180633545
3327,train,3.448970317840576
3328,train,3.414602756500244
3329,train,3.4250497817993164
3330,train,3.4457294940948486
3331,train,3.43280029296875
3332,train,3.416848659515381
3333,train,3.431455135345459
3334,train,3.4226629734039307
3335,train,3.403872013092041
3336,train,3.39729642868042
3337,train,3.4103856086730957
3338,train,3.394225597381592
3339,train,3.4161181449890137
3340,train,3.4139130115509033
3341,train,3.436126232147217
3342,train,3.4232516288757324
3343,train,3.404329776763916
3344,train,3.4182140827178955
3345,train,3.4313132762908936
3346,train,3.413961887359619
3347,train,3.4146230220794678
3348,train,3.4327316284179688
3349,train,3.4170920848846436
3350,train,3.4449799060821533
3351,train,3.425868272781372
3352,train,3.3976516723632812
3353,train,3.4169602394104004
3354,train,3.409590721130371
3355,train,3.4214119911193848
3356,train,3.459383249282837
3357,train,3.3852295875549316
3358,train,3.395717144012451
3359,train,3.4510555267333984
3360,train,3.4179375171661377
3361,train,3.4275922775268555
3362,train,3.4293155670166016
3363,train,3.408458948135376
3364,train,3.4057199954986572
3365,train,3.4081411361694336
3366,train,3.40932035446167
3367,train,3.4164514541625977
3368,train,3.3878445625305176
3369,train,3.41286563873291
3370,train,3.3939719200134277
3371,train,3.388197898864746
3372,train,3.362154245376587
3373,train,3.3985226154327393
3374,train,3.410482168197632
3375,train,3.393364429473877
3376,train,3.40990948677063
3377,train,3.409430503845215
3378,train,3.419973373413086
3379,train,3.3926713466644287
3380,train,3.44195294380188
3381,train,3.40857195854187
3382,train,3.380284547805786
3383,train,3.392176866531372
3384,train,3.4381916522979736
3385,train,3.419754981994629
3386,train,3.3862812519073486
3387,train,3.4114513397216797
3388,train,3.426255702972412
3389,train,3.391303777694702
3390,train,3.4062376022338867
3391,train,3.429032325744629
3392,train,3.389732599258423
3393,train,3.4262454509735107
3394,train,3.4136900901794434
3395,train,3.4232163429260254
3396,train,3.400099992752075
3397,train,3.402733564376831
3398,train,3.421684503555298
3399,train,3.382512092590332
3400,train,3.4225337505340576
3400,val,3.4049525260925293
3400,hellaswag,0.2673770165305716
3401,train,3.4177825450897217
3402,train,3.3929967880249023
3403,train,3.386645793914795
3404,train,3.3632431030273438
3405,train,3.3611114025115967
3406,train,3.3886613845825195
3407,train,3.385897159576416
3408,train,3.4156930446624756
3409,train,3.403013229370117
3410,train,3.3961377143859863
3411,train,3.384145736694336
3412,train,3.3814010620117188
3413,train,3.421351909637451
3414,train,3.3956000804901123
3415,train,3.4099295139312744
3416,train,3.4450159072875977
3417,train,3.392158269882202
3418,train,3.423060417175293
3419,train,3.3835220336914062
3420,train,3.382267951965332
3421,train,3.4095139503479004
3422,train,3.4041643142700195
3423,train,3.405766248703003
3424,train,3.376923084259033
3425,train,3.3759188652038574
3426,train,3.397325277328491
3427,train,3.4140329360961914
3428,train,3.418355941772461
3429,train,3.415039300918579
3430,train,3.395127296447754
3431,train,3.3947412967681885
3432,train,3.4096226692199707
3433,train,3.408071756362915
3434,train,3.382704734802246
3435,train,3.3875107765197754
3436,train,3.3607656955718994
3437,train,3.3716001510620117
3438,train,3.3851022720336914
3439,train,3.411107063293457
3440,train,3.3873448371887207
3441,train,3.415037155151367
3442,train,3.3721518516540527
3443,train,3.3676276206970215
3444,train,3.3794853687286377
3445,train,3.365060806274414
3446,train,3.408332347869873
3447,train,3.3984036445617676
3448,train,3.410151481628418
3449,train,3.3925092220306396
3450,train,3.384988784790039
3451,train,3.376066207885742
3452,train,3.3958566188812256
3453,train,3.3909008502960205
3454,train,3.410123586654663
3455,train,3.4027419090270996
3456,train,3.4195332527160645
3457,train,3.3579373359680176
3458,train,3.3987326622009277
3459,train,3.416452407836914
3460,train,3.42065691947937
3461,train,3.381265163421631
3462,train,3.3585000038146973
3463,train,3.398325204849243
3464,train,3.4297101497650146
3465,train,3.357593059539795
3466,train,3.368187427520752
3467,train,3.3742496967315674
3468,train,3.3869285583496094
3469,train,3.3861289024353027
3470,train,3.402789354324341
3471,train,3.3741159439086914
3472,train,3.381382465362549
3473,train,3.375875949859619
3474,train,3.3537838459014893
3475,train,3.3971405029296875
3476,train,3.3863604068756104
3477,train,3.4070510864257812
3478,train,3.3974416255950928
3479,train,3.4175071716308594
3480,train,3.394547462463379
3481,train,3.3593926429748535
3482,train,3.36972713470459
3483,train,3.4212646484375
3484,train,3.3787169456481934
3485,train,3.3628153800964355
3486,train,3.3954427242279053
3487,train,3.4009385108947754
3488,train,3.3604719638824463
3489,train,3.4270291328430176
3490,train,3.375195026397705
3491,train,3.3689095973968506
3492,train,3.3827342987060547
3493,train,3.370027542114258
3494,train,3.37629771232605
3495,train,3.411543369293213
3496,train,3.4259068965911865
3497,train,3.3884406089782715
3498,train,3.405130624771118
3499,train,3.388848066329956
3500,train,3.3733537197113037
3500,val,3.395798444747925
3500,hellaswag,0.2722565226050587
3501,train,3.381304979324341
3502,train,3.3766722679138184
3503,train,3.3972816467285156
3504,train,3.412487506866455
3505,train,3.3714919090270996
3506,train,3.3801486492156982
3507,train,3.370551347732544
3508,train,3.403122901916504
3509,train,3.425874948501587
3510,train,3.3555784225463867
3511,train,3.375627040863037
3512,train,3.418485641479492
3513,train,3.3694040775299072
3514,train,3.3784589767456055
3515,train,3.3699607849121094
3516,train,3.3588294982910156
3517,train,3.413614273071289
3518,train,3.4104933738708496
3519,train,3.38112735748291
3520,train,3.3769025802612305
3521,train,3.356191873550415
3522,train,3.3633041381835938
3523,train,3.3517327308654785
3524,train,3.377988338470459
3525,train,3.3891618251800537
3526,train,3.401141405105591
3527,train,3.3649306297302246
3528,train,3.3942110538482666
3529,train,3.377224922180176
3530,train,3.3526268005371094
3531,train,3.3775696754455566
3532,train,3.405162811279297
3533,train,3.3865392208099365
3534,train,3.3779563903808594
3535,train,3.3805434703826904
3536,train,3.362272262573242
3537,train,3.3733129501342773
3538,train,3.386634588241577
3539,train,3.37845778465271
3540,train,3.3484151363372803
3541,train,3.3688979148864746
3542,train,3.3679027557373047
3543,train,3.391488552093506
3544,train,3.388049364089966
3545,train,3.385819911956787
3546,train,3.39619779586792
3547,train,3.3624255657196045
3548,train,3.399415969848633
3549,train,3.4023232460021973
3550,train,3.368767261505127
3551,train,3.3357481956481934
3552,train,3.3713722229003906
3553,train,3.398324489593506
3554,train,3.406343698501587
3555,train,3.392155647277832
3556,train,3.3778345584869385
3557,train,3.3660998344421387
3558,train,3.334702968597412
3559,train,3.393528938293457
3560,train,3.382598400115967
3561,train,3.341771125793457
3562,train,3.359731435775757
3563,train,3.394773483276367
3564,train,3.3944380283355713
3565,train,3.408045768737793
3566,train,3.358208656311035
3567,train,3.389355421066284
3568,train,3.3630893230438232
3569,train,3.4019112586975098
3570,train,3.3472647666931152
3571,train,3.3759500980377197
3572,train,3.3739538192749023
3573,train,3.3763484954833984
3574,train,3.3640360832214355
3575,train,3.3638668060302734
3576,train,3.3712334632873535
3577,train,3.396907091140747
3578,train,3.3634586334228516
3579,train,3.362675666809082
3580,train,3.3753390312194824
3581,train,3.4085845947265625
3582,train,3.375950336456299
3583,train,3.3704395294189453
3584,train,3.3682639598846436
3585,train,3.371899366378784
3586,train,3.379429340362549
3587,train,3.342238426208496
3588,train,3.373842716217041
3589,train,3.3960585594177246
3590,train,3.330134391784668
3591,train,3.381880283355713
3592,train,3.3851845264434814
3593,train,3.3481969833374023
3594,train,3.377366542816162
3595,train,3.393974781036377
3596,train,3.37068510055542
3597,train,3.3316781520843506
3598,train,3.3685431480407715
3599,train,3.3576414585113525
3600,train,3.3766684532165527
3600,val,3.384171485900879
3600,hellaswag,0.2722565226050587
3601,train,3.381385087966919
3602,train,3.3591980934143066
3603,train,3.349752902984619
3604,train,3.3833580017089844
3605,train,3.351469039916992
3606,train,3.3532164096832275
3607,train,3.3762054443359375
3608,train,3.376626968383789
3609,train,3.388296127319336
3610,train,3.3338940143585205
3611,train,3.3590283393859863
3612,train,3.3456175327301025
3613,train,3.3805713653564453
3614,train,3.37044358253479
3615,train,3.3344380855560303
3616,train,3.3444008827209473
3617,train,3.3216452598571777
3618,train,3.3648438453674316
3619,train,3.375134229660034
3620,train,3.337876796722412
3621,train,3.3536291122436523
3622,train,3.3598251342773438
3623,train,3.3651034832000732
3624,train,3.37050724029541
3625,train,3.375978946685791
3626,train,3.3863139152526855
3627,train,3.4349915981292725
3628,train,3.4122681617736816
3629,train,3.3925962448120117
3630,train,3.3931703567504883
3631,train,3.386648178100586
3632,train,3.413206100463867
3633,train,3.389828681945801
3634,train,3.4107635021209717
3635,train,3.38743257522583
3636,train,3.3866043090820312
3637,train,3.4270544052124023
3638,train,3.417074203491211
3639,train,3.3756370544433594
3640,train,3.3799216747283936
3641,train,3.431972026824951
3642,train,3.385702610015869
3643,train,3.426638126373291
3644,train,3.378129482269287
3645,train,3.4079856872558594
3646,train,3.4103574752807617
3647,train,3.3996095657348633
3648,train,3.4134833812713623
3649,train,3.394684076309204
3650,train,3.403313636779785
3651,train,3.395592212677002
3652,train,3.356665849685669
3653,train,3.366364002227783
3654,train,3.3900363445281982
3655,train,3.4311771392822266
3656,train,3.402101516723633
3657,train,3.434537887573242
3658,train,3.3998801708221436
3659,train,3.407893657684326
3660,train,3.4060046672821045
3661,train,3.3991098403930664
3662,train,3.3753180503845215
3663,train,3.394519805908203
3664,train,3.377140760421753
3665,train,3.389349937438965
3666,train,3.435915470123291
3667,train,3.3583526611328125
3668,train,3.3825697898864746
3669,train,3.4014334678649902
3670,train,3.3621761798858643
3671,train,3.3930721282958984
3672,train,3.40095853805542
3673,train,3.37272572517395
3674,train,3.3888044357299805
3675,train,3.3634793758392334
3676,train,3.354809522628784
3677,train,3.3349666595458984
3678,train,3.387434959411621
3679,train,3.3822855949401855
3680,train,3.3926644325256348
3681,train,3.4044013023376465
3682,train,3.4084420204162598
3683,train,3.4114491939544678
3684,train,3.4048123359680176
3685,train,3.4048309326171875
3686,train,3.4216833114624023
3687,train,3.3635284900665283
3688,train,3.3887155055999756
3689,train,3.360229969024658
3690,train,3.3866591453552246
3691,train,3.4089455604553223
3692,train,3.385310173034668
3693,train,3.3941233158111572
3694,train,3.38839054107666
3695,train,3.42037034034729
3696,train,3.379567861557007
3697,train,3.4193053245544434
3698,train,3.3954854011535645
3699,train,3.3880579471588135
3700,train,3.36124324798584
3700,val,3.377544403076172
3700,hellaswag,0.2695678151762597
3701,train,3.391749382019043
3702,train,3.3734405040740967
3703,train,3.365692615509033
3704,train,3.339660167694092
3705,train,3.3632545471191406
3706,train,3.394620418548584
3707,train,3.3736515045166016
3708,train,3.3803083896636963
3709,train,3.367281675338745
3710,train,3.396249771118164
3711,train,3.3596198558807373
3712,train,3.3981008529663086
3713,train,3.356973171234131
3714,train,3.398451089859009
3715,train,3.3826441764831543
3716,train,3.3532967567443848
3717,train,3.3970940113067627
3718,train,3.3618321418762207
3719,train,3.3847293853759766
3720,train,3.3654823303222656
3721,train,3.3876023292541504
3722,train,3.377424955368042
3723,train,3.366273880004883
3724,train,3.415526866912842
3725,train,3.3699543476104736
3726,train,3.39276385307312
3727,train,3.3865599632263184
3728,train,3.368256092071533
3729,train,3.420628070831299
3730,train,3.3938937187194824
3731,train,3.4011757373809814
3732,train,3.373786687850952
3733,train,3.387526512145996
3734,train,3.3468737602233887
3735,train,3.37019681930542
3736,train,3.3672947883605957
3737,train,3.349188804626465
3738,train,3.400768518447876
3739,train,3.40448260307312
3740,train,3.401787042617798
3741,train,3.381756544113159
3742,train,3.3794610500335693
3743,train,3.3853824138641357
3744,train,3.3965368270874023
3745,train,3.388144016265869
3746,train,3.4089531898498535
3747,train,3.3942112922668457
3748,train,3.3928699493408203
3749,train,3.3981404304504395
3750,train,3.3918662071228027
3751,train,3.3886306285858154
3752,train,3.379002094268799
3753,train,3.346733570098877
3754,train,3.413939952850342
3755,train,3.360600233078003
3756,train,3.391819477081299
3757,train,3.380280017852783
3758,train,3.377906322479248
3759,train,3.3585801124572754
3760,train,3.3401033878326416
3761,train,3.3689355850219727
3762,train,3.4425435066223145
3763,train,3.4048619270324707
3764,train,3.3802289962768555
3765,train,3.3780455589294434
3766,train,3.352325677871704
3767,train,3.3924076557159424
3768,train,3.3956379890441895
3769,train,3.3566155433654785
3770,train,3.37585186958313
3771,train,3.3734920024871826
3772,train,3.3735272884368896
3773,train,3.35780668258667
3774,train,3.390425205230713
3775,train,3.384244680404663
3776,train,3.3366169929504395
3777,train,3.3350460529327393
3778,train,3.3950557708740234
3779,train,3.3730926513671875
3780,train,3.3929123878479004
3781,train,3.3606600761413574
3782,train,3.367267370223999
3783,train,3.3933732509613037
3784,train,3.375500202178955
3785,train,3.3973684310913086
3786,train,3.3454654216766357
3787,train,3.393535852432251
3788,train,3.375800132751465
3789,train,3.3825087547302246
3790,train,3.3582923412323
3791,train,3.3653383255004883
3792,train,3.387376070022583
3793,train,3.392162322998047
3794,train,3.361616849899292
3795,train,3.3540334701538086
3796,train,3.3903708457946777
3797,train,3.395944595336914
3798,train,3.359154462814331
3799,train,3.3619632720947266
3800,train,3.3439207077026367
3800,val,3.3696720600128174
3800,hellaswag,0.2726548496315475
3801,train,3.388338565826416
3802,train,3.3710896968841553
3803,train,3.365912437438965
3804,train,3.3772785663604736
3805,train,3.3627331256866455
3806,train,3.411438465118408
3807,train,3.372842311859131
3808,train,3.35795521736145
3809,train,3.352640151977539
3810,train,3.403593063354492
3811,train,3.4034576416015625
3812,train,3.376530170440674
3813,train,3.345381498336792
3814,train,3.3606929779052734
3815,train,3.361727476119995
3816,train,3.396383762359619
3817,train,3.4072470664978027
3818,train,3.401522159576416
3819,train,3.375175714492798
3820,train,3.389045238494873
3821,train,3.4118847846984863
3822,train,3.3869354724884033
3823,train,3.3781135082244873
3824,train,3.4091954231262207
3825,train,3.3809499740600586
3826,train,3.4081485271453857
3827,train,3.3741631507873535
3828,train,3.39949369430542
3829,train,3.3814821243286133
3830,train,3.3969674110412598
3831,train,3.4286603927612305
3832,train,3.410719633102417
3833,train,3.3893160820007324
3834,train,3.366492986679077
3835,train,3.3568224906921387
3836,train,3.394561767578125
3837,train,3.4155664443969727
3838,train,3.405595302581787
3839,train,3.3842287063598633
3840,train,3.3718466758728027
3841,train,3.3938493728637695
3842,train,3.3690719604492188
3843,train,3.3844666481018066
3844,train,3.40008807182312
3845,train,3.3777754306793213
3846,train,3.3890786170959473
3847,train,3.380645275115967
3848,train,3.422752857208252
3849,train,3.37729549407959
3850,train,3.397014617919922
3851,train,3.379779577255249
3852,train,3.4109060764312744
3853,train,3.375072717666626
3854,train,3.394272804260254
3855,train,3.389519214630127
3856,train,3.3403327465057373
3857,train,3.3910648822784424
3858,train,3.402434825897217
3859,train,3.403839588165283
3860,train,3.3890252113342285
3861,train,3.3766469955444336
3862,train,3.379256248474121
3863,train,3.3929367065429688
3864,train,3.3929648399353027
3865,train,3.399155616760254
3866,train,3.4290919303894043
3867,train,3.3886771202087402
3868,train,3.3956761360168457
3869,train,3.3580751419067383
3870,train,3.399242401123047
3871,train,3.3873753547668457
3872,train,3.3909058570861816
3873,train,3.3942739963531494
3874,train,3.338974952697754
3875,train,3.3704330921173096
3876,train,3.3831968307495117
3877,train,3.3603644371032715
3878,train,3.3854410648345947
3879,train,3.374185562133789
3880,train,3.384556293487549
3881,train,3.3992228507995605
3882,train,3.391392946243286
3883,train,3.3283729553222656
3884,train,3.3867783546447754
3885,train,3.326903820037842
3886,train,3.3712081909179688
3887,train,3.3649773597717285
3888,train,3.3813183307647705
3889,train,3.3867223262786865
3890,train,3.36637282371521
3891,train,3.3852286338806152
3892,train,3.3633930683135986
3893,train,3.3855066299438477
3894,train,3.3922343254089355
3895,train,3.3748719692230225
3896,train,3.3561301231384277
3897,train,3.3973660469055176
3898,train,3.4055213928222656
3899,train,3.419870376586914
3900,train,3.3885016441345215
3900,val,3.362497329711914
3900,hellaswag,0.270264887472615
3901,train,3.3947064876556396
3902,train,3.355849504470825
3903,train,3.369982957839966
3904,train,3.388690233230591
3905,train,3.4189183712005615
3906,train,3.3912901878356934
3907,train,3.421783447265625
3908,train,3.411775588989258
3909,train,3.3838934898376465
3910,train,3.3974404335021973
3911,train,3.3919405937194824
3912,train,3.3872809410095215
3913,train,3.3619368076324463
3914,train,3.371999740600586
3915,train,3.38407564163208
3916,train,3.351820468902588
3917,train,3.3664729595184326
3918,train,3.3718016147613525
3919,train,3.3728795051574707
3920,train,3.386115550994873
3921,train,3.378981113433838
3922,train,3.395186424255371
3923,train,3.3727452754974365
3924,train,3.3572096824645996
3925,train,3.3652045726776123
3926,train,3.3808984756469727
3927,train,3.3762834072113037
3928,train,3.381328821182251
3929,train,3.398681640625
3930,train,3.3617138862609863
3931,train,3.373429775238037
3932,train,3.358048439025879
3933,train,3.387734889984131
3934,train,3.36098051071167
3935,train,3.363193988800049
3936,train,3.40310001373291
3937,train,3.3628835678100586
3938,train,3.3780901432037354
3939,train,3.373424530029297
3940,train,3.3362231254577637
3941,train,3.370124101638794
3942,train,3.3669357299804688
3943,train,3.3643665313720703
3944,train,3.378403425216675
3945,train,3.37502121925354
3946,train,3.3567490577697754
3947,train,3.4122843742370605
3948,train,3.344573974609375
3949,train,3.3784523010253906
3950,train,3.396472930908203
3951,train,3.3852379322052
3952,train,3.3847718238830566
3953,train,3.348726749420166
3954,train,3.371474266052246
3955,train,3.353367567062378
3956,train,3.3746025562286377
3957,train,3.3701119422912598
3958,train,3.391021728515625
3959,train,3.371067523956299
3960,train,3.3794455528259277
3961,train,3.3940982818603516
3962,train,3.3611912727355957
3963,train,3.3664703369140625
3964,train,3.377594232559204
3965,train,3.3674025535583496
3966,train,3.3641228675842285
3967,train,3.371150016784668
3968,train,3.3750452995300293
3969,train,3.372835636138916
3970,train,3.389690399169922
3971,train,3.3333215713500977
3972,train,3.3744356632232666
3973,train,3.3771607875823975
3974,train,3.3803820610046387
3975,train,3.3881256580352783
3976,train,3.3738605976104736
3977,train,3.336972236633301
3978,train,3.3862698078155518
3979,train,3.3547608852386475
3980,train,3.332063674926758
3981,train,3.3899383544921875
3982,train,3.3896286487579346
3983,train,3.3575727939605713
3984,train,3.3684520721435547
3985,train,3.386451244354248
3986,train,3.329735279083252
3987,train,3.3960533142089844
3988,train,3.3424148559570312
3989,train,3.353168249130249
3990,train,3.3529839515686035
3991,train,3.3768935203552246
3992,train,3.3985893726348877
3993,train,3.39648699760437
3994,train,3.347543716430664
3995,train,3.3538854122161865
3996,train,3.36250638961792
3997,train,3.3687613010406494
3998,train,3.3821001052856445
3999,train,3.362027168273926
4000,train,3.354753017425537
4000,val,3.3550784587860107
4000,hellaswag,0.2722565226050587
4001,train,3.3734893798828125
4002,train,3.378478527069092
4003,train,3.376859426498413
4004,train,3.3833999633789062
4005,train,3.3674542903900146
4006,train,3.3739287853240967
4007,train,3.3460800647735596
4008,train,3.367647171020508
4009,train,3.3795883655548096
4010,train,3.3373727798461914
4011,train,3.390246629714966
4012,train,3.348996639251709
4013,train,3.3536901473999023
4014,train,3.3500607013702393
4015,train,3.3301305770874023
4016,train,3.34639310836792
4017,train,3.3237898349761963
4018,train,3.29148006439209
4019,train,3.3963565826416016
4020,train,3.3403995037078857
4021,train,3.3638973236083984
4022,train,3.348001718521118
4023,train,3.346813678741455
4024,train,3.348264217376709
4025,train,3.334432601928711
4026,train,3.3387718200683594
4027,train,3.340272903442383
4028,train,3.3427348136901855
4029,train,3.3459243774414062
4030,train,3.3494207859039307
4031,train,3.3515334129333496
4032,train,3.3257241249084473
4033,train,3.3593573570251465
4034,train,3.3525822162628174
4035,train,3.345411777496338
4036,train,3.345921277999878
4037,train,3.370089530944824
4038,train,3.334120512008667
4039,train,3.363579273223877
4040,train,3.346963405609131
4041,train,3.3511834144592285
4042,train,3.3227458000183105
4043,train,3.3529598712921143
4044,train,3.3668575286865234
4045,train,3.360100269317627
4046,train,3.3308560848236084
4047,train,3.302999496459961
4048,train,3.347163200378418
4049,train,3.3285579681396484
4050,train,3.2941980361938477
4051,train,3.342480421066284
4052,train,3.3381872177124023
4053,train,3.347496509552002
4054,train,3.3477656841278076
4055,train,3.343345880508423
4056,train,3.371580123901367
4057,train,3.3595423698425293
4058,train,3.3452064990997314
4059,train,3.3615317344665527
4060,train,3.333298683166504
4061,train,3.3281898498535156
4062,train,3.3432321548461914
4063,train,3.3190245628356934
4064,train,3.3103790283203125
4065,train,3.3345680236816406
4066,train,3.367091655731201
4067,train,3.3120083808898926
4068,train,3.3388562202453613
4069,train,3.3583948612213135
4070,train,3.3827531337738037
4071,train,3.3617732524871826
4072,train,3.3374438285827637
4073,train,3.342559814453125
4074,train,3.3315320014953613
4075,train,3.348935604095459
4076,train,3.3590211868286133
4077,train,3.3554766178131104
4078,train,3.327456474304199
4079,train,3.311215400695801
4080,train,3.36572265625
4081,train,3.3496286869049072
4082,train,3.3672804832458496
4083,train,3.3511087894439697
4084,train,3.324493408203125
4085,train,3.370687246322632
4086,train,3.3602962493896484
4087,train,3.3476648330688477
4088,train,3.3602089881896973
4089,train,3.325835943222046
4090,train,3.3365488052368164
4091,train,3.343574047088623
4092,train,3.309810161590576
4093,train,3.3308372497558594
4094,train,3.3431389331817627
4095,train,3.3087801933288574
4096,train,3.329584836959839
4097,train,3.3820743560791016
4098,train,3.3147876262664795
4099,train,3.3477540016174316
4100,train,3.319270372390747
4100,val,3.346349000930786
4100,hellaswag,0.2722565226050587
4101,train,3.3369271755218506
4102,train,3.3164966106414795
4103,train,3.3108866214752197
4104,train,3.305973768234253
4105,train,3.2940828800201416
4106,train,3.363835573196411
4107,train,3.352376937866211
4108,train,3.299539566040039
4109,train,3.3419504165649414
4110,train,3.3284082412719727
4111,train,3.3434183597564697
4112,train,3.3259549140930176
4113,train,3.3557610511779785
4114,train,3.3228721618652344
4115,train,3.334398031234741
4116,train,3.3350367546081543
4117,train,3.357025623321533
4118,train,3.3356246948242188
4119,train,3.3320419788360596
4120,train,3.3283803462982178
4121,train,3.386641502380371
4122,train,3.3206396102905273
4123,train,3.3296163082122803
4124,train,3.3470849990844727
4125,train,3.340703010559082
4126,train,3.3243722915649414
4127,train,3.3208212852478027
4128,train,3.311765670776367
4129,train,3.3272581100463867
4130,train,3.3339550495147705
4131,train,3.336599826812744
4132,train,3.333678960800171
4133,train,3.330029010772705
4134,train,3.3234670162200928
4135,train,3.2883057594299316
4136,train,3.332949638366699
4137,train,3.3227155208587646
4138,train,3.3142662048339844
4139,train,3.3467493057250977
4140,train,3.326420545578003
4141,train,3.3271842002868652
4142,train,3.326193332672119
4143,train,3.3175625801086426
4144,train,3.315446138381958
4145,train,3.3132681846618652
4146,train,3.357879161834717
4147,train,3.352360725402832
4148,train,3.3149378299713135
4149,train,3.3300185203552246
4150,train,3.3268938064575195
4151,train,3.3420605659484863
4152,train,3.3463358879089355
4153,train,3.3323981761932373
4154,train,3.34090256690979
4155,train,3.347929000854492
4156,train,3.350482225418091
4157,train,3.378657341003418
4158,train,3.333683729171753
4159,train,3.3369317054748535
4160,train,3.313045024871826
4161,train,3.3190972805023193
4162,train,3.3543007373809814
4163,train,3.307173252105713
4164,train,3.3154749870300293
4165,train,3.2780566215515137
4166,train,3.341921806335449
4167,train,3.312147378921509
4168,train,3.3409781455993652
4169,train,3.344860076904297
4170,train,3.3394389152526855
4171,train,3.304110527038574
4172,train,3.3345088958740234
4173,train,3.3468925952911377
4174,train,3.2936322689056396
4175,train,3.338292360305786
4176,train,3.318854331970215
4177,train,3.33981990814209
4178,train,3.2913928031921387
4179,train,3.3536946773529053
4180,train,3.337937116622925
4181,train,3.315901041030884
4182,train,3.3248605728149414
4183,train,3.302786111831665
4184,train,3.310218095779419
4185,train,3.2884044647216797
4186,train,3.309291124343872
4187,train,3.3351621627807617
4188,train,3.3193140029907227
4189,train,3.2937259674072266
4190,train,3.331789016723633
4191,train,3.3928799629211426
4192,train,3.3159220218658447
4193,train,3.339958429336548
4194,train,3.3111777305603027
4195,train,3.3584275245666504
4196,train,3.333238363265991
4197,train,3.3368031978607178
4198,train,3.380488157272339
4199,train,3.3515028953552246
4200,train,3.387887954711914
4200,val,3.339970350265503
4200,hellaswag,0.27215694084843656
4201,train,3.3782238960266113
4202,train,3.3737382888793945
4203,train,3.3691012859344482
4204,train,3.372072458267212
4205,train,3.3769547939300537
4206,train,3.3827714920043945
4207,train,3.3451907634735107
4208,train,3.3620963096618652
4209,train,3.3297042846679688
4210,train,3.3715455532073975
4211,train,3.3554866313934326
4212,train,3.380885124206543
4213,train,3.343364953994751
4214,train,3.356536865234375
4215,train,3.3399105072021484
4216,train,3.363948345184326
4217,train,3.368016481399536
4218,train,3.3524954319000244
4219,train,3.3773012161254883
4220,train,3.3358542919158936
4221,train,3.3533573150634766
4222,train,3.357273817062378
4223,train,3.366652250289917
4224,train,3.3461265563964844
4225,train,3.355879783630371
4226,train,3.3617935180664062
4227,train,3.3574929237365723
4228,train,3.361985921859741
4229,train,3.3752458095550537
4230,train,3.36726713180542
4231,train,3.3575778007507324
4232,train,3.3495473861694336
4233,train,3.36769700050354
4234,train,3.3543052673339844
4235,train,3.3442788124084473
4236,train,3.4033541679382324
4237,train,3.3615708351135254
4238,train,3.3477818965911865
4239,train,3.344482898712158
4240,train,3.370924472808838
4241,train,3.3503713607788086
4242,train,3.391385078430176
4243,train,3.2917537689208984
4244,train,3.405787467956543
4245,train,3.357330083847046
4246,train,3.3362855911254883
4247,train,3.3783204555511475
4248,train,3.3797779083251953
4249,train,3.3325393199920654
4250,train,3.3454113006591797
4251,train,3.33335280418396
4252,train,3.348637104034424
4253,train,3.3579156398773193
4254,train,3.343850612640381
4255,train,3.3371613025665283
4256,train,3.374736785888672
4257,train,3.333667516708374
4258,train,3.3512840270996094
4259,train,3.357665538787842
4260,train,3.355731248855591
4261,train,3.351240873336792
4262,train,3.3767056465148926
4263,train,3.3905537128448486
4264,train,3.3628039360046387
4265,train,3.3443756103515625
4266,train,3.341710090637207
4267,train,3.348748207092285
4268,train,3.35194730758667
4269,train,3.35650897026062
4270,train,3.368271589279175
4271,train,3.3240466117858887
4272,train,3.3696844577789307
4273,train,3.2996926307678223
4274,train,3.351745128631592
4275,train,3.3591151237487793
4276,train,3.351992130279541
4277,train,3.3532915115356445
4278,train,3.3263347148895264
4279,train,3.339454174041748
4280,train,3.3477249145507812
4281,train,3.3763904571533203
4282,train,3.3405046463012695
4283,train,3.3423283100128174
4284,train,3.3409457206726074
4285,train,3.3134207725524902
4286,train,3.368325710296631
4287,train,3.345754623413086
4288,train,3.3581910133361816
4289,train,3.3630871772766113
4290,train,3.3234922885894775
4291,train,3.334029197692871
4292,train,3.3564162254333496
4293,train,3.373228073120117
4294,train,3.342658519744873
4295,train,3.350893020629883
4296,train,3.369663715362549
4297,train,3.403841495513916
4298,train,3.331735610961914
4299,train,3.3458828926086426
4300,train,3.3690404891967773
4300,val,3.334498405456543
4300,hellaswag,0.2727544313881697
4301,train,3.3407368659973145
4302,train,3.337745189666748
4303,train,3.358041763305664
4304,train,3.3518893718719482
4305,train,3.337817668914795
4306,train,3.373821258544922
4307,train,3.3775999546051025
4308,train,3.3673267364501953
4309,train,3.3688817024230957
4310,train,3.3487815856933594
4311,train,3.356135368347168
4312,train,3.3763253688812256
4313,train,3.3427867889404297
4314,train,3.3378214836120605
4315,train,3.3416829109191895
4316,train,3.377347707748413
4317,train,3.3153018951416016
4318,train,3.3320701122283936
4319,train,3.3205769062042236
4320,train,3.3333301544189453
4321,train,3.3364272117614746
4322,train,3.326223134994507
4323,train,3.370663642883301
4324,train,3.3585333824157715
4325,train,3.338876247406006
4326,train,3.366210460662842
4327,train,3.374131202697754
4328,train,3.361461877822876
4329,train,3.3241682052612305
4330,train,3.3649230003356934
4331,train,3.370655059814453
4332,train,3.340742826461792
4333,train,3.3306045532226562
4334,train,3.3519742488861084
4335,train,3.3722991943359375
4336,train,3.3383424282073975
4337,train,3.333716869354248
4338,train,3.3114116191864014
4339,train,3.3577828407287598
4340,train,3.352595329284668
4341,train,3.3659863471984863
4342,train,3.3623690605163574
4343,train,3.345559597015381
4344,train,3.3762099742889404
4345,train,3.3431506156921387
4346,train,3.36161470413208
4347,train,3.3512582778930664
4348,train,3.3102707862854004
4349,train,3.332232713699341
4350,train,3.3364439010620117
4351,train,3.377758502960205
4352,train,3.337113857269287
4353,train,3.3412227630615234
4354,train,3.372488498687744
4355,train,3.32939076423645
4356,train,3.2859811782836914
4357,train,3.3378946781158447
4358,train,3.3749661445617676
4359,train,3.3498353958129883
4360,train,3.3226161003112793
4361,train,3.346250057220459
4362,train,3.341968297958374
4363,train,3.3406264781951904
4364,train,3.29689359664917
4365,train,3.334179162979126
4366,train,3.3420581817626953
4367,train,3.345426321029663
4368,train,3.333554267883301
4369,train,3.3192636966705322
4370,train,3.3698971271514893
4371,train,3.3210630416870117
4372,train,3.394282579421997
4373,train,3.317615509033203
4374,train,3.317896604537964
4375,train,3.3386459350585938
4376,train,3.3392527103424072
4377,train,3.3607888221740723
4378,train,3.315237283706665
4379,train,3.3264081478118896
4380,train,3.32759165763855
4381,train,3.3422470092773438
4382,train,3.3617427349090576
4383,train,3.362888813018799
4384,train,3.2741854190826416
4385,train,3.3521037101745605
4386,train,3.3510632514953613
4387,train,3.342576503753662
4388,train,3.305551528930664
4389,train,3.3473153114318848
4390,train,3.3531973361968994
4391,train,3.31276798248291
4392,train,3.341160297393799
4393,train,3.3534579277038574
4394,train,3.358400344848633
4395,train,3.346757411956787
4396,train,3.333620548248291
4397,train,3.321582078933716
4398,train,3.329294204711914
4399,train,3.3540725708007812
4400,train,3.3422036170959473
4400,val,3.3316650390625
4400,hellaswag,0.276638119896435
4401,train,3.3623857498168945
4402,train,3.3380753993988037
4403,train,3.3193588256835938
4404,train,3.3442509174346924
4405,train,3.3348398208618164
4406,train,3.3433995246887207
4407,train,3.352558135986328
4408,train,3.35817289352417
4409,train,3.300553798675537
4410,train,3.361135721206665
4411,train,3.3548550605773926
4412,train,3.3151967525482178
4413,train,3.3705341815948486
4414,train,3.3249447345733643
4415,train,3.3316123485565186
4416,train,3.3187685012817383
4417,train,3.341702461242676
4418,train,3.344313144683838
4419,train,3.377246856689453
4420,train,3.3095955848693848
4421,train,3.317511796951294
4422,train,3.3343911170959473
4423,train,3.3519420623779297
4424,train,3.328378915786743
4425,train,3.3489317893981934
4426,train,3.296356201171875
4427,train,3.3583638668060303
4428,train,3.327843189239502
4429,train,3.340999126434326
4430,train,3.3443105220794678
4431,train,3.3164658546447754
4432,train,3.318516254425049
4433,train,3.318004608154297
4434,train,3.3496572971343994
4435,train,3.3349292278289795
4436,train,3.3167715072631836
4437,train,3.3123199939727783
4438,train,3.354219436645508
4439,train,3.3535101413726807
4440,train,3.321976661682129
4441,train,3.319749593734741
4442,train,3.306983470916748
4443,train,3.370035409927368
4444,train,3.3288216590881348
4445,train,3.309150457382202
4446,train,3.3205795288085938
4447,train,3.3443241119384766
4448,train,3.340803623199463
4449,train,3.3506128787994385
4450,train,3.321805477142334
4451,train,3.3424720764160156
4452,train,3.358128786087036
4453,train,3.3569579124450684
4454,train,3.32827091217041
4455,train,3.327075719833374
4456,train,3.343886375427246
4457,train,3.3328747749328613
4458,train,3.3266563415527344
4459,train,3.338083505630493
4460,train,3.344151735305786
4461,train,3.341912031173706
4462,train,3.340378761291504
4463,train,3.3367176055908203
4464,train,3.3453283309936523
4465,train,3.338712692260742
4466,train,3.3501219749450684
4467,train,3.302724599838257
4468,train,3.3421225547790527
4469,train,3.3455705642700195
4470,train,3.317474126815796
4471,train,3.349529504776001
4472,train,3.359837532043457
4473,train,3.3316051959991455
4474,train,3.3400282859802246
4475,train,3.3603734970092773
4476,train,3.329801082611084
4477,train,3.339138984680176
4478,train,3.3410394191741943
4479,train,3.3271780014038086
4480,train,3.3237273693084717
4481,train,3.31172513961792
4482,train,3.298037528991699
4483,train,3.3289802074432373
4484,train,3.3384835720062256
4485,train,3.312088966369629
4486,train,3.3090808391571045
4487,train,3.3272247314453125
4488,train,3.33286714553833
4489,train,3.3055849075317383
4490,train,3.3263559341430664
4491,train,3.309446096420288
4492,train,3.3252973556518555
4493,train,3.311908721923828
4494,train,3.320634603500366
4495,train,3.3558616638183594
4496,train,3.310662269592285
4497,train,3.3400638103485107
4498,train,3.3289051055908203
4499,train,3.2965774536132812
4500,train,3.303447723388672
4500,val,3.321671724319458
4500,hellaswag,0.27305317665803625
4501,train,3.332733154296875
4502,train,3.342257261276245
4503,train,3.350484848022461
4504,train,3.3620243072509766
4505,train,3.3093957901000977
4506,train,3.302962064743042
4507,train,3.2750144004821777
4508,train,3.356358051300049
4509,train,3.3218202590942383
4510,train,3.328789710998535
4511,train,3.3151345252990723
4512,train,3.332193613052368
4513,train,3.3162035942077637
4514,train,3.355766534805298
4515,train,3.3164639472961426
4516,train,3.312000274658203
4517,train,3.3254165649414062
4518,train,3.3219618797302246
4519,train,3.315180778503418
4520,train,3.3516123294830322
4521,train,3.32462215423584
4522,train,3.3203206062316895
4523,train,3.272487163543701
4524,train,3.294829845428467
4525,train,3.317943572998047
4526,train,3.3102710247039795
4527,train,3.318429946899414
4528,train,3.3075764179229736
4529,train,3.3124451637268066
4530,train,3.358733654022217
4531,train,3.295675277709961
4532,train,3.3223092555999756
4533,train,3.359260082244873
4534,train,3.302541494369507
4535,train,3.344918727874756
4536,train,3.3278956413269043
4537,train,3.2950079441070557
4538,train,3.3454458713531494
4539,train,3.325556993484497
4540,train,3.3034863471984863
4541,train,3.3020811080932617
4542,train,3.329017162322998
4543,train,3.3481221199035645
4544,train,3.3640055656433105
4545,train,3.302504777908325
4546,train,3.3360543251037598
4547,train,3.3055920600891113
4548,train,3.2918853759765625
4549,train,3.319610118865967
4550,train,3.288699150085449
4551,train,3.3410286903381348
4552,train,3.324413299560547
4553,train,3.316920518875122
4554,train,3.3200137615203857
4555,train,3.319857358932495
4556,train,3.319951057434082
4557,train,3.345183849334717
4558,train,3.3405628204345703
4559,train,3.301569938659668
4560,train,3.3172035217285156
4561,train,3.355602502822876
4562,train,3.290982246398926
4563,train,3.3319931030273438
4564,train,3.2923426628112793
4565,train,3.3302717208862305
4566,train,3.31921124458313
4567,train,3.3308348655700684
4568,train,3.3454749584198
4569,train,3.335677146911621
4570,train,3.332695960998535
4571,train,3.341200113296509
4572,train,3.3293275833129883
4573,train,3.294861316680908
4574,train,3.278585910797119
4575,train,3.3251724243164062
4576,train,3.3054471015930176
4577,train,3.3092257976531982
4578,train,3.295949935913086
4579,train,3.355973243713379
4580,train,3.3642988204956055
4581,train,3.329742670059204
4582,train,3.3334426879882812
4583,train,3.3479645252227783
4584,train,3.30332612991333
4585,train,3.3462743759155273
4586,train,3.3623900413513184
4587,train,3.3561816215515137
4588,train,3.326631546020508
4589,train,3.3627712726593018
4590,train,3.347442150115967
4591,train,3.300307273864746
4592,train,3.328470230102539
4593,train,3.354602575302124
4594,train,3.3395981788635254
4595,train,3.335982084274292
4596,train,3.3215155601501465
4597,train,3.3279848098754883
4598,train,3.327119827270508
4599,train,3.361311435699463
4600,train,3.346935272216797
4600,val,3.314974784851074
4600,hellaswag,0.27594104760007965
4601,train,3.32051944732666
4602,train,3.3558428287506104
4603,train,3.3403797149658203
4604,train,3.3342013359069824
4605,train,3.331467866897583
4606,train,3.3199167251586914
4607,train,3.3587169647216797
4608,train,3.3659751415252686
4609,train,3.3470630645751953
4610,train,3.3611252307891846
4611,train,3.3234200477600098
4612,train,3.34574031829834
4613,train,3.2766051292419434
4614,train,3.361395835876465
4615,train,3.334110736846924
4616,train,3.3347768783569336
4617,train,3.3403992652893066
4618,train,3.3375771045684814
4619,train,3.321509838104248
4620,train,3.3509726524353027
4621,train,3.357706069946289
4622,train,3.3400015830993652
4623,train,3.3193349838256836
4624,train,3.332883358001709
4625,train,3.320373296737671
4626,train,3.345203399658203
4627,train,3.34963321685791
4628,train,3.3359127044677734
4629,train,3.3154635429382324
4630,train,3.3145484924316406
4631,train,3.316889762878418
4632,train,3.3094425201416016
4633,train,3.2924587726593018
4634,train,3.3335611820220947
4635,train,3.3088724613189697
4636,train,3.3323278427124023
4637,train,3.3179802894592285
4638,train,3.338514804840088
4639,train,3.3582563400268555
4640,train,3.3191158771514893
4641,train,3.3225488662719727
4642,train,3.330692768096924
4643,train,3.318265438079834
4644,train,3.3526723384857178
4645,train,3.310723066329956
4646,train,3.353074312210083
4647,train,3.3194642066955566
4648,train,3.3320987224578857
4649,train,3.338907241821289
4650,train,3.308560371398926
4651,train,3.319199323654175
4652,train,3.3173930644989014
4653,train,3.3276753425598145
4654,train,3.3283207416534424
4655,train,3.3305091857910156
4656,train,3.3071560859680176
4657,train,3.351144313812256
4658,train,3.3267855644226074
4659,train,3.327327251434326
4660,train,3.335516929626465
4661,train,3.3408966064453125
4662,train,3.3495986461639404
4663,train,3.3281073570251465
4664,train,3.339749336242676
4665,train,3.350327491760254
4666,train,3.3337082862854004
4667,train,3.302868127822876
4668,train,3.338308334350586
4669,train,3.337486982345581
4670,train,3.315747022628784
4671,train,3.3286209106445312
4672,train,3.305621862411499
4673,train,3.351635456085205
4674,train,3.34016752243042
4675,train,3.3313515186309814
4676,train,3.358506679534912
4677,train,3.3101696968078613
4678,train,3.3259825706481934
4679,train,3.2959251403808594
4680,train,3.3363728523254395
4681,train,3.278730869293213
4682,train,3.293766975402832
4683,train,3.3092031478881836
4684,train,3.3190793991088867
4685,train,3.354515790939331
4686,train,3.369922161102295
4687,train,3.318005084991455
4688,train,3.2856826782226562
4689,train,3.341416358947754
4690,train,3.2945830821990967
4691,train,3.3085312843322754
4692,train,3.3262572288513184
4693,train,3.3635475635528564
4694,train,3.348464250564575
4695,train,3.3131794929504395
4696,train,3.3243651390075684
4697,train,3.34702730178833
4698,train,3.3180108070373535
4699,train,3.30326509475708
4700,train,3.3505749702453613
4700,val,3.3115756511688232
4700,hellaswag,0.27753435570603463
4701,train,3.3312809467315674
4702,train,3.2836222648620605
4703,train,3.3530070781707764
4704,train,3.3078348636627197
4705,train,3.3117237091064453
4706,train,3.2884907722473145
4707,train,3.3109817504882812
4708,train,3.32381534576416
4709,train,3.3167881965637207
4710,train,3.300804853439331
4711,train,3.26906681060791
4712,train,3.283280372619629
4713,train,3.3394720554351807
4714,train,3.328597068786621
4715,train,3.37406587600708
4716,train,3.333801031112671
4717,train,3.3105263710021973
4718,train,3.299382209777832
4719,train,3.320364475250244
4720,train,3.3214211463928223
4721,train,3.346106767654419
4722,train,3.3434362411499023
4723,train,3.3643569946289062
4724,train,3.3220608234405518
4725,train,3.333218574523926
4726,train,3.3338589668273926
4727,train,3.350846767425537
4728,train,3.311797618865967
4729,train,3.3064234256744385
4730,train,3.331373453140259
4731,train,3.276998519897461
4732,train,3.294999122619629
4733,train,3.3467721939086914
4734,train,3.312286376953125
4735,train,3.330970287322998
4736,train,3.335453748703003
4737,train,3.3144688606262207
4738,train,3.333393096923828
4739,train,3.3496217727661133
4740,train,3.3386571407318115
4741,train,3.254948377609253
4742,train,3.284515857696533
4743,train,3.3541440963745117
4744,train,3.2840492725372314
4745,train,3.369842052459717
4746,train,3.327911615371704
4747,train,3.335415840148926
4748,train,3.2934019565582275
4749,train,3.310105800628662
4750,train,3.332371711730957
4751,train,3.338752269744873
4752,train,3.2899556159973145
4753,train,3.322585105895996
4754,train,3.2905850410461426
4755,train,3.31679630279541
4756,train,3.3208353519439697
4757,train,3.326596260070801
4758,train,3.310866117477417
4759,train,3.32570481300354
4760,train,3.2915894985198975
4761,train,3.3251891136169434
4762,train,3.3389673233032227
4763,train,3.2984461784362793
4764,train,3.3032760620117188
4765,train,3.3146653175354004
4766,train,3.302692174911499
4767,train,3.2902913093566895
4768,train,3.3589634895324707
4769,train,3.3306350708007812
4770,train,3.2984018325805664
4771,train,3.323636054992676
4772,train,3.3442580699920654
4773,train,3.3125503063201904
4774,train,3.2930190563201904
4775,train,3.3266499042510986
4776,train,3.3017935752868652
4777,train,3.3296523094177246
4778,train,3.353081464767456
4779,train,3.3455352783203125
4780,train,3.3088245391845703
4781,train,3.3367066383361816
4782,train,3.2792139053344727
4783,train,3.31398344039917
4784,train,3.297440767288208
4785,train,3.298980712890625
4786,train,3.314751386642456
4787,train,3.3539938926696777
4788,train,3.3497655391693115
4789,train,3.3200230598449707
4790,train,3.3359169960021973
4791,train,3.351463794708252
4792,train,3.2991750240325928
4793,train,3.301725387573242
4794,train,3.3026368618011475
4795,train,3.3079545497894287
4796,train,3.2825379371643066
4797,train,3.316594362258911
4798,train,3.293466567993164
4799,train,3.3145575523376465
4800,train,3.2811026573181152
4800,val,3.3062570095062256
4800,hellaswag,0.27076279625572597
4801,train,3.3477659225463867
4802,train,3.293613910675049
4803,train,3.329875946044922
4804,train,3.3729896545410156
4805,train,3.3454174995422363
4806,train,3.303732395172119
4807,train,3.305217981338501
4808,train,3.370448350906372
4809,train,3.3188748359680176
4810,train,3.292949676513672
4811,train,3.298492431640625
4812,train,3.303638458251953
4813,train,3.316004514694214
4814,train,3.2998359203338623
4815,train,3.2808408737182617
4816,train,3.29097843170166
4817,train,3.3052048683166504
4818,train,3.2956342697143555
4819,train,3.3000736236572266
4820,train,3.3253540992736816
4821,train,3.336599826812744
4822,train,3.322570323944092
4823,train,3.326643228530884
4824,train,3.3055830001831055
4825,train,3.3139071464538574
4826,train,3.3097989559173584
4827,train,3.3191120624542236
4828,train,3.3299570083618164
4829,train,3.292285442352295
4830,train,3.3051435947418213
4831,train,3.3052916526794434
4832,train,3.335970401763916
4833,train,3.314484119415283
4834,train,3.3248744010925293
4835,train,3.3466858863830566
4836,train,3.3089301586151123
4837,train,3.3150522708892822
4838,train,3.338681221008301
4839,train,3.2833828926086426
4840,train,3.292562246322632
4841,train,3.3265252113342285
4842,train,3.3170833587646484
4843,train,3.3096766471862793
4844,train,3.322068691253662
4845,train,3.342360496520996
4846,train,3.3191938400268555
4847,train,3.351682662963867
4848,train,3.3069801330566406
4849,train,3.2511239051818848
4850,train,3.3230338096618652
4851,train,3.300877332687378
4852,train,3.3000612258911133
4853,train,3.32504940032959
4854,train,3.3123090267181396
4855,train,3.3073058128356934
4856,train,3.3124403953552246
4857,train,3.31770396232605
4858,train,3.3310394287109375
4859,train,3.34421706199646
4860,train,3.315938949584961
4861,train,3.3022003173828125
4862,train,3.310899019241333
4863,train,3.3371973037719727
4864,train,3.312427520751953
4865,train,3.2791757583618164
4866,train,3.328423023223877
4867,train,3.297532081604004
4868,train,3.2676405906677246
4869,train,3.28741192817688
4870,train,3.3065037727355957
4871,train,3.254392623901367
4872,train,3.286348342895508
4873,train,3.3154304027557373
4874,train,3.327545166015625
4875,train,3.2868599891662598
4876,train,3.283520221710205
4877,train,3.312262535095215
4878,train,3.326901912689209
4879,train,3.3060243129730225
4880,train,3.3161633014678955
4881,train,3.323432445526123
4882,train,3.294956684112549
4883,train,3.305793285369873
4884,train,3.2840042114257812
4885,train,3.3297715187072754
4886,train,3.3176932334899902
4887,train,3.2997243404388428
4888,train,3.3208389282226562
4889,train,3.326045274734497
4890,train,3.2826290130615234
4891,train,3.304377555847168
4892,train,3.285102367401123
4893,train,3.281148910522461
4894,train,3.2795791625976562
4895,train,3.357976198196411
4896,train,3.338801860809326
4897,train,3.3402066230773926
4898,train,3.287116527557373
4899,train,3.3288164138793945
4900,train,3.327836513519287
4900,val,3.3026137351989746
4900,hellaswag,0.27454690300736906
4901,train,3.2981672286987305
4902,train,3.3236260414123535
4903,train,3.3034048080444336
4904,train,3.313002824783325
4905,train,3.3115057945251465
4906,train,3.268810272216797
4907,train,3.300527572631836
4908,train,3.336188316345215
4909,train,3.3038434982299805
4910,train,3.294048309326172
4911,train,3.322115898132324
4912,train,3.285644054412842
4913,train,3.322665214538574
4914,train,3.2982044219970703
4915,train,3.3137168884277344
4916,train,3.3413453102111816
4917,train,3.300065279006958
4918,train,3.2918834686279297
4919,train,3.2952218055725098
4920,train,3.301595687866211
4921,train,3.31829833984375
4922,train,3.321711301803589
4923,train,3.3165132999420166
4924,train,3.3051705360412598
4925,train,3.2951040267944336
4926,train,3.3059873580932617
4927,train,3.333035469055176
4928,train,3.3304576873779297
4929,train,3.3136420249938965
4930,train,3.2848944664001465
4931,train,3.303130865097046
4932,train,3.321749448776245
4933,train,3.3446950912475586
4934,train,3.3217408657073975
4935,train,3.2954397201538086
4936,train,3.3283209800720215
4937,train,3.3320181369781494
4938,train,3.3255319595336914
4939,train,3.2839109897613525
4940,train,3.3148045539855957
4941,train,3.310486078262329
4942,train,3.2899842262268066
4943,train,3.335993766784668
4944,train,3.3012208938598633
4945,train,3.2878410816192627
4946,train,3.305917263031006
4947,train,3.3200392723083496
4948,train,3.3148961067199707
4949,train,3.3169515132904053
4950,train,3.255251407623291
4951,train,3.3322131633758545
4952,train,3.303557872772217
4953,train,3.284653663635254
4954,train,3.3355278968811035
4955,train,3.3059825897216797
4956,train,3.2791216373443604
4957,train,3.2656431198120117
4958,train,3.3503503799438477
4959,train,3.345909833908081
4960,train,3.3130240440368652
4961,train,3.3407742977142334
4962,train,3.3202121257781982
4963,train,3.3103652000427246
4964,train,3.3030076026916504
4965,train,3.3259317874908447
4966,train,3.2990951538085938
4967,train,3.3095874786376953
4968,train,3.3027493953704834
4969,train,3.3196754455566406
4970,train,3.3095669746398926
4971,train,3.3318631649017334
4972,train,3.3496651649475098
4973,train,3.353583812713623
4974,train,3.3263590335845947
4975,train,3.3406691551208496
4976,train,3.2937350273132324
4977,train,3.2884676456451416
4978,train,3.310183048248291
4979,train,3.3038136959075928
4980,train,3.2870945930480957
4981,train,3.3311221599578857
4982,train,3.3038837909698486
4983,train,3.3056626319885254
4984,train,3.309818983078003
4985,train,3.3143482208251953
4986,train,3.3317747116088867
4987,train,3.304217576980591
4988,train,3.3216090202331543
4989,train,3.329319715499878
4990,train,3.3153445720672607
4991,train,3.321126937866211
4992,train,3.2911500930786133
4993,train,3.3262200355529785
4994,train,3.3176302909851074
4995,train,3.3491995334625244
4996,train,3.3396847248077393
4997,train,3.2965469360351562
4998,train,3.326674461364746
4999,train,3.305450439453125
5000,train,3.3394033908843994
5000,val,3.294137477874756
5000,hellaswag,0.2746464847639912
5001,train,3.350356101989746
5002,train,3.274521827697754
5003,train,3.3279645442962646
5004,train,3.2945590019226074
5005,train,3.335814952850342
5006,train,3.2834603786468506
5007,train,3.3149755001068115
5008,train,3.3007357120513916
5009,train,3.319809675216675
5010,train,3.2985334396362305
5011,train,3.3057913780212402
5012,train,3.294853687286377
5013,train,3.337523937225342
5014,train,3.3239355087280273
5015,train,3.303304672241211
5016,train,3.3217520713806152
5017,train,3.291724443435669
5018,train,3.3181488513946533
5019,train,3.299278736114502
5020,train,3.3072102069854736
5021,train,3.335789203643799
5022,train,3.290365219116211
5023,train,3.2962119579315186
5024,train,3.3158798217773438
5025,train,3.29486083984375
5026,train,3.3197765350341797
5027,train,3.324489116668701
5028,train,3.3150670528411865
5029,train,3.3040196895599365
5030,train,3.3105149269104004
5031,train,3.309865951538086
5032,train,3.293884754180908
5033,train,3.3242037296295166
5034,train,3.3121941089630127
5035,train,3.323720932006836
5036,train,3.3025827407836914
5037,train,3.3029625415802
5038,train,3.313692331314087
5039,train,3.2794556617736816
5040,train,3.329075813293457
5041,train,3.300530195236206
5042,train,3.2975127696990967
5043,train,3.308488607406616
5044,train,3.336695671081543
5045,train,3.309256076812744
5046,train,3.293417453765869
5047,train,3.288606643676758
5048,train,3.288337230682373
5049,train,3.2874374389648438
5050,train,3.2955141067504883
5051,train,3.356483221054077
5052,train,3.30210542678833
5053,train,3.2868764400482178
5054,train,3.336526393890381
5055,train,3.297907590866089
5056,train,3.3123481273651123
5057,train,3.3429436683654785
5058,train,3.243028163909912
5059,train,3.3323147296905518
5060,train,3.3003921508789062
5061,train,3.290066719055176
5062,train,3.3208656311035156
5063,train,3.318162441253662
5064,train,3.292283296585083
5065,train,3.2923786640167236
5066,train,3.288856267929077
5067,train,3.289259672164917
5068,train,3.2689104080200195
5069,train,3.2915778160095215
5070,train,3.330044746398926
5071,train,3.287477493286133
5072,train,3.3153955936431885
5073,train,3.304234504699707
5074,train,3.3101909160614014
5075,train,3.3021721839904785
5076,train,3.3043465614318848
5077,train,3.294844150543213
5078,train,3.283285617828369
5079,train,3.3102331161499023
5080,train,3.3065664768218994
5081,train,3.3364346027374268
5082,train,3.3150534629821777
5083,train,3.2995214462280273
5084,train,3.3244638442993164
5085,train,3.304903745651245
5086,train,3.3350577354431152
5087,train,3.2990341186523438
5088,train,3.2802319526672363
5089,train,3.344128131866455
5090,train,3.279125213623047
5091,train,3.2671120166778564
5092,train,3.302919864654541
5093,train,3.307945489883423
5094,train,3.3341097831726074
5095,train,3.3269243240356445
5096,train,3.3024344444274902
5097,train,3.35728120803833
5098,train,3.3006863594055176
5099,train,3.3174312114715576
5100,train,3.328728675842285
5100,val,3.290395736694336
5100,hellaswag,0.2788289185421231
5101,train,3.315685272216797
5102,train,3.285134792327881
5103,train,3.293452024459839
5104,train,3.308145046234131
5105,train,3.28821063041687
5106,train,3.303598165512085
5107,train,3.2893970012664795
5108,train,3.2670023441314697
5109,train,3.3239803314208984
5110,train,3.29286789894104
5111,train,3.2878577709198
5112,train,3.292034149169922
5113,train,3.2864608764648438
5114,train,3.2879514694213867
5115,train,3.340230703353882
5116,train,3.3150200843811035
5117,train,3.3125100135803223
5118,train,3.298642635345459
5119,train,3.3080835342407227
5120,train,3.311671257019043
5121,train,3.3153562545776367
5122,train,3.2959671020507812
5123,train,3.3048853874206543
5124,train,3.2905921936035156
5125,train,3.2945713996887207
5126,train,3.3051705360412598
5127,train,3.2866439819335938
5128,train,3.2717764377593994
5129,train,3.31290864944458
5130,train,3.2890663146972656
5131,train,3.287259578704834
5132,train,3.308236598968506
5133,train,3.293048858642578
5134,train,3.2902235984802246
5135,train,3.323047637939453
5136,train,3.275451421737671
5137,train,3.340846061706543
5138,train,3.2694013118743896
5139,train,3.313277244567871
5140,train,3.2564446926116943
5141,train,3.321295738220215
5142,train,3.2846856117248535
5143,train,3.3194446563720703
5144,train,3.2775113582611084
5145,train,3.293323516845703
5146,train,3.2897486686706543
5147,train,3.297760248184204
5148,train,3.3075342178344727
5149,train,3.3144288063049316
5150,train,3.286297559738159
5151,train,3.2834110260009766
5152,train,3.28062105178833
5153,train,3.2834270000457764
5154,train,3.2941551208496094
5155,train,3.260239601135254
5156,train,3.263193130493164
5157,train,3.273099422454834
5158,train,3.2666916847229004
5159,train,3.3066444396972656
5160,train,3.330359935760498
5161,train,3.309309959411621
5162,train,3.2965872287750244
5163,train,3.2745707035064697
5164,train,3.291119337081909
5165,train,3.271754264831543
5166,train,3.3187150955200195
5167,train,3.2758688926696777
5168,train,3.340454578399658
5169,train,3.2956175804138184
5170,train,3.2888402938842773
5171,train,3.281643867492676
5172,train,3.316000461578369
5173,train,3.2861757278442383
5174,train,3.2768771648406982
5175,train,3.2743306159973145
5176,train,3.3203604221343994
5177,train,3.2758171558380127
5178,train,3.3017830848693848
5179,train,3.294727325439453
5180,train,3.2820122241973877
5181,train,3.269249677658081
5182,train,3.278315305709839
5183,train,3.29062557220459
5184,train,3.2882583141326904
5185,train,3.315593719482422
5186,train,3.293219804763794
5187,train,3.2609152793884277
5188,train,3.2596635818481445
5189,train,3.2748146057128906
5190,train,3.292198419570923
5191,train,3.3204293251037598
5192,train,3.2563412189483643
5193,train,3.280629873275757
5194,train,3.2800440788269043
5195,train,3.293844699859619
5196,train,3.3274712562561035
5197,train,3.2610702514648438
5198,train,3.2934064865112305
5199,train,3.304276704788208
5200,train,3.28314208984375
5200,val,3.2868313789367676
5200,hellaswag,0.277733519219279
5201,train,3.280949592590332
5202,train,3.2851150035858154
5203,train,3.2674379348754883
5204,train,3.2775931358337402
5205,train,3.3080837726593018
5206,train,3.2604691982269287
5207,train,3.3015990257263184
5208,train,3.30791974067688
5209,train,3.3017921447753906
5210,train,3.2932190895080566
5211,train,3.283123731613159
5212,train,3.357191324234009
5213,train,3.2798452377319336
5214,train,3.238220453262329
5215,train,3.3092050552368164
5216,train,3.2676901817321777
5217,train,3.3229103088378906
5218,train,3.297319173812866
5219,train,3.2461395263671875
5220,train,3.281872272491455
5221,train,3.3021786212921143
5222,train,3.2749216556549072
5223,train,3.266660690307617
5224,train,3.304943084716797
5225,train,3.265047311782837
5226,train,3.287357807159424
5227,train,3.2671523094177246
5228,train,3.2592227458953857
5229,train,3.279446601867676
5230,train,3.2704873085021973
5231,train,3.2476806640625
5232,train,3.299863815307617
5233,train,3.243109703063965
5234,train,3.2977066040039062
5235,train,3.255356788635254
5236,train,3.3168606758117676
5237,train,3.3213918209075928
5238,train,3.297330617904663
5239,train,3.278207540512085
5240,train,3.3012757301330566
5241,train,3.272024393081665
5242,train,3.285865306854248
5243,train,3.308924436569214
5244,train,3.284595251083374
5245,train,3.2705013751983643
5246,train,3.2826766967773438
5247,train,3.2852439880371094
5248,train,3.2753286361694336
5249,train,3.288081169128418
5250,train,3.309591770172119
5251,train,3.2936558723449707
5252,train,3.238421678543091
5253,train,3.289783239364624
5254,train,3.2733395099639893
5255,train,3.280759811401367
5256,train,3.316514015197754
5257,train,3.2945544719696045
5258,train,3.324357509613037
5259,train,3.2739970684051514
5260,train,3.2730319499969482
5261,train,3.2662882804870605
5262,train,3.260434150695801
5263,train,3.2689406871795654
5264,train,3.2562294006347656
5265,train,3.2469229698181152
5266,train,3.24948787689209
5267,train,3.300095796585083
5268,train,3.2617177963256836
5269,train,3.2295496463775635
5270,train,3.2604165077209473
5271,train,3.2718167304992676
5272,train,3.2587060928344727
5273,train,3.3242554664611816
5274,train,3.2907533645629883
5275,train,3.2731738090515137
5276,train,3.266338348388672
5277,train,3.2790467739105225
5278,train,3.2822415828704834
5279,train,3.2977380752563477
5280,train,3.249791145324707
5281,train,3.2665276527404785
5282,train,3.2460849285125732
5283,train,3.25087308883667
5284,train,3.265965700149536
5285,train,3.2487263679504395
5286,train,3.296504497528076
5287,train,3.288483142852783
5288,train,3.2805206775665283
5289,train,3.277866840362549
5290,train,3.254241466522217
5291,train,3.3166637420654297
5292,train,3.290778636932373
5293,train,3.2548179626464844
5294,train,3.2556509971618652
5295,train,3.2634310722351074
5296,train,3.2821924686431885
5297,train,3.259974479675293
5298,train,3.266843557357788
5299,train,3.2644920349121094
5300,train,3.2149946689605713
5300,val,3.282832145690918
5300,hellaswag,0.27763393746265685
5301,train,3.241363525390625
5302,train,3.3121328353881836
5303,train,3.3082990646362305
5304,train,3.2778525352478027
5305,train,3.297301769256592
5306,train,3.2883644104003906
5307,train,3.2483437061309814
5308,train,3.2640151977539062
5309,train,3.2563986778259277
5310,train,3.231973171234131
5311,train,3.2878012657165527
5312,train,3.2439897060394287
5313,train,3.2778828144073486
5314,train,3.2528746128082275
5315,train,3.290893793106079
5316,train,3.2673192024230957
5317,train,3.314373016357422
5318,train,3.2653841972351074
5319,train,3.272488594055176
5320,train,3.246734619140625
5321,train,3.2709667682647705
5322,train,3.275357723236084
5323,train,3.2505056858062744
5324,train,3.2718918323516846
5325,train,3.2583978176116943
5326,train,3.2929654121398926
5327,train,3.2569828033447266
5328,train,3.300619125366211
5329,train,3.2812886238098145
5330,train,3.244626998901367
5331,train,3.2665045261383057
5332,train,3.253453254699707
5333,train,3.2822628021240234
5334,train,3.270216464996338
5335,train,3.2830820083618164
5336,train,3.2610840797424316
5337,train,3.2629661560058594
5338,train,3.2726690769195557
5339,train,3.2240099906921387
5340,train,3.269667863845825
5341,train,3.269847869873047
5342,train,3.2718114852905273
5343,train,3.2821414470672607
5344,train,3.26883602142334
5345,train,3.30497407913208
5346,train,3.300764799118042
5347,train,3.282059669494629
5348,train,3.268326759338379
5349,train,3.272702693939209
5350,train,3.27469539642334
5351,train,3.2442498207092285
5352,train,3.2704105377197266
5353,train,3.267146587371826
5354,train,3.290288209915161
5355,train,3.2746758460998535
5356,train,3.3087069988250732
5357,train,3.271151065826416
5358,train,3.275991439819336
5359,train,3.2935233116149902
5360,train,3.2994492053985596
5361,train,3.2962121963500977
5362,train,3.2987866401672363
5363,train,3.3093209266662598
5364,train,3.239297389984131
5365,train,3.2779831886291504
5366,train,3.267430305480957
5367,train,3.2918477058410645
5368,train,3.2951645851135254
5369,train,3.3062939643859863
5370,train,3.2911386489868164
5371,train,3.2904891967773438
5372,train,3.2819221019744873
5373,train,3.286349296569824
5374,train,3.259795665740967
5375,train,3.2506444454193115
5376,train,3.289940118789673
5377,train,3.30010724067688
5378,train,3.2783992290496826
5379,train,3.286997079849243
5380,train,3.282527208328247
5381,train,3.2922322750091553
5382,train,3.3068156242370605
5383,train,3.247270107269287
5384,train,3.301942825317383
5385,train,3.2705934047698975
5386,train,3.2840089797973633
5387,train,3.2800917625427246
5388,train,3.276546001434326
5389,train,3.29622745513916
5390,train,3.3081302642822266
5391,train,3.270358085632324
5392,train,3.2786786556243896
5393,train,3.268188714981079
5394,train,3.2635116577148438
5395,train,3.303972005844116
5396,train,3.307102918624878
5397,train,3.2945096492767334
5398,train,3.2550747394561768
5399,train,3.2874438762664795
5400,train,3.2775609493255615
5400,val,3.2754087448120117
5400,hellaswag,0.27743477394941246
5401,train,3.2767865657806396
5402,train,3.2939419746398926
5403,train,3.2786507606506348
5404,train,3.274495840072632
5405,train,3.2872776985168457
5406,train,3.303931713104248
5407,train,3.2704105377197266
5408,train,3.2867705821990967
5409,train,3.2748212814331055
5410,train,3.2833633422851562
5411,train,3.2634129524230957
5412,train,3.2814149856567383
5413,train,3.2507858276367188
5414,train,3.2569642066955566
5415,train,3.289710760116577
5416,train,3.2541236877441406
5417,train,3.2878036499023438
5418,train,3.3162691593170166
5419,train,3.3026914596557617
5420,train,3.2758796215057373
5421,train,3.2760355472564697
5422,train,3.284425735473633
5423,train,3.280520439147949
5424,train,3.2527782917022705
5425,train,3.297203302383423
5426,train,3.253851890563965
5427,train,3.2889108657836914
5428,train,3.329099655151367
5429,train,3.2928709983825684
5430,train,3.2640833854675293
5431,train,3.2380166053771973
5432,train,3.2624566555023193
5433,train,3.2686543464660645
5434,train,3.2828195095062256
5435,train,3.2844314575195312
5436,train,3.274672746658325
5437,train,3.281423807144165
5438,train,3.2824149131774902
5439,train,3.296916961669922
5440,train,3.290262222290039
5441,train,3.2460947036743164
5442,train,3.270846366882324
5443,train,3.309957504272461
5444,train,3.3250985145568848
5445,train,3.32275652885437
5446,train,3.306746244430542
5447,train,3.3356072902679443
5448,train,3.272749423980713
5449,train,3.283748149871826
5450,train,3.3249659538269043
5451,train,3.3027851581573486
5452,train,3.2928833961486816
5453,train,3.3185415267944336
5454,train,3.266510486602783
5455,train,3.305108070373535
5456,train,3.2963778972625732
5457,train,3.283438205718994
5458,train,3.2982656955718994
5459,train,3.301833391189575
5460,train,3.300290107727051
5461,train,3.3009796142578125
5462,train,3.293825149536133
5463,train,3.281276226043701
5464,train,3.3126273155212402
5465,train,3.2834320068359375
5466,train,3.3064091205596924
5467,train,3.2972185611724854
5468,train,3.285611629486084
5469,train,3.2635629177093506
5470,train,3.300856590270996
5471,train,3.273023843765259
5472,train,3.2902326583862305
5473,train,3.28195858001709
5474,train,3.308867931365967
5475,train,3.3045811653137207
5476,train,3.2773501873016357
5477,train,3.292684555053711
5478,train,3.260157585144043
5479,train,3.3037774562835693
5480,train,3.2978322505950928
5481,train,3.292482852935791
5482,train,3.2747128009796143
5483,train,3.279740571975708
5484,train,3.2999649047851562
5485,train,3.315915107727051
5486,train,3.275703191757202
5487,train,3.308560609817505
5488,train,3.2698347568511963
5489,train,3.265544891357422
5490,train,3.274667739868164
5491,train,3.3152594566345215
5492,train,3.28379487991333
5493,train,3.2920167446136475
5494,train,3.2902238368988037
5495,train,3.2777652740478516
5496,train,3.290257453918457
5497,train,3.275712013244629
5498,train,3.3385887145996094
5499,train,3.3038671016693115
5500,train,3.2659032344818115
5500,val,3.26881742477417
5500,hellaswag,0.27723561043616807
5501,train,3.2932090759277344
5502,train,3.2893080711364746
5503,train,3.300100803375244
5504,train,3.279665470123291
5505,train,3.2625043392181396
5506,train,3.2335643768310547
5507,train,3.2780330181121826
5508,train,3.279865264892578
5509,train,3.3020646572113037
5510,train,3.2928788661956787
5511,train,3.2987241744995117
5512,train,3.287045478820801
5513,train,3.279345989227295
5514,train,3.281238555908203
5515,train,3.2863316535949707
5516,train,3.292800188064575
5517,train,3.296766996383667
5518,train,3.2937216758728027
5519,train,3.289128065109253
5520,train,3.2992470264434814
5521,train,3.2825546264648438
5522,train,3.272124767303467
5523,train,3.2673258781433105
5524,train,3.239737033843994
5525,train,3.299715518951416
5526,train,3.2772908210754395
5527,train,3.2850284576416016
5528,train,3.294191360473633
5529,train,3.2957091331481934
5530,train,3.279503345489502
5531,train,3.2838101387023926
5532,train,3.295138359069824
5533,train,3.3219399452209473
5534,train,3.297330141067505
5535,train,3.3185672760009766
5536,train,3.3138985633850098
5537,train,3.2960057258605957
5538,train,3.30241322517395
5539,train,3.3241186141967773
5540,train,3.3017616271972656
5541,train,3.2977652549743652
5542,train,3.281681537628174
5543,train,3.3132269382476807
5544,train,3.300323486328125
5545,train,3.307851791381836
5546,train,3.2666854858398438
5547,train,3.288778305053711
5548,train,3.2751994132995605
5549,train,3.2704312801361084
5550,train,3.3272271156311035
5551,train,3.293828248977661
5552,train,3.3256618976593018
5553,train,3.3247032165527344
5554,train,3.3118767738342285
5555,train,3.2488770484924316
5556,train,3.2594566345214844
5557,train,3.2835352420806885
5558,train,3.2807750701904297
5559,train,3.295928955078125
5560,train,3.313019275665283
5561,train,3.301218032836914
5562,train,3.3234376907348633
5563,train,3.3052244186401367
5564,train,3.3273284435272217
5565,train,3.331963539123535
5566,train,3.3234407901763916
5567,train,3.308809280395508
5568,train,3.275179386138916
5569,train,3.2853965759277344
5570,train,3.288602828979492
5571,train,3.291867733001709
5572,train,3.3183112144470215
5573,train,3.3101658821105957
5574,train,3.259921073913574
5575,train,3.287214517593384
5576,train,3.2662999629974365
5577,train,3.281820774078369
5578,train,3.330824375152588
5579,train,3.2609667778015137
5580,train,3.286165237426758
5581,train,3.2778289318084717
5582,train,3.268831253051758
5583,train,3.2650160789489746
5584,train,3.2824020385742188
5585,train,3.2631804943084717
5586,train,3.269413709640503
5587,train,3.2824411392211914
5588,train,3.269493579864502
5589,train,3.273247241973877
5590,train,3.2985668182373047
5591,train,3.278738021850586
5592,train,3.2774932384490967
5593,train,3.297830104827881
5594,train,3.300029754638672
5595,train,3.266249179840088
5596,train,3.2667481899261475
5597,train,3.277090549468994
5598,train,3.2983436584472656
5599,train,3.2810184955596924
5600,train,3.3019728660583496
5600,val,3.2644314765930176
5600,hellaswag,0.2778331009759012
5601,train,3.273792266845703
5602,train,3.298755645751953
5603,train,3.3259997367858887
5604,train,3.2813100814819336
5605,train,3.293367862701416
5606,train,3.296926736831665
5607,train,3.2992379665374756
5608,train,3.286846160888672
5609,train,3.2409167289733887
5610,train,3.2701830863952637
5611,train,3.2765257358551025
5612,train,3.2413206100463867
5613,train,3.2433152198791504
5614,train,3.2864418029785156
5615,train,3.314011812210083
5616,train,3.276773452758789
5617,train,3.354525089263916
5618,train,3.2974441051483154
5619,train,3.279411792755127
5620,train,3.279675006866455
5621,train,3.271946907043457
5622,train,3.270930051803589
5623,train,3.2917399406433105
5624,train,3.317106008529663
5625,train,3.252697229385376
5626,train,3.2580935955047607
5627,train,3.274259567260742
5628,train,3.2937192916870117
5629,train,3.2884910106658936
5630,train,3.2724716663360596
5631,train,3.297372579574585
5632,train,3.265415906906128
5633,train,3.2920377254486084
5634,train,3.277988910675049
5635,train,3.3005638122558594
5636,train,3.290074586868286
5637,train,3.2706217765808105
5638,train,3.2736825942993164
5639,train,3.273599624633789
5640,train,3.2567288875579834
5641,train,3.2861509323120117
5642,train,3.291748523712158
5643,train,3.262047290802002
5644,train,3.2580645084381104
5645,train,3.2756364345550537
5646,train,3.270289897918701
5647,train,3.2985780239105225
5648,train,3.3010401725769043
5649,train,3.288569450378418
5650,train,3.305690288543701
5651,train,3.2624340057373047
5652,train,3.257587432861328
5653,train,3.2723960876464844
5654,train,3.2672512531280518
5655,train,3.268054962158203
5656,train,3.28385066986084
5657,train,3.274406909942627
5658,train,3.2963650226593018
5659,train,3.272136688232422
5660,train,3.27225661277771
5661,train,3.278634548187256
5662,train,3.2779786586761475
5663,train,3.2786996364593506
5664,train,3.2751364707946777
5665,train,3.258230209350586
5666,train,3.264946937561035
5667,train,3.2656311988830566
5668,train,3.2688565254211426
5669,train,3.2587921619415283
5670,train,3.28446888923645
5671,train,3.2677435874938965
5672,train,3.271730422973633
5673,train,3.250403881072998
5674,train,3.263148784637451
5675,train,3.281324625015259
5676,train,3.2803714275360107
5677,train,3.2993078231811523
5678,train,3.240189790725708
5679,train,3.2790112495422363
5680,train,3.306317090988159
5681,train,3.276486873626709
5682,train,3.2703328132629395
5683,train,3.2717862129211426
5684,train,3.2946267127990723
5685,train,3.2623488903045654
5686,train,3.2683591842651367
5687,train,3.2934751510620117
5688,train,3.281205177307129
5689,train,3.2846217155456543
5690,train,3.28877592086792
5691,train,3.2567291259765625
5692,train,3.251591682434082
5693,train,3.2771146297454834
5694,train,3.259847640991211
5695,train,3.259932041168213
5696,train,3.25335693359375
5697,train,3.2576305866241455
5698,train,3.2889132499694824
5699,train,3.276320695877075
5700,train,3.267150402069092
5700,val,3.2609095573425293
5700,hellaswag,0.27833100975901215
5701,train,3.2782511711120605
5702,train,3.2422356605529785
5703,train,3.247354030609131
5704,train,3.2797629833221436
5705,train,3.274092674255371
5706,train,3.2898330688476562
5707,train,3.2698237895965576
5708,train,3.2662694454193115
5709,train,3.2846076488494873
5710,train,3.291903257369995
5711,train,3.2855703830718994
5712,train,3.32132625579834
5713,train,3.289097547531128
5714,train,3.2767796516418457
5715,train,3.2636659145355225
5716,train,3.2690696716308594
5717,train,3.2990036010742188
5718,train,3.280304431915283
5719,train,3.2850966453552246
5720,train,3.249215841293335
5721,train,3.2568910121917725
5722,train,3.23616623878479
5723,train,3.2548129558563232
5724,train,3.2661471366882324
5725,train,3.257934093475342
5726,train,3.273301839828491
5727,train,3.258739471435547
5728,train,3.232530117034912
5729,train,3.2798807621002197
5730,train,3.259521245956421
5731,train,3.220536947250366
5732,train,3.2903685569763184
5733,train,3.256239652633667
5734,train,3.257735252380371
5735,train,3.250023603439331
5736,train,3.2550437450408936
5737,train,3.2621774673461914
5738,train,3.27435302734375
5739,train,3.2857673168182373
5740,train,3.2555813789367676
5741,train,3.260524034500122
5742,train,3.26249098777771
5743,train,3.2422451972961426
5744,train,3.263145923614502
5745,train,3.2476961612701416
5746,train,3.2903687953948975
5747,train,3.2746734619140625
5748,train,3.2115578651428223
5749,train,3.2272868156433105
5750,train,3.2486824989318848
5751,train,3.2469654083251953
5752,train,3.197455644607544
5753,train,3.2349355220794678
5754,train,3.211369037628174
5755,train,3.2731235027313232
5756,train,3.27365779876709
5757,train,3.334172248840332
5758,train,3.2900283336639404
5759,train,3.2677981853485107
5760,train,3.236421585083008
5761,train,3.246586561203003
5762,train,3.2958426475524902
5763,train,3.265021562576294
5764,train,3.2496848106384277
5765,train,3.27016282081604
5766,train,3.2808828353881836
5767,train,3.267709255218506
5768,train,3.2649967670440674
5769,train,3.272418975830078
5770,train,3.2423300743103027
5771,train,3.271031379699707
5772,train,3.2589614391326904
5773,train,3.2450180053710938
5774,train,3.289501905441284
5775,train,3.2186498641967773
5776,train,3.2524609565734863
5777,train,3.27130126953125
5778,train,3.250326156616211
5779,train,3.256002187728882
5780,train,3.3323400020599365
5781,train,3.263932228088379
5782,train,3.2480509281158447
5783,train,3.26699161529541
5784,train,3.2614779472351074
5785,train,3.2600200176239014
5786,train,3.2409582138061523
5787,train,3.2700891494750977
5788,train,3.251338481903076
5789,train,3.269866943359375
5790,train,3.2631306648254395
5791,train,3.244659423828125
5792,train,3.248490810394287
5793,train,3.264224052429199
5794,train,3.2622013092041016
5795,train,3.246157169342041
5796,train,3.272432327270508
5797,train,3.238006114959717
5798,train,3.276794672012329
5799,train,3.242450714111328
5800,train,3.257359266281128
5800,val,3.2552499771118164
5800,hellaswag,0.2789285002987453
5801,train,3.2324233055114746
5802,train,3.2327442169189453
5803,train,3.2705981731414795
5804,train,3.226959228515625
5805,train,3.249185562133789
5806,train,3.262003183364868
5807,train,3.220433473587036
5808,train,3.260254144668579
5809,train,3.257078170776367
5810,train,3.259938955307007
5811,train,3.273435592651367
5812,train,3.2261159420013428
5813,train,3.2563624382019043
5814,train,3.211848497390747
5815,train,3.2392356395721436
5816,train,3.262934684753418
5817,train,3.224788188934326
5818,train,3.244844436645508
5819,train,3.276289939880371
5820,train,3.2591071128845215
5821,train,3.2574403285980225
5822,train,3.241617202758789
5823,train,3.252742052078247
5824,train,3.2391417026519775
5825,train,3.2358076572418213
5826,train,3.23690128326416
5827,train,3.2832889556884766
5828,train,3.2391090393066406
5829,train,3.263411521911621
5830,train,3.268328905105591
5831,train,3.2013466358184814
5832,train,3.2830352783203125
5833,train,3.244004726409912
5834,train,3.24064564704895
5835,train,3.222287654876709
5836,train,3.2675418853759766
5837,train,3.2760062217712402
5838,train,3.2433671951293945
5839,train,3.284775733947754
5840,train,3.2578423023223877
5841,train,3.282876968383789
5842,train,3.2499876022338867
5843,train,3.2794158458709717
5844,train,3.254638910293579
5845,train,3.2664635181427
5846,train,3.2770419120788574
5847,train,3.275031566619873
5848,train,3.2448668479919434
5849,train,3.2557384967803955
5850,train,3.2129242420196533
5851,train,3.226825714111328
5852,train,3.2471914291381836
5853,train,3.296966075897217
5854,train,3.288133144378662
5855,train,3.295590400695801
5856,train,3.262092113494873
5857,train,3.260143756866455
5858,train,3.240449905395508
5859,train,3.2509498596191406
5860,train,3.2650747299194336
5861,train,3.2580904960632324
5862,train,3.275686025619507
5863,train,3.234623432159424
5864,train,3.244019031524658
5865,train,3.265988826751709
5866,train,3.2416415214538574
5867,train,3.2743711471557617
5868,train,3.217923164367676
5869,train,3.2433691024780273
5870,train,3.2708444595336914
5871,train,3.234818935394287
5872,train,3.2225139141082764
5873,train,3.2130770683288574
5874,train,3.2588658332824707
5875,train,3.2532379627227783
5876,train,3.244123697280884
5877,train,3.2195277214050293
5878,train,3.2573933601379395
5879,train,3.233915090560913
5880,train,3.24003267288208
5881,train,3.273223400115967
5882,train,3.2550547122955322
5883,train,3.2657077312469482
5884,train,3.2524313926696777
5885,train,3.2692525386810303
5886,train,3.2576777935028076
5887,train,3.2722766399383545
5888,train,3.240497589111328
5889,train,3.2825663089752197
5890,train,3.207548141479492
5891,train,3.2692883014678955
5892,train,3.236377716064453
5893,train,3.2636356353759766
5894,train,3.2337541580200195
5895,train,3.2413060665130615
5896,train,3.2366154193878174
5897,train,3.2798008918762207
5898,train,3.2761764526367188
5899,train,3.258481979370117
5900,train,3.2347192764282227
5900,val,3.2520079612731934
5900,hellaswag,0.27912766381198967
5901,train,3.270388603210449
5902,train,3.249687433242798
5903,train,3.2566771507263184
5904,train,3.255983829498291
5905,train,3.2063047885894775
5906,train,3.2761106491088867
5907,train,3.2605087757110596
5908,train,3.227050542831421
5909,train,3.2505106925964355
5910,train,3.217759609222412
5911,train,3.2050890922546387
5912,train,3.2417044639587402
5913,train,3.245915412902832
5914,train,3.2330851554870605
5915,train,3.254347801208496
5916,train,3.261721611022949
5917,train,3.227135181427002
5918,train,3.2468483448028564
5919,train,3.2315173149108887
5920,train,3.266681671142578
5921,train,3.262267589569092
5922,train,3.239315986633301
5923,train,3.259688377380371
5924,train,3.261902093887329
5925,train,3.2561001777648926
5926,train,3.2430973052978516
5927,train,3.265108585357666
5928,train,3.2626514434814453
5929,train,3.251462459564209
5930,train,3.2712318897247314
5931,train,3.241472005844116
5932,train,3.2287611961364746
5933,train,3.2695789337158203
5934,train,3.225590705871582
5935,train,3.260549306869507
5936,train,3.2723135948181152
5937,train,3.227553367614746
5938,train,3.207157850265503
5939,train,3.2549352645874023
5940,train,3.26872181892395
5941,train,3.280690908432007
5942,train,3.248105525970459
5943,train,3.234501361846924
5944,train,3.246476888656616
5945,train,3.256312847137451
5946,train,3.2349185943603516
5947,train,3.2103190422058105
5948,train,3.256448745727539
5949,train,3.240877151489258
5950,train,3.2446722984313965
5951,train,3.2612409591674805
5952,train,3.2430970668792725
5953,train,3.2603750228881836
5954,train,3.2492074966430664
5955,train,3.2289175987243652
5956,train,3.2422077655792236
5957,train,3.2156996726989746
5958,train,3.2546956539154053
5959,train,3.2187576293945312
5960,train,3.2881321907043457
5961,train,3.2315406799316406
5962,train,3.2428691387176514
5963,train,3.2059884071350098
5964,train,3.2557313442230225
5965,train,3.2972373962402344
5966,train,3.2655112743377686
5967,train,3.1987197399139404
5968,train,3.2374041080474854
5969,train,3.2640061378479004
5970,train,3.216433525085449
5971,train,3.243800163269043
5972,train,3.265638589859009
5973,train,3.226986885070801
5974,train,3.2152371406555176
5975,train,3.213499069213867
5976,train,3.2438809871673584
5977,train,3.2501847743988037
5978,train,3.236443519592285
5979,train,3.2530508041381836
5980,train,3.2457737922668457
5981,train,3.2576396465301514
5982,train,3.2247090339660645
5983,train,3.2245101928710938
5984,train,3.2384119033813477
5985,train,3.279287338256836
5986,train,3.237536907196045
5987,train,3.255056381225586
5988,train,3.2291486263275146
5989,train,3.2044835090637207
5990,train,3.2446160316467285
5991,train,3.264866590499878
5992,train,3.251680850982666
5993,train,3.1928584575653076
5994,train,3.231642723083496
5995,train,3.2800168991088867
5996,train,3.2065930366516113
5997,train,3.2455482482910156
5998,train,3.2644834518432617
5999,train,3.2427263259887695
6000,train,3.215752601623535
6000,val,3.2472543716430664
6000,hellaswag,0.27902808205536744
6001,train,3.262314796447754
6002,train,3.226627826690674
6003,train,3.236701011657715
6004,train,3.2535433769226074
6005,train,3.2479281425476074
6006,train,3.2452187538146973
6007,train,3.2364416122436523
6008,train,3.2319915294647217
6009,train,3.2673513889312744
6010,train,3.2674221992492676
6011,train,3.2282767295837402
6012,train,3.238921880722046
6013,train,3.2569282054901123
6014,train,3.25071382522583
6015,train,3.2738451957702637
6016,train,3.2416908740997314
6017,train,3.2617597579956055
6018,train,3.2321207523345947
6019,train,3.242645263671875
6020,train,3.242795705795288
6021,train,3.232699394226074
6022,train,3.2680110931396484
6023,train,3.216043710708618
6024,train,3.253556966781616
6025,train,3.2863223552703857
6026,train,3.2329273223876953
6027,train,3.212948799133301
6028,train,3.2541279792785645
6029,train,3.217484474182129
6030,train,3.2452187538146973
6031,train,3.263986825942993
6032,train,3.293596029281616
6033,train,3.268847942352295
6034,train,3.2296502590179443
6035,train,3.2577552795410156
6036,train,3.2174410820007324
6037,train,3.2154221534729004
6038,train,3.2475130558013916
6039,train,3.2210888862609863
6040,train,3.2780818939208984
6041,train,3.2745585441589355
6042,train,3.2358741760253906
6043,train,3.244889259338379
6044,train,3.251723527908325
6045,train,3.2564444541931152
6046,train,3.2592458724975586
6047,train,3.2252299785614014
6048,train,3.240387439727783
6049,train,3.2411694526672363
6050,train,3.205524444580078
6051,train,3.2633280754089355
6052,train,3.2624199390411377
6053,train,3.241837501525879
6054,train,3.283207893371582
6055,train,3.2444186210632324
6056,train,3.269047498703003
6057,train,3.249692916870117
6058,train,3.2635204792022705
6059,train,3.253798007965088
6060,train,3.2398276329040527
6061,train,3.225745677947998
6062,train,3.2500860691070557
6063,train,3.2387285232543945
6064,train,3.282365560531616
6065,train,3.257960796356201
6066,train,3.285964250564575
6067,train,3.2504029273986816
6068,train,3.276637077331543
6069,train,3.254645824432373
6070,train,3.2768192291259766
6071,train,3.2171595096588135
6072,train,3.261890411376953
6073,train,3.2342920303344727
6074,train,3.2348875999450684
6075,train,3.23927903175354
6076,train,3.24702525138855
6077,train,3.2185726165771484
6078,train,3.23614501953125
6079,train,3.2449562549591064
6080,train,3.26633620262146
6081,train,3.262106418609619
6082,train,3.2681050300598145
6083,train,3.2452235221862793
6084,train,3.2584316730499268
6085,train,3.25889253616333
6086,train,3.2939302921295166
6087,train,3.2205007076263428
6088,train,3.2172513008117676
6089,train,3.2781496047973633
6090,train,3.277663230895996
6091,train,3.2854466438293457
6092,train,3.258857011795044
6093,train,3.231452703475952
6094,train,3.228764295578003
6095,train,3.251467227935791
6096,train,3.209480047225952
6097,train,3.2327775955200195
6098,train,3.233126640319824
6099,train,3.280392646789551
6100,train,3.237936496734619
6100,val,3.243414878845215
6100,hellaswag,0.277733519219279
6101,train,3.237318277359009
6102,train,3.2342324256896973
6103,train,3.242879867553711
6104,train,3.27797794342041
6105,train,3.233410358428955
6106,train,3.2965853214263916
6107,train,3.270676612854004
6108,train,3.264596939086914
6109,train,3.2627382278442383
6110,train,3.24438738822937
6111,train,3.2740695476531982
6112,train,3.2775580883026123
6113,train,3.282426595687866
6114,train,3.2563276290893555
6115,train,3.298098087310791
6116,train,3.2309069633483887
6117,train,3.283947467803955
6118,train,3.2630858421325684
6119,train,3.293198585510254
6120,train,3.2377073764801025
6121,train,3.267953395843506
6122,train,3.2281341552734375
6123,train,3.2580862045288086
6124,train,3.2508089542388916
6125,train,3.244051456451416
6126,train,3.2583656311035156
6127,train,3.258413791656494
6128,train,3.258469581604004
6129,train,3.258664131164551
6130,train,3.2540721893310547
6131,train,3.2623751163482666
6132,train,3.2864437103271484
6133,train,3.2552852630615234
6134,train,3.2623355388641357
6135,train,3.269735097885132
6136,train,3.258399724960327
6137,train,3.254502534866333
6138,train,3.256298065185547
6139,train,3.2539114952087402
6140,train,3.271993637084961
6141,train,3.267915725708008
6142,train,3.298409938812256
6143,train,3.234924793243408
6144,train,3.24812388420105
6145,train,3.283302068710327
6146,train,3.2917826175689697
6147,train,3.272326946258545
6148,train,3.2600321769714355
6149,train,3.2761194705963135
6150,train,3.3060173988342285
6151,train,3.2818045616149902
6152,train,3.281006097793579
6153,train,3.2891879081726074
6154,train,3.305616855621338
6155,train,3.2840003967285156
6156,train,3.2500739097595215
6157,train,3.2573401927948
6158,train,3.2405407428741455
6159,train,3.3081400394439697
6160,train,3.261105537414551
6161,train,3.2732062339782715
6162,train,3.2396676540374756
6163,train,3.2989258766174316
6164,train,3.2583446502685547
6165,train,3.252638101577759
6166,train,3.257317066192627
6167,train,3.2505335807800293
6168,train,3.2599642276763916
6169,train,3.26356840133667
6170,train,3.2131102085113525
6171,train,3.2626821994781494
6172,train,3.2281675338745117
6173,train,3.3112592697143555
6174,train,3.2732224464416504
6175,train,3.2801496982574463
6176,train,3.2359676361083984
6177,train,3.239285945892334
6178,train,3.276224136352539
6179,train,3.24951434135437
6180,train,3.2521252632141113
6181,train,3.262094497680664
6182,train,3.2402262687683105
6183,train,3.2651450634002686
6184,train,3.2438015937805176
6185,train,3.274733066558838
6186,train,3.2781052589416504
6187,train,3.242737293243408
6188,train,3.2427945137023926
6189,train,3.273444890975952
6190,train,3.2861266136169434
6191,train,3.2320101261138916
6192,train,3.2636146545410156
6193,train,3.240307331085205
6194,train,3.251397132873535
6195,train,3.2765159606933594
6196,train,3.2736411094665527
6197,train,3.2218854427337646
6198,train,3.23624324798584
6199,train,3.2516303062438965
6200,train,3.2721095085144043
6200,val,3.239839553833008
6200,hellaswag,0.27922724556861184
6201,train,3.241907835006714
6202,train,3.2305984497070312
6203,train,3.275735855102539
6204,train,3.2390429973602295
6205,train,3.2521138191223145
6206,train,3.281609058380127
6207,train,3.243983745574951
6208,train,3.2753584384918213
6209,train,3.2501511573791504
6210,train,3.279202461242676
6211,train,3.2663192749023438
6212,train,3.273797035217285
6213,train,3.2762513160705566
6214,train,3.2508413791656494
6215,train,3.278195858001709
6216,train,3.2959587574005127
6217,train,3.240460157394409
6218,train,3.270925998687744
6219,train,3.2714133262634277
6220,train,3.2268052101135254
6221,train,3.2555654048919678
6222,train,3.234973907470703
6223,train,3.2287509441375732
6224,train,3.2237627506256104
6225,train,3.264948844909668
6226,train,3.229989767074585
6227,train,3.2145094871520996
6228,train,3.234236478805542
6229,train,3.2411818504333496
6230,train,3.2362773418426514
6231,train,3.2179150581359863
6232,train,3.2552762031555176
6233,train,3.231405019760132
6234,train,3.280337333679199
6235,train,3.2790145874023438
6236,train,3.2293152809143066
6237,train,3.241245746612549
6238,train,3.2359113693237305
6239,train,3.2755041122436523
6240,train,3.26635479927063
6241,train,3.263852596282959
6242,train,3.243227005004883
6243,train,3.2677369117736816
6244,train,3.2579498291015625
6245,train,3.24373722076416
6246,train,3.2563939094543457
6247,train,3.2786941528320312
6248,train,3.264869213104248
6249,train,3.2428483963012695
6250,train,3.2298030853271484
6251,train,3.2643566131591797
6252,train,3.2454445362091064
6253,train,3.274871826171875
6254,train,3.2520341873168945
6255,train,3.239889621734619
6256,train,3.248880386352539
6257,train,3.231529474258423
6258,train,3.3003082275390625
6259,train,3.268035650253296
6260,train,3.2616381645202637
6261,train,3.28916597366333
6262,train,3.239591121673584
6263,train,3.2122716903686523
6264,train,3.2767860889434814
6265,train,3.2569985389709473
6266,train,3.2420730590820312
6267,train,3.2906713485717773
6268,train,3.261293411254883
6269,train,3.2129087448120117
6270,train,3.260598659515381
6271,train,3.241060972213745
6272,train,3.2716898918151855
6273,train,3.2184627056121826
6274,train,3.2620954513549805
6275,train,3.232142448425293
6276,train,3.258206605911255
6277,train,3.237382173538208
6278,train,3.2375288009643555
6279,train,3.2581558227539062
6280,train,3.263793468475342
6281,train,3.215822219848633
6282,train,3.279331684112549
6283,train,3.2201099395751953
6284,train,3.2547833919525146
6285,train,3.251098394393921
6286,train,3.2279083728790283
6287,train,3.2427978515625
6288,train,3.220402717590332
6289,train,3.2463040351867676
6290,train,3.23421573638916
6291,train,3.29703688621521
6292,train,3.210515022277832
6293,train,3.2523064613342285
6294,train,3.2375011444091797
6295,train,3.216555118560791
6296,train,3.224296808242798
6297,train,3.2352664470672607
6298,train,3.261996269226074
6299,train,3.2211759090423584
6300,train,3.189523220062256
6300,val,3.234612464904785
6300,hellaswag,0.2780322644891456
6301,train,3.2350330352783203
6302,train,3.247229814529419
6303,train,3.249603509902954
6304,train,3.2245535850524902
6305,train,3.2291905879974365
6306,train,3.2381210327148438
6307,train,3.2639665603637695
6308,train,3.240180253982544
6309,train,3.2123451232910156
6310,train,3.262373924255371
6311,train,3.2729692459106445
6312,train,3.224569797515869
6313,train,3.241684913635254
6314,train,3.2182154655456543
6315,train,3.238813638687134
6316,train,3.2275636196136475
6317,train,3.2794461250305176
6318,train,3.22568416595459
6319,train,3.2770092487335205
6320,train,3.212874412536621
6321,train,3.214348316192627
6322,train,3.213526964187622
6323,train,3.259296178817749
6324,train,3.222630023956299
6325,train,3.2343807220458984
6326,train,3.269974708557129
6327,train,3.2353286743164062
6328,train,3.2340402603149414
6329,train,3.2264416217803955
6330,train,3.2752909660339355
6331,train,3.2240943908691406
6332,train,3.259356737136841
6333,train,3.2237305641174316
6334,train,3.2193222045898438
6335,train,3.23587703704834
6336,train,3.2418994903564453
6337,train,3.259207248687744
6338,train,3.214076042175293
6339,train,3.220182418823242
6340,train,3.2295355796813965
6341,train,3.2702739238739014
6342,train,3.2393507957458496
6343,train,3.2408857345581055
6344,train,3.2571678161621094
6345,train,3.226409912109375
6346,train,3.2577571868896484
6347,train,3.2409121990203857
6348,train,3.252568483352661
6349,train,3.2155416011810303
6350,train,3.248544931411743
6351,train,3.2188568115234375
6352,train,3.245330572128296
6353,train,3.2519564628601074
6354,train,3.259351968765259
6355,train,3.2892696857452393
6356,train,3.2247095108032227
6357,train,3.2512097358703613
6358,train,3.242361545562744
6359,train,3.2485568523406982
6360,train,3.243896961212158
6361,train,3.2147040367126465
6362,train,3.238739252090454
6363,train,3.249056577682495
6364,train,3.2369325160980225
6365,train,3.2247633934020996
6366,train,3.2351584434509277
6367,train,3.277027130126953
6368,train,3.235368251800537
6369,train,3.2147018909454346
6370,train,3.2054524421691895
6371,train,3.232887029647827
6372,train,3.2587246894836426
6373,train,3.2335824966430664
6374,train,3.1933701038360596
6375,train,3.2341442108154297
6376,train,3.2394516468048096
6377,train,3.2293567657470703
6378,train,3.26487398147583
6379,train,3.227987766265869
6380,train,3.2170512676239014
6381,train,3.2083282470703125
6382,train,3.2774505615234375
6383,train,3.212601661682129
6384,train,3.229279041290283
6385,train,3.2312889099121094
6386,train,3.2451565265655518
6387,train,3.2424111366271973
6388,train,3.202369213104248
6389,train,3.2484488487243652
6390,train,3.2546043395996094
6391,train,3.237548351287842
6392,train,3.2223258018493652
6393,train,3.217791795730591
6394,train,3.2543563842773438
6395,train,3.208657741546631
6396,train,3.2264668941497803
6397,train,3.2240564823150635
6398,train,3.2316908836364746
6399,train,3.2234416007995605
6400,train,3.246774673461914
6400,val,3.2319703102111816
6400,hellaswag,0.2779326827325234
6401,train,3.2257485389709473
6402,train,3.235774517059326
6403,train,3.2789180278778076
6404,train,3.2202343940734863
6405,train,3.220884323120117
6406,train,3.197517156600952
6407,train,3.234574317932129
6408,train,3.2239294052124023
6409,train,3.217381477355957
6410,train,3.2698416709899902
6411,train,3.2241272926330566
6412,train,3.228893280029297
6413,train,3.2129902839660645
6414,train,3.2185091972351074
6415,train,3.216840982437134
6416,train,3.235083818435669
6417,train,3.229735851287842
6418,train,3.2410073280334473
6419,train,3.2241973876953125
6420,train,3.2536754608154297
6421,train,3.250112295150757
6422,train,3.2204134464263916
6423,train,3.252542495727539
6424,train,3.2330081462860107
6425,train,3.25913667678833
6426,train,3.228288173675537
6427,train,3.22607421875
6428,train,3.227794885635376
6429,train,3.2336995601654053
6430,train,3.249927043914795
6431,train,3.207976818084717
6432,train,3.22609281539917
6433,train,3.269808769226074
6434,train,3.2461042404174805
6435,train,3.244147777557373
6436,train,3.239622116088867
6437,train,3.19826078414917
6438,train,3.2271785736083984
6439,train,3.2236194610595703
6440,train,3.248786449432373
6441,train,3.2495574951171875
6442,train,3.219857692718506
6443,train,3.2483022212982178
6444,train,3.2095844745635986
6445,train,3.2066614627838135
6446,train,3.247049331665039
6447,train,3.2294375896453857
6448,train,3.2662997245788574
6449,train,3.218729257583618
6450,train,3.199848175048828
6451,train,3.2365102767944336
6452,train,3.226935625076294
6453,train,3.243910312652588
6454,train,3.2235560417175293
6455,train,3.239232301712036
6456,train,3.2221555709838867
6457,train,3.2594027519226074
6458,train,3.2044129371643066
6459,train,3.217179775238037
6460,train,3.2555229663848877
6461,train,3.224496841430664
6462,train,3.258028984069824
6463,train,3.2452805042266846
6464,train,3.2342915534973145
6465,train,3.2396903038024902
6466,train,3.246748924255371
6467,train,3.213006019592285
6468,train,3.201122522354126
6469,train,3.1995058059692383
6470,train,3.2171316146850586
6471,train,3.2529783248901367
6472,train,3.2363486289978027
6473,train,3.2681822776794434
6474,train,3.2177066802978516
6475,train,3.2375025749206543
6476,train,3.2070467472076416
6477,train,3.2361183166503906
6478,train,3.2135276794433594
6479,train,3.2237396240234375
6480,train,3.2152442932128906
6481,train,3.224335193634033
6482,train,3.220492362976074
6483,train,3.219174861907959
6484,train,3.2198705673217773
6485,train,3.223604202270508
6486,train,3.224771022796631
6487,train,3.245349884033203
6488,train,3.2549571990966797
6489,train,3.2292327880859375
6490,train,3.268683433532715
6491,train,3.2219133377075195
6492,train,3.2496674060821533
6493,train,3.2509102821350098
6494,train,3.271332263946533
6495,train,3.2569327354431152
6496,train,3.2184622287750244
6497,train,3.25056791305542
6498,train,3.243985414505005
6499,train,3.258713960647583
6500,train,3.2425084114074707
6500,val,3.2287797927856445
6500,hellaswag,0.28251344353714397
6501,train,3.248312473297119
6502,train,3.2148847579956055
6503,train,3.192812204360962
6504,train,3.225978136062622
6505,train,3.2394309043884277
6506,train,3.2277119159698486
6507,train,3.2152204513549805
6508,train,3.243814706802368
6509,train,3.2296929359436035
6510,train,3.2296626567840576
6511,train,3.2306103706359863
6512,train,3.2377734184265137
6513,train,3.2200496196746826
6514,train,3.250701427459717
6515,train,3.21335506439209
6516,train,3.180661678314209
6517,train,3.2582778930664062
6518,train,3.2547171115875244
6519,train,3.226353168487549
6520,train,3.2342422008514404
6521,train,3.1982028484344482
6522,train,3.2348523139953613
6523,train,3.2245709896087646
6524,train,3.232149124145508
6525,train,3.2360310554504395
6526,train,3.255934953689575
6527,train,3.2076079845428467
6528,train,3.259962320327759
6529,train,3.2251479625701904
6530,train,3.259667158126831
6531,train,3.2266547679901123
6532,train,3.2310752868652344
6533,train,3.284522533416748
6534,train,3.2171874046325684
6535,train,3.2384774684906006
6536,train,3.2172813415527344
6537,train,3.2228193283081055
6538,train,3.242790699005127
6539,train,3.209947347640991
6540,train,3.2401010990142822
6541,train,3.234314203262329
6542,train,3.2690584659576416
6543,train,3.2499117851257324
6544,train,3.2410707473754883
6545,train,3.260284662246704
6546,train,3.2217795848846436
6547,train,3.252591371536255
6548,train,3.227206230163574
6549,train,3.2271523475646973
6550,train,3.208153486251831
6551,train,3.237304449081421
6552,train,3.2316629886627197
6553,train,3.2358784675598145
6554,train,3.241638422012329
6555,train,3.2612595558166504
6556,train,3.231416702270508
6557,train,3.2060697078704834
6558,train,3.2181949615478516
6559,train,3.211538314819336
6560,train,3.245699882507324
6561,train,3.2312493324279785
6562,train,3.2314505577087402
6563,train,3.2096662521362305
6564,train,3.244450807571411
6565,train,3.216625928878784
6566,train,3.286707878112793
6567,train,3.2347617149353027
6568,train,3.2504897117614746
6569,train,3.245664358139038
6570,train,3.210658073425293
6571,train,3.2424333095550537
6572,train,3.236293315887451
6573,train,3.222656726837158
6574,train,3.242042303085327
6575,train,3.2301855087280273
6576,train,3.2186903953552246
6577,train,3.1973977088928223
6578,train,3.2379186153411865
6579,train,3.2692039012908936
6580,train,3.2488315105438232
6581,train,3.2057385444641113
6582,train,3.2423641681671143
6583,train,3.2268028259277344
6584,train,3.221784830093384
6585,train,3.2570691108703613
6586,train,3.2366533279418945
6587,train,3.2254626750946045
6588,train,3.2368850708007812
6589,train,3.217301845550537
6590,train,3.2800374031066895
6591,train,3.261662244796753
6592,train,3.237356185913086
6593,train,3.2201037406921387
6594,train,3.277716636657715
6595,train,3.2599525451660156
6596,train,3.2469797134399414
6597,train,3.257883310317993
6598,train,3.240711212158203
6599,train,3.264033317565918
6600,train,3.2855169773101807
6600,val,3.2258923053741455
6600,hellaswag,0.2848038239394543
6601,train,3.2537522315979004
6602,train,3.245485782623291
6603,train,3.269394636154175
6604,train,3.257065534591675
6605,train,3.2831320762634277
6606,train,3.2783761024475098
6607,train,3.2199416160583496
6608,train,3.24758243560791
6609,train,3.264207363128662
6610,train,3.2416605949401855
6611,train,3.22967529296875
6612,train,3.257207155227661
6613,train,3.2375574111938477
6614,train,3.2445974349975586
6615,train,3.2342474460601807
6616,train,3.261345624923706
6617,train,3.259378433227539
6618,train,3.253528594970703
6619,train,3.2417526245117188
6620,train,3.2981019020080566
6621,train,3.2643918991088867
6622,train,3.2666897773742676
6623,train,3.221144914627075
6624,train,3.2427406311035156
6625,train,3.2462236881256104
6626,train,3.2377495765686035
6627,train,3.24623703956604
6628,train,3.2537529468536377
6629,train,3.257730722427368
6630,train,3.269242286682129
6631,train,3.2938807010650635
6632,train,3.250640392303467
6633,train,3.225196599960327
6634,train,3.2439188957214355
6635,train,3.271717071533203
6636,train,3.2642264366149902
6637,train,3.259761095046997
6638,train,3.271395444869995
6639,train,3.249213695526123
6640,train,3.2741379737854004
6641,train,3.269136667251587
6642,train,3.2479817867279053
6643,train,3.2459802627563477
6644,train,3.2502431869506836
6645,train,3.2584540843963623
6646,train,3.2532668113708496
6647,train,3.26564884185791
6648,train,3.2701478004455566
6649,train,3.2546422481536865
6650,train,3.221315860748291
6651,train,3.298287868499756
6652,train,3.261610984802246
6653,train,3.254323959350586
6654,train,3.26788330078125
6655,train,3.236159563064575
6656,train,3.240182638168335
6657,train,3.2399253845214844
6658,train,3.2428970336914062
6659,train,3.23332142829895
6660,train,3.26808762550354
6661,train,3.2658629417419434
6662,train,3.2710726261138916
6663,train,3.2759835720062256
6664,train,3.2558531761169434
6665,train,3.2352936267852783
6666,train,3.2201855182647705
6667,train,3.222338914871216
6668,train,3.251730442047119
6669,train,3.2555112838745117
6670,train,3.2310304641723633
6671,train,3.2684898376464844
6672,train,3.256873607635498
6673,train,3.244830846786499
6674,train,3.2077834606170654
6675,train,3.2237839698791504
6676,train,3.2746450901031494
6677,train,3.1796998977661133
6678,train,3.2199549674987793
6679,train,3.2577080726623535
6680,train,3.240086078643799
6681,train,3.251695394515991
6682,train,3.278134346008301
6683,train,3.22329044342041
6684,train,3.252039670944214
6685,train,3.238369941711426
6686,train,3.254023551940918
6687,train,3.2540879249572754
6688,train,3.2257556915283203
6689,train,3.242260456085205
6690,train,3.2416796684265137
6691,train,3.2538061141967773
6692,train,3.188080072402954
6693,train,3.1891121864318848
6694,train,3.232886552810669
6695,train,3.2326393127441406
6696,train,3.202674150466919
6697,train,3.2262041568756104
6698,train,3.211275100708008
6699,train,3.2340927124023438
6700,train,3.2205278873443604
6700,val,3.222519636154175
6700,hellaswag,0.2802230631348337
6701,train,3.2213046550750732
6702,train,3.200767993927002
6703,train,3.2325174808502197
6704,train,3.223410129547119
6705,train,3.2259325981140137
6706,train,3.230468273162842
6707,train,3.23295521736145
6708,train,3.2200236320495605
6709,train,3.24139666557312
6710,train,3.232485771179199
6711,train,3.2615959644317627
6712,train,3.257913589477539
6713,train,3.2295453548431396
6714,train,3.2374444007873535
6715,train,3.202536106109619
6716,train,3.2489967346191406
6717,train,3.251955270767212
6718,train,3.2368197441101074
6719,train,3.2395730018615723
6720,train,3.1914258003234863
6721,train,3.226774215698242
6722,train,3.1981682777404785
6723,train,3.219266891479492
6724,train,3.242278575897217
6725,train,3.226564884185791
6726,train,3.233384132385254
6727,train,3.2215635776519775
6728,train,3.2362704277038574
6729,train,3.227802276611328
6730,train,3.2380013465881348
6731,train,3.2374467849731445
6732,train,3.2438056468963623
6733,train,3.2159647941589355
6734,train,3.272578477859497
6735,train,3.21773099899292
6736,train,3.2173359394073486
6737,train,3.2321228981018066
6738,train,3.2144839763641357
6739,train,3.197661876678467
6740,train,3.2262227535247803
6741,train,3.2476987838745117
6742,train,3.2001447677612305
6743,train,3.21246600151062
6744,train,3.2439050674438477
6745,train,3.2548470497131348
6746,train,3.220679759979248
6747,train,3.225654363632202
6748,train,3.2606818675994873
6749,train,3.2228341102600098
6750,train,3.211219310760498
6751,train,3.2141056060791016
6752,train,3.2062180042266846
6753,train,3.2325260639190674
6754,train,3.256833553314209
6755,train,3.2305493354797363
6756,train,3.2444095611572266
6757,train,3.2512800693511963
6758,train,3.238344430923462
6759,train,3.2421531677246094
6760,train,3.2482070922851562
6761,train,3.2715694904327393
6762,train,3.19929838180542
6763,train,3.218796491622925
6764,train,3.2219138145446777
6765,train,3.241698741912842
6766,train,3.2583625316619873
6767,train,3.234890937805176
6768,train,3.2398481369018555
6769,train,3.244016408920288
6770,train,3.2293992042541504
6771,train,3.2238640785217285
6772,train,3.2187235355377197
6773,train,3.2688405513763428
6774,train,3.2072830200195312
6775,train,3.2392234802246094
6776,train,3.2267322540283203
6777,train,3.232889175415039
6778,train,3.2151403427124023
6779,train,3.235161781311035
6780,train,3.234698534011841
6781,train,3.2510223388671875
6782,train,3.23707914352417
6783,train,3.2445454597473145
6784,train,3.2258052825927734
6785,train,3.229876756668091
6786,train,3.2313544750213623
6787,train,3.228116035461426
6788,train,3.204869270324707
6789,train,3.2318344116210938
6790,train,3.2484748363494873
6791,train,3.2313029766082764
6792,train,3.2643065452575684
6793,train,3.2668282985687256
6794,train,3.2177953720092773
6795,train,3.2198050022125244
6796,train,3.2450218200683594
6797,train,3.1958818435668945
6798,train,3.2239270210266113
6799,train,3.217683792114258
6800,train,3.2060389518737793
6800,val,3.218653678894043
6800,hellaswag,0.28440549691296557
6801,train,3.169517993927002
6802,train,3.2476119995117188
6803,train,3.210045099258423
6804,train,3.2480316162109375
6805,train,3.2534687519073486
6806,train,3.2053513526916504
6807,train,3.1838881969451904
6808,train,3.2261996269226074
6809,train,3.25722336769104
6810,train,3.2103404998779297
6811,train,3.2246146202087402
6812,train,3.2133069038391113
6813,train,3.236706256866455
6814,train,3.2374510765075684
6815,train,3.24843168258667
6816,train,3.2098162174224854
6817,train,3.217665195465088
6818,train,3.2134385108947754
6819,train,3.210026264190674
6820,train,3.2382144927978516
6821,train,3.27993106842041
6822,train,3.242349624633789
6823,train,3.215437889099121
6824,train,3.2450180053710938
6825,train,3.224133014678955
6826,train,3.232010841369629
6827,train,3.2368435859680176
6828,train,3.2298402786254883
6829,train,3.219583511352539
6830,train,3.2688992023468018
6831,train,3.198421001434326
6832,train,3.1875598430633545
6833,train,3.247201442718506
6834,train,3.229647159576416
6835,train,3.2400076389312744
6836,train,3.245178699493408
6837,train,3.271862268447876
6838,train,3.2483952045440674
6839,train,3.2646965980529785
6840,train,3.2393863201141357
6841,train,3.260380506515503
6842,train,3.1775801181793213
6843,train,3.193146228790283
6844,train,3.2351207733154297
6845,train,3.253662109375
6846,train,3.245131731033325
6847,train,3.2213563919067383
6848,train,3.2265114784240723
6849,train,3.1959142684936523
6850,train,3.247593641281128
6851,train,3.234586477279663
6852,train,3.2374744415283203
6853,train,3.2449607849121094
6854,train,3.2354283332824707
6855,train,3.214346408843994
6856,train,3.228087902069092
6857,train,3.2313406467437744
6858,train,3.243743419647217
6859,train,3.26212739944458
6860,train,3.1968207359313965
6861,train,3.2159616947174072
6862,train,3.2471024990081787
6863,train,3.2412753105163574
6864,train,3.2261524200439453
6865,train,3.227938652038574
6866,train,3.2229678630828857
6867,train,3.2553551197052
6868,train,3.2520389556884766
6869,train,3.2143514156341553
6870,train,3.180230140686035
6871,train,3.218297243118286
6872,train,3.1918647289276123
6873,train,3.2323691844940186
6874,train,3.24006986618042
6875,train,3.2361037731170654
6876,train,3.2255616188049316
6877,train,3.2424607276916504
6878,train,3.2212376594543457
6879,train,3.2452709674835205
6880,train,3.2433290481567383
6881,train,3.2412314414978027
6882,train,3.2780230045318604
6883,train,3.254690647125244
6884,train,3.2537641525268555
6885,train,3.2198240756988525
6886,train,3.242729663848877
6887,train,3.2127654552459717
6888,train,3.25249981880188
6889,train,3.2429869174957275
6890,train,3.2082953453063965
6891,train,3.2490394115448
6892,train,3.23406982421875
6893,train,3.268925189971924
6894,train,3.256209373474121
6895,train,3.2307140827178955
6896,train,3.2274208068847656
6897,train,3.2148070335388184
6898,train,3.21938157081604
6899,train,3.26682186126709
6900,train,3.240912437438965
6900,val,3.2170722484588623
6900,hellaswag,0.2831109340768771
6901,train,3.224040985107422
6902,train,3.232606887817383
6903,train,3.2193634510040283
6904,train,3.268303632736206
6905,train,3.2319693565368652
6906,train,3.2579143047332764
6907,train,3.227931261062622
6908,train,3.2042245864868164
6909,train,3.246882677078247
6910,train,3.2350082397460938
6911,train,3.2340216636657715
6912,train,3.2498340606689453
6913,train,3.2270760536193848
6914,train,3.2601804733276367
6915,train,3.2579703330993652
6916,train,3.224212884902954
6917,train,3.2576663494110107
6918,train,3.2376961708068848
6919,train,3.2507376670837402
6920,train,3.2639689445495605
6921,train,3.241483688354492
6922,train,3.211185932159424
6923,train,3.2506027221679688
6924,train,3.2093870639801025
6925,train,3.2515511512756348
6926,train,3.2469382286071777
6927,train,3.200963020324707
6928,train,3.225208282470703
6929,train,3.2288224697113037
6930,train,3.215165853500366
6931,train,3.228782892227173
6932,train,3.2678189277648926
6933,train,3.2460854053497314
6934,train,3.233647584915161
6935,train,3.213017225265503
6936,train,3.2114405632019043
6937,train,3.256863594055176
6938,train,3.2152297496795654
6939,train,3.2341713905334473
6940,train,3.203981876373291
6941,train,3.2238388061523438
6942,train,3.2400503158569336
6943,train,3.2232534885406494
6944,train,3.246220111846924
6945,train,3.2376134395599365
6946,train,3.228233814239502
6947,train,3.2437028884887695
6948,train,3.226529598236084
6949,train,3.2444565296173096
6950,train,3.2296299934387207
6951,train,3.2133867740631104
6952,train,3.2423362731933594
6953,train,3.240328788757324
6954,train,3.2331578731536865
6955,train,3.2259721755981445
6956,train,3.244415760040283
6957,train,3.2301740646362305
6958,train,3.215419292449951
6959,train,3.212632417678833
6960,train,3.210094451904297
6961,train,3.188448429107666
6962,train,3.2345786094665527
6963,train,3.1963911056518555
6964,train,3.2565650939941406
6965,train,3.1942129135131836
6966,train,3.2432470321655273
6967,train,3.2295420169830322
6968,train,3.214463233947754
6969,train,3.24017333984375
6970,train,3.2557294368743896
6971,train,3.243039131164551
6972,train,3.2366600036621094
6973,train,3.196213722229004
6974,train,3.2416257858276367
6975,train,3.2163214683532715
6976,train,3.2350878715515137
6977,train,3.2204768657684326
6978,train,3.2089662551879883
6979,train,3.2496039867401123
6980,train,3.2540535926818848
6981,train,3.20094895362854
6982,train,3.2270545959472656
6983,train,3.230043888092041
6984,train,3.2199666500091553
6985,train,3.2018580436706543
6986,train,3.2082409858703613
6987,train,3.2352895736694336
6988,train,3.2299885749816895
6989,train,3.1950364112854004
6990,train,3.1989870071411133
6991,train,3.2352490425109863
6992,train,3.198660373687744
6993,train,3.2083725929260254
6994,train,3.250143051147461
6995,train,3.222701072692871
6996,train,3.2193050384521484
6997,train,3.227806329727173
6998,train,3.24637508392334
6999,train,3.2478902339935303
7000,train,3.2340171337127686
7000,val,3.2140166759490967
7000,hellaswag,0.28211511651065524
7001,train,3.226773738861084
7002,train,3.251565933227539
7003,train,3.22558856010437
7004,train,3.2364139556884766
7005,train,3.2252910137176514
7006,train,3.205657482147217
7007,train,3.209155559539795
7008,train,3.203350782394409
7009,train,3.2571780681610107
7010,train,3.218613862991333
7011,train,3.2304069995880127
7012,train,3.2419674396514893
7013,train,3.2583937644958496
7014,train,3.266624927520752
7015,train,3.2054123878479004
7016,train,3.2422313690185547
7017,train,3.2110214233398438
7018,train,3.2048020362854004
7019,train,3.214879035949707
7020,train,3.2281665802001953
7021,train,3.239741802215576
7022,train,3.2358126640319824
7023,train,3.2283482551574707
7024,train,3.2147631645202637
7025,train,3.2177939414978027
7026,train,3.2162156105041504
7027,train,3.2376389503479004
7028,train,3.2367591857910156
7029,train,3.2669167518615723
7030,train,3.232144594192505
7031,train,3.234743595123291
7032,train,3.217294454574585
7033,train,3.2393836975097656
7034,train,3.2282590866088867
7035,train,3.197953224182129
7036,train,3.2224345207214355
7037,train,3.1972014904022217
7038,train,3.2428908348083496
7039,train,3.2221646308898926
7040,train,3.2275331020355225
7041,train,3.233231544494629
7042,train,3.204256296157837
7043,train,3.2468485832214355
7044,train,3.200593948364258
7045,train,3.2061471939086914
7046,train,3.2228987216949463
7047,train,3.224382162094116
7048,train,3.2328691482543945
7049,train,3.2090868949890137
7050,train,3.210639476776123
7051,train,3.208726167678833
7052,train,3.2206876277923584
7053,train,3.232661247253418
7054,train,3.2144358158111572
7055,train,3.2328577041625977
7056,train,3.232170581817627
7057,train,3.238010883331299
7058,train,3.2419803142547607
7059,train,3.2220277786254883
7060,train,3.25053071975708
7061,train,3.1909658908843994
7062,train,3.259063959121704
7063,train,3.256216526031494
7064,train,3.211097240447998
7065,train,3.252530574798584
7066,train,3.2695436477661133
7067,train,3.205458164215088
7068,train,3.226825475692749
7069,train,3.2181520462036133
7070,train,3.2097556591033936
7071,train,3.224729537963867
7072,train,3.248654842376709
7073,train,3.1976583003997803
7074,train,3.210033416748047
7075,train,3.2861900329589844
7076,train,3.2197394371032715
7077,train,3.2050254344940186
7078,train,3.213557481765747
7079,train,3.174161434173584
7080,train,3.189375400543213
7081,train,3.201759099960327
7082,train,3.2579455375671387
7083,train,3.2092814445495605
7084,train,3.229243040084839
7085,train,3.2020888328552246
7086,train,3.252744674682617
7087,train,3.2049155235290527
7088,train,3.2058603763580322
7089,train,3.22149658203125
7090,train,3.2274699211120605
7091,train,3.2385716438293457
7092,train,3.233691692352295
7093,train,3.2218098640441895
7094,train,3.229553699493408
7095,train,3.247072696685791
7096,train,3.1998977661132812
7097,train,3.2208950519561768
7098,train,3.2176437377929688
7099,train,3.2110238075256348
7100,train,3.2151927947998047
7100,val,3.2090609073638916
7100,hellaswag,0.2853017327225652
7101,train,3.244389533996582
7102,train,3.2627158164978027
7103,train,3.210172653198242
7104,train,3.208509922027588
7105,train,3.2596912384033203
7106,train,3.1659350395202637
7107,train,3.25504994392395
7108,train,3.22499942779541
7109,train,3.2224133014678955
7110,train,3.236990451812744
7111,train,3.2114293575286865
7112,train,3.2322797775268555
7113,train,3.2026684284210205
7114,train,3.1894633769989014
7115,train,3.2341091632843018
7116,train,3.2140793800354004
7117,train,3.2014875411987305
7118,train,3.2209882736206055
7119,train,3.1933085918426514
7120,train,3.2305169105529785
7121,train,3.1883816719055176
7122,train,3.219604730606079
7123,train,3.2147622108459473
7124,train,3.226445198059082
7125,train,3.2092998027801514
7126,train,3.188809871673584
7127,train,3.206308603286743
7128,train,3.2195301055908203
7129,train,3.230813980102539
7130,train,3.2161548137664795
7131,train,3.2247519493103027
7132,train,3.2335987091064453
7133,train,3.2400622367858887
7134,train,3.2190396785736084
7135,train,3.1948306560516357
7136,train,3.269381046295166
7137,train,3.2375147342681885
7138,train,3.264915943145752
7139,train,3.214946985244751
7140,train,3.206514835357666
7141,train,3.1782803535461426
7142,train,3.24822735786438
7143,train,3.2057900428771973
7144,train,3.181941270828247
7145,train,3.2288410663604736
7146,train,3.2017457485198975
7147,train,3.230856418609619
7148,train,3.210890769958496
7149,train,3.2252182960510254
7150,train,3.196305751800537
7151,train,3.2044413089752197
7152,train,3.2089684009552
7153,train,3.2207016944885254
7154,train,3.238694906234741
7155,train,3.2190866470336914
7156,train,3.206113815307617
7157,train,3.1998400688171387
7158,train,3.194445848464966
7159,train,3.230558156967163
7160,train,3.2283263206481934
7161,train,3.2285053730010986
7162,train,3.220247745513916
7163,train,3.2149226665496826
7164,train,3.2714486122131348
7165,train,3.219374179840088
7166,train,3.216672658920288
7167,train,3.2563748359680176
7168,train,3.2438154220581055
7169,train,3.223447799682617
7170,train,3.201918125152588
7171,train,3.208853244781494
7172,train,3.2215816974639893
7173,train,3.2352607250213623
7174,train,3.2336461544036865
7175,train,3.226837635040283
7176,train,3.232820987701416
7177,train,3.222747802734375
7178,train,3.220221996307373
7179,train,3.2337939739227295
7180,train,3.2229092121124268
7181,train,3.238105297088623
7182,train,3.242969512939453
7183,train,3.227037191390991
7184,train,3.2053089141845703
7185,train,3.229361057281494
7186,train,3.2536206245422363
7187,train,3.2177674770355225
7188,train,3.226938009262085
7189,train,3.267334461212158
7190,train,3.230647087097168
7191,train,3.188413143157959
7192,train,3.2426469326019287
7193,train,3.239875078201294
7194,train,3.2170944213867188
7195,train,3.217715263366699
7196,train,3.2439022064208984
7197,train,3.247342586517334
7198,train,3.217003583908081
7199,train,3.2337496280670166
7200,train,3.258683443069458
7200,val,3.2057480812072754
7200,hellaswag,0.2833100975901215
7201,train,3.2278289794921875
7202,train,3.2486743927001953
7203,train,3.201946496963501
7204,train,3.239734649658203
7205,train,3.230208396911621
7206,train,3.231201648712158
7207,train,3.2159500122070312
7208,train,3.2169313430786133
7209,train,3.254672050476074
7210,train,3.2427539825439453
7211,train,3.224600315093994
7212,train,3.1965553760528564
7213,train,3.2165584564208984
7214,train,3.2331695556640625
7215,train,3.2099013328552246
7216,train,3.230830669403076
7217,train,3.2226710319519043
7218,train,3.2567992210388184
7219,train,3.2241320610046387
7220,train,3.22586727142334
7221,train,3.2612802982330322
7222,train,3.204954147338867
7223,train,3.2162654399871826
7224,train,3.238844394683838
7225,train,3.185734272003174
7226,train,3.236283779144287
7227,train,3.1970629692077637
7228,train,3.195726156234741
7229,train,3.260648012161255
7230,train,3.2268311977386475
7231,train,3.2272043228149414
7232,train,3.204899787902832
7233,train,3.217055320739746
7234,train,3.2243120670318604
7235,train,3.2405269145965576
7236,train,3.203272819519043
7237,train,3.2169480323791504
7238,train,3.208022117614746
7239,train,3.231300115585327
7240,train,3.238628387451172
7241,train,3.226022243499756
7242,train,3.208421230316162
7243,train,3.26656174659729
7244,train,3.162343978881836
7245,train,3.2387123107910156
7246,train,3.1957459449768066
7247,train,3.218390703201294
7248,train,3.1995291709899902
7249,train,3.2383346557617188
7250,train,3.2302160263061523
7251,train,3.196521759033203
7252,train,3.1944384574890137
7253,train,3.2340633869171143
7254,train,3.186443567276001
7255,train,3.210869789123535
7256,train,3.2051382064819336
7257,train,3.2327849864959717
7258,train,3.2571587562561035
7259,train,3.235119342803955
7260,train,3.242727041244507
7261,train,3.2447571754455566
7262,train,3.2323930263519287
7263,train,3.2142977714538574
7264,train,3.2052905559539795
7265,train,3.252285957336426
7266,train,3.2586746215820312
7267,train,3.227871894836426
7268,train,3.23002552986145
7269,train,3.2371175289154053
7270,train,3.226752519607544
7271,train,3.2409584522247314
7272,train,3.221707582473755
7273,train,3.2439892292022705
7274,train,3.252808094024658
7275,train,3.2378504276275635
7276,train,3.2474560737609863
7277,train,3.2352936267852783
7278,train,3.241149425506592
7279,train,3.236879348754883
7280,train,3.215376377105713
7281,train,3.217195749282837
7282,train,3.2201008796691895
7283,train,3.241060256958008
7284,train,3.2411274909973145
7285,train,3.2175002098083496
7286,train,3.2353081703186035
7287,train,3.2048909664154053
7288,train,3.19807767868042
7289,train,3.261056900024414
7290,train,3.2218923568725586
7291,train,3.2095770835876465
7292,train,3.2213211059570312
7293,train,3.201249599456787
7294,train,3.204866409301758
7295,train,3.224652051925659
7296,train,3.2181177139282227
7297,train,3.2145018577575684
7298,train,3.206331253051758
7299,train,3.2158091068267822
7300,train,3.252264976501465
7300,val,3.2038300037384033
7300,hellaswag,0.284106751643099
7301,train,3.224470615386963
7302,train,3.216963529586792
7303,train,3.194951295852661
7304,train,3.2132554054260254
7305,train,3.201903820037842
7306,train,3.2217321395874023
7307,train,3.2012529373168945
7308,train,3.2250893115997314
7309,train,3.2151541709899902
7310,train,3.2228007316589355
7311,train,3.2295827865600586
7312,train,3.2493691444396973
7313,train,3.2107672691345215
7314,train,3.2448840141296387
7315,train,3.2197890281677246
7316,train,3.2376744747161865
7317,train,3.220320701599121
7318,train,3.204751968383789
7319,train,3.2074005603790283
7320,train,3.2455813884735107
7321,train,3.2171528339385986
7322,train,3.2018442153930664
7323,train,3.2437756061553955
7324,train,3.2398006916046143
7325,train,3.1773815155029297
7326,train,3.2525763511657715
7327,train,3.2651638984680176
7328,train,3.22688627243042
7329,train,3.1959457397460938
7330,train,3.2223684787750244
7331,train,3.193326950073242
7332,train,3.2285778522491455
7333,train,3.1942598819732666
7334,train,3.2323763370513916
7335,train,3.23966383934021
7336,train,3.202547788619995
7337,train,3.225245952606201
7338,train,3.2160239219665527
7339,train,3.238618850708008
7340,train,3.2480850219726562
7341,train,3.2223355770111084
7342,train,3.221722364425659
7343,train,3.222126007080078
7344,train,3.2192506790161133
7345,train,3.1989197731018066
7346,train,3.236797332763672
7347,train,3.241875648498535
7348,train,3.220374584197998
7349,train,3.2286417484283447
7350,train,3.205015182495117
7351,train,3.204547882080078
7352,train,3.271704912185669
7353,train,3.2352559566497803
7354,train,3.2292275428771973
7355,train,3.2434000968933105
7356,train,3.227747917175293
7357,train,3.173313617706299
7358,train,3.2085485458374023
7359,train,3.251688003540039
7360,train,3.2468905448913574
7361,train,3.1968741416931152
7362,train,3.255927562713623
7363,train,3.215900421142578
7364,train,3.188034772872925
7365,train,3.1969592571258545
7366,train,3.1882429122924805
7367,train,3.1859965324401855
7368,train,3.2221622467041016
7369,train,3.1937379837036133
7370,train,3.184565544128418
7371,train,3.255873203277588
7372,train,3.219935417175293
7373,train,3.2438676357269287
7374,train,3.234760046005249
7375,train,3.206047534942627
7376,train,3.226918935775757
7377,train,3.172200918197632
7378,train,3.1739580631256104
7379,train,3.1907477378845215
7380,train,3.2130346298217773
7381,train,3.2204952239990234
7382,train,3.18454647064209
7383,train,3.204629421234131
7384,train,3.237423896789551
7385,train,3.226346015930176
7386,train,3.222447633743286
7387,train,3.2271571159362793
7388,train,3.1889710426330566
7389,train,3.2106776237487793
7390,train,3.2239787578582764
7391,train,3.218679666519165
7392,train,3.186412811279297
7393,train,3.2426493167877197
7394,train,3.1802890300750732
7395,train,3.207381248474121
7396,train,3.1940529346466064
7397,train,3.204793930053711
7398,train,3.2543511390686035
7399,train,3.22363018989563
7400,train,3.215832233428955
7400,val,3.20192289352417
7400,hellaswag,0.28540131447918743
7401,train,3.2338595390319824
7402,train,3.2234301567077637
7403,train,3.210087776184082
7404,train,3.2203001976013184
7405,train,3.2337310314178467
7406,train,3.2028324604034424
7407,train,3.2160592079162598
7408,train,3.2279677391052246
7409,train,3.219341278076172
7410,train,3.234109401702881
7411,train,3.2061688899993896
7412,train,3.210308074951172
7413,train,3.2035305500030518
7414,train,3.1750659942626953
7415,train,3.1951189041137695
7416,train,3.2013227939605713
7417,train,3.2104897499084473
7418,train,3.197843313217163
7419,train,3.222634792327881
7420,train,3.2433228492736816
7421,train,3.1925735473632812
7422,train,3.2185564041137695
7423,train,3.2258949279785156
7424,train,3.1980011463165283
7425,train,3.2046914100646973
7426,train,3.1719164848327637
7427,train,3.248379707336426
7428,train,3.214829683303833
7429,train,3.1832239627838135
7430,train,3.201606273651123
7431,train,3.2231783866882324
7432,train,3.2244606018066406
7433,train,3.2413454055786133
7434,train,3.2006564140319824
7435,train,3.1962203979492188
7436,train,3.2129483222961426
7437,train,3.2175934314727783
7438,train,3.219034194946289
7439,train,3.1888928413391113
7440,train,3.262812852859497
7441,train,3.2023234367370605
7442,train,3.2098283767700195
7443,train,3.1842880249023438
7444,train,3.2372004985809326
7445,train,3.180558204650879
7446,train,3.2239954471588135
7447,train,3.212547779083252
7448,train,3.2143707275390625
7449,train,3.1867127418518066
7450,train,3.238737106323242
7451,train,3.184662103652954
7452,train,3.225362777709961
7453,train,3.2257657051086426
7454,train,3.209407329559326
7455,train,3.2564139366149902
7456,train,3.181185483932495
7457,train,3.1919775009155273
7458,train,3.218294143676758
7459,train,3.22438645362854
7460,train,3.2026448249816895
7461,train,3.2010509967803955
7462,train,3.202078342437744
7463,train,3.216247320175171
7464,train,3.205899715423584
7465,train,3.2117767333984375
7466,train,3.1597375869750977
7467,train,3.213944911956787
7468,train,3.2479865550994873
7469,train,3.1990203857421875
7470,train,3.2341110706329346
7471,train,3.1779379844665527
7472,train,3.203566789627075
7473,train,3.1972241401672363
7474,train,3.1997809410095215
7475,train,3.203914165496826
7476,train,3.2090601921081543
7477,train,3.202505111694336
7478,train,3.209261178970337
7479,train,3.180621862411499
7480,train,3.217773914337158
7481,train,3.220271587371826
7482,train,3.2110118865966797
7483,train,3.19051194190979
7484,train,3.2084546089172363
7485,train,3.181756019592285
7486,train,3.172715187072754
7487,train,3.214094877243042
7488,train,3.213428020477295
7489,train,3.2002296447753906
7490,train,3.2293784618377686
7491,train,3.233154296875
7492,train,3.1868951320648193
7493,train,3.2248380184173584
7494,train,3.2159953117370605
7495,train,3.176635503768921
7496,train,3.185084581375122
7497,train,3.197235107421875
7498,train,3.2114453315734863
7499,train,3.187741994857788
7500,train,3.192201852798462
7500,val,3.1963162422180176
7500,hellaswag,0.2826130252937662
7501,train,3.180579900741577
7502,train,3.2262685298919678
7503,train,3.194350004196167
7504,train,3.1768248081207275
7505,train,3.1944000720977783
7506,train,3.193880558013916
7507,train,3.212761402130127
7508,train,3.218502998352051
7509,train,3.1910018920898438
7510,train,3.2127647399902344
7511,train,3.17387318611145
7512,train,3.2125139236450195
7513,train,3.234482765197754
7514,train,3.1989808082580566
7515,train,3.2246603965759277
7516,train,3.1875128746032715
7517,train,3.1925032138824463
7518,train,3.2094390392303467
7519,train,3.203721046447754
7520,train,3.17643404006958
7521,train,3.235985279083252
7522,train,3.211676597595215
7523,train,3.2061986923217773
7524,train,3.207845687866211
7525,train,3.188894510269165
7526,train,3.1806640625
7527,train,3.2154035568237305
7528,train,3.2078890800476074
7529,train,3.166210651397705
7530,train,3.2287003993988037
7531,train,3.2105865478515625
7532,train,3.214776039123535
7533,train,3.1890525817871094
7534,train,3.169203519821167
7535,train,3.170450210571289
7536,train,3.201343536376953
7537,train,3.1632299423217773
7538,train,3.188493490219116
7539,train,3.2162065505981445
7540,train,3.143141746520996
7541,train,3.1645994186401367
7542,train,3.209721088409424
7543,train,3.184048891067505
7544,train,3.1876890659332275
7545,train,3.192962884902954
7546,train,3.1894500255584717
7547,train,3.193350315093994
7548,train,3.20853853225708
7549,train,3.209650993347168
7550,train,3.220125675201416
7551,train,3.206409215927124
7552,train,3.1805412769317627
7553,train,3.191272020339966
7554,train,3.2158257961273193
7555,train,3.200545310974121
7556,train,3.1976356506347656
7557,train,3.2009224891662598
7558,train,3.18318510055542
7559,train,3.220376968383789
7560,train,3.203707695007324
7561,train,3.2029671669006348
7562,train,3.2115836143493652
7563,train,3.207719326019287
7564,train,3.221038341522217
7565,train,3.2012534141540527
7566,train,3.206210136413574
7567,train,3.189018726348877
7568,train,3.1761786937713623
7569,train,3.16015625
7570,train,3.1857128143310547
7571,train,3.226565361022949
7572,train,3.230429172515869
7573,train,3.209827423095703
7574,train,3.161529779434204
7575,train,3.1744651794433594
7576,train,3.208681583404541
7577,train,3.205443859100342
7578,train,3.193986654281616
7579,train,3.222468376159668
7580,train,3.2336041927337646
7581,train,3.1686949729919434
7582,train,3.1861424446105957
7583,train,3.1880416870117188
7584,train,3.189707040786743
7585,train,3.1962966918945312
7586,train,3.203245162963867
7587,train,3.1741580963134766
7588,train,3.1830835342407227
7589,train,3.20878267288208
7590,train,3.2050623893737793
7591,train,3.2269465923309326
7592,train,3.19488525390625
7593,train,3.156924247741699
7594,train,3.2390077114105225
7595,train,3.194755792617798
7596,train,3.1934361457824707
7597,train,3.1748013496398926
7598,train,3.230466365814209
7599,train,3.2070958614349365
7600,train,3.2081069946289062
7600,val,3.1953182220458984
7600,hellaswag,0.284106751643099
7601,train,3.214848041534424
7602,train,3.1883068084716797
7603,train,3.1435835361480713
7604,train,3.1854026317596436
7605,train,3.204887866973877
7606,train,3.1983611583709717
7607,train,3.1762523651123047
7608,train,3.217339038848877
7609,train,3.2073826789855957
7610,train,3.1989006996154785
7611,train,3.2032580375671387
7612,train,3.223762273788452
7613,train,3.2327041625976562
7614,train,3.190272331237793
7615,train,3.180786371231079
7616,train,3.185725688934326
7617,train,3.218879222869873
7618,train,3.2323107719421387
7619,train,3.197000741958618
7620,train,3.171187162399292
7621,train,3.1785526275634766
7622,train,3.2005722522735596
7623,train,3.2296485900878906
7624,train,3.224459648132324
7625,train,3.2264928817749023
7626,train,3.1952977180480957
7627,train,3.1758196353912354
7628,train,3.1705422401428223
7629,train,3.188142776489258
7630,train,3.206120252609253
7631,train,3.173546314239502
7632,train,3.1898930072784424
7633,train,3.150418758392334
7634,train,3.1890993118286133
7635,train,3.2062788009643555
7636,train,3.1885015964508057
7637,train,3.188591718673706
7638,train,3.1894025802612305
7639,train,3.1834163665771484
7640,train,3.180758476257324
7641,train,3.18629789352417
7642,train,3.185314655303955
7643,train,3.1719770431518555
7644,train,3.1750171184539795
7645,train,3.189959764480591
7646,train,3.1908693313598633
7647,train,3.19307279586792
7648,train,3.176945209503174
7649,train,3.1812798976898193
7650,train,3.1759464740753174
7651,train,3.21409273147583
7652,train,3.2164483070373535
7653,train,3.15936541557312
7654,train,3.2137680053710938
7655,train,3.2023086547851562
7656,train,3.171077251434326
7657,train,3.185253143310547
7658,train,3.195884943008423
7659,train,3.1967337131500244
7660,train,3.1952338218688965
7661,train,3.1662001609802246
7662,train,3.177048444747925
7663,train,3.179049491882324
7664,train,3.237959384918213
7665,train,3.2210984230041504
7666,train,3.2016069889068604
7667,train,3.1669840812683105
7668,train,3.1752610206604004
7669,train,3.1910767555236816
7670,train,3.181643009185791
7671,train,3.2068374156951904
7672,train,3.2155568599700928
7673,train,3.199033737182617
7674,train,3.2109556198120117
7675,train,3.173614978790283
7676,train,3.192929983139038
7677,train,3.1765079498291016
7678,train,3.2033472061157227
7679,train,3.2059459686279297
7680,train,3.196131706237793
7681,train,3.1506786346435547
7682,train,3.1822075843811035
7683,train,3.177391529083252
7684,train,3.18107271194458
7685,train,3.1499900817871094
7686,train,3.1704154014587402
7687,train,3.161613702774048
7688,train,3.16666316986084
7689,train,3.2001233100891113
7690,train,3.191253662109375
7691,train,3.179159641265869
7692,train,3.1915464401245117
7693,train,3.222719430923462
7694,train,3.1911516189575195
7695,train,3.175718069076538
7696,train,3.196897506713867
7697,train,3.2037036418914795
7698,train,3.1547131538391113
7699,train,3.1774744987487793
7700,train,3.161424160003662
7700,val,3.189301013946533
7700,hellaswag,0.28450507866958774
7701,train,3.1856160163879395
7702,train,3.1727237701416016
7703,train,3.1965601444244385
7704,train,3.1748223304748535
7705,train,3.1995997428894043
7706,train,3.1738085746765137
7707,train,3.196099281311035
7708,train,3.177952527999878
7709,train,3.196967840194702
7710,train,3.207233428955078
7711,train,3.2181406021118164
7712,train,3.1474509239196777
7713,train,3.160752773284912
7714,train,3.1910247802734375
7715,train,3.17885422706604
7716,train,3.172431468963623
7717,train,3.1677112579345703
7718,train,3.1993770599365234
7719,train,3.186757802963257
7720,train,3.150747299194336
7721,train,3.186272144317627
7722,train,3.183251142501831
7723,train,3.1511542797088623
7724,train,3.169599771499634
7725,train,3.1591150760650635
7726,train,3.2106821537017822
7727,train,3.17974853515625
7728,train,3.184589147567749
7729,train,3.1536664962768555
7730,train,3.188333511352539
7731,train,3.1528921127319336
7732,train,3.1572771072387695
7733,train,3.1675853729248047
7734,train,3.1782801151275635
7735,train,3.214569091796875
7736,train,3.170595169067383
7737,train,3.1734862327575684
7738,train,3.1642251014709473
7739,train,3.1485671997070312
7740,train,3.164942741394043
7741,train,3.1605262756347656
7742,train,3.144866943359375
7743,train,3.1854238510131836
7744,train,3.1548776626586914
7745,train,3.166843891143799
7746,train,3.2028067111968994
7747,train,3.2083895206451416
7748,train,3.1625266075134277
7749,train,3.1685938835144043
7750,train,3.167961597442627
7751,train,3.157839298248291
7752,train,3.1581454277038574
7753,train,3.18662166595459
7754,train,3.170527458190918
7755,train,3.172062635421753
7756,train,3.202889919281006
7757,train,3.160463571548462
7758,train,3.210435390472412
7759,train,3.142564535140991
7760,train,3.2112622261047363
7761,train,3.164811372756958
7762,train,3.162774085998535
7763,train,3.134505271911621
7764,train,3.1800155639648438
7765,train,3.165985345840454
7766,train,3.1707992553710938
7767,train,3.1709375381469727
7768,train,3.163912057876587
7769,train,3.124086856842041
7770,train,3.1422624588012695
7771,train,3.1734871864318848
7772,train,3.165212392807007
7773,train,3.1843783855438232
7774,train,3.1961166858673096
7775,train,3.18049955368042
7776,train,3.136537790298462
7777,train,3.184006690979004
7778,train,3.1552395820617676
7779,train,3.18599271774292
7780,train,3.195558786392212
7781,train,3.169184684753418
7782,train,3.173954486846924
7783,train,3.193903684616089
7784,train,3.1998372077941895
7785,train,3.1757760047912598
7786,train,3.156198024749756
7787,train,3.154484987258911
7788,train,3.2109270095825195
7789,train,3.181304931640625
7790,train,3.1290111541748047
7791,train,3.17659330368042
7792,train,3.1636900901794434
7793,train,3.207808494567871
7794,train,3.184401512145996
7795,train,3.136312961578369
7796,train,3.135420083999634
7797,train,3.198195457458496
7798,train,3.1700923442840576
7799,train,3.1738479137420654
7800,train,3.1858205795288086
7800,val,3.1872611045837402
7800,hellaswag,0.2847042421828321
7801,train,3.1948280334472656
7802,train,3.1515238285064697
7803,train,3.1633944511413574
7804,train,3.1977696418762207
7805,train,3.192840099334717
7806,train,3.1428866386413574
7807,train,3.190706253051758
7808,train,3.1547021865844727
7809,train,3.155200958251953
7810,train,3.1629316806793213
7811,train,3.1942379474639893
7812,train,3.1583962440490723
7813,train,3.172956943511963
7814,train,3.167811870574951
7815,train,3.1384029388427734
7816,train,3.1878304481506348
7817,train,3.1814303398132324
7818,train,3.1803741455078125
7819,train,3.196398973464966
7820,train,3.1473023891448975
7821,train,3.1963815689086914
7822,train,3.1991539001464844
7823,train,3.17382550239563
7824,train,3.2038028240203857
7825,train,3.1863491535186768
7826,train,3.2083070278167725
7827,train,3.171713352203369
7828,train,3.1664559841156006
7829,train,3.1622300148010254
7830,train,3.14231014251709
7831,train,3.1716084480285645
7832,train,3.172262191772461
7833,train,3.202544927597046
7834,train,3.1732919216156006
7835,train,3.188397169113159
7836,train,3.2046570777893066
7837,train,3.1669044494628906
7838,train,3.221609115600586
7839,train,3.2194347381591797
7840,train,3.1912293434143066
7841,train,3.1823883056640625
7842,train,3.187594175338745
7843,train,3.1987717151641846
7844,train,3.1637697219848633
7845,train,3.182785987854004
7846,train,3.189784526824951
7847,train,3.1927690505981445
7848,train,3.2062509059906006
7849,train,3.164790153503418
7850,train,3.15214204788208
7851,train,3.1784605979919434
7852,train,3.179020404815674
7853,train,3.225991725921631
7854,train,3.2333719730377197
7855,train,3.1643998622894287
7856,train,3.1621382236480713
7857,train,3.212015151977539
7858,train,3.184147357940674
7859,train,3.157339572906494
7860,train,3.146216630935669
7861,train,3.19297456741333
7862,train,3.1897828578948975
7863,train,3.1837730407714844
7864,train,3.2041308879852295
7865,train,3.2270607948303223
7866,train,3.170288562774658
7867,train,3.1693878173828125
7868,train,3.1816022396087646
7869,train,3.208352565765381
7870,train,3.216810464859009
7871,train,3.168423652648926
7872,train,3.226240634918213
7873,train,3.1806528568267822
7874,train,3.2039687633514404
7875,train,3.1958539485931396
7876,train,3.181675434112549
7877,train,3.1705403327941895
7878,train,3.191558361053467
7879,train,3.1767730712890625
7880,train,3.2059824466705322
7881,train,3.1398818492889404
7882,train,3.159766435623169
7883,train,3.1907260417938232
7884,train,3.1642823219299316
7885,train,3.1821084022521973
7886,train,3.1967005729675293
7887,train,3.1991333961486816
7888,train,3.1971752643585205
7889,train,3.2067413330078125
7890,train,3.185086727142334
7891,train,3.2039451599121094
7892,train,3.191188335418701
7893,train,3.2063865661621094
7894,train,3.2024168968200684
7895,train,3.180467128753662
7896,train,3.2008039951324463
7897,train,3.181551933288574
7898,train,3.1884026527404785
7899,train,3.196547508239746
7900,train,3.175614833831787
7900,val,3.1838440895080566
7900,hellaswag,0.2855008962358096
7901,train,3.209374189376831
7902,train,3.173739194869995
7903,train,3.1831462383270264
7904,train,3.1953306198120117
7905,train,3.1787796020507812
7906,train,3.1516737937927246
7907,train,3.1732046604156494
7908,train,3.19915771484375
7909,train,3.222071647644043
7910,train,3.159128427505493
7911,train,3.2309398651123047
7912,train,3.200425386428833
7913,train,3.1656274795532227
7914,train,3.2135696411132812
7915,train,3.1931509971618652
7916,train,3.1832351684570312
7917,train,3.1777842044830322
7918,train,3.1788558959960938
7919,train,3.2060158252716064
7920,train,3.176027774810791
7921,train,3.2212634086608887
7922,train,3.127012252807617
7923,train,3.182851791381836
7924,train,3.1672327518463135
7925,train,3.1906838417053223
7926,train,3.1979684829711914
7927,train,3.2349298000335693
7928,train,3.2403676509857178
7929,train,3.2365951538085938
7930,train,3.190187931060791
7931,train,3.2026212215423584
7932,train,3.2176008224487305
7933,train,3.1844708919525146
7934,train,3.2227697372436523
7935,train,3.2034120559692383
7936,train,3.174344778060913
7937,train,3.2221012115478516
7938,train,3.1867947578430176
7939,train,3.231879711151123
7940,train,3.1865592002868652
7941,train,3.175722122192383
7942,train,3.201882839202881
7943,train,3.2005209922790527
7944,train,3.241023063659668
7945,train,3.184070110321045
7946,train,3.200908660888672
7947,train,3.1956770420074463
7948,train,3.181751251220703
7949,train,3.2228901386260986
7950,train,3.195578098297119
7951,train,3.14751935005188
7952,train,3.1755871772766113
7953,train,3.179297924041748
7954,train,3.170945644378662
7955,train,3.1913890838623047
7956,train,3.1840429306030273
7957,train,3.190873146057129
7958,train,3.1980128288269043
7959,train,3.1836020946502686
7960,train,3.2215888500213623
7961,train,3.206719398498535
7962,train,3.203054666519165
7963,train,3.187990427017212
7964,train,3.205336570739746
7965,train,3.2026309967041016
7966,train,3.1867287158966064
7967,train,3.197068691253662
7968,train,3.2192904949188232
7969,train,3.208949565887451
7970,train,3.219517946243286
7971,train,3.194693088531494
7972,train,3.2239162921905518
7973,train,3.189164161682129
7974,train,3.1995463371276855
7975,train,3.2331466674804688
7976,train,3.212528944015503
7977,train,3.1822268962860107
7978,train,3.1790995597839355
7979,train,3.204157829284668
7980,train,3.1874098777770996
7981,train,3.20230770111084
7982,train,3.1818699836730957
7983,train,3.225895881652832
7984,train,3.180266857147217
7985,train,3.1898179054260254
7986,train,3.179013729095459
7987,train,3.20778226852417
7988,train,3.212735652923584
7989,train,3.185469150543213
7990,train,3.2046968936920166
7991,train,3.187962532043457
7992,train,3.1663928031921387
7993,train,3.183642864227295
7994,train,3.2070367336273193
7995,train,3.173182487487793
7996,train,3.176632881164551
7997,train,3.1906747817993164
7998,train,3.203935146331787
7999,train,3.2261624336242676
8000,train,3.196240186691284
8000,val,3.1812820434570312
8000,hellaswag,0.28380800637323245
8001,train,3.205836772918701
8002,train,3.204700469970703
8003,train,3.1923165321350098
8004,train,3.2137291431427
8005,train,3.1695566177368164
8006,train,3.182328701019287
8007,train,3.2223000526428223
8008,train,3.167030096054077
8009,train,3.208024501800537
8010,train,3.167232036590576
8011,train,3.1820223331451416
8012,train,3.2044641971588135
8013,train,3.200366735458374
8014,train,3.2005434036254883
8015,train,3.171628952026367
8016,train,3.208125352859497
8017,train,3.1833975315093994
8018,train,3.1788341999053955
8019,train,3.2033987045288086
8020,train,3.202558994293213
8021,train,3.1852731704711914
8022,train,3.1800475120544434
8023,train,3.1563496589660645
8024,train,3.1808743476867676
8025,train,3.1585607528686523
8026,train,3.219255208969116
8027,train,3.137143850326538
8028,train,3.1921956539154053
8029,train,3.1789302825927734
8030,train,3.1754746437072754
8031,train,3.1766107082366943
8032,train,3.204850435256958
8033,train,3.19964599609375
8034,train,3.1608164310455322
8035,train,3.2073793411254883
8036,train,3.169280529022217
8037,train,3.187072277069092
8038,train,3.1959447860717773
8039,train,3.1797070503234863
8040,train,3.182905435562134
8041,train,3.1961913108825684
8042,train,3.1898884773254395
8043,train,3.2161307334899902
8044,train,3.187544107437134
8045,train,3.197422981262207
8046,train,3.149754524230957
8047,train,3.144299030303955
8048,train,3.1944332122802734
8049,train,3.196938991546631
8050,train,3.1763792037963867
8051,train,3.1869726181030273
8052,train,3.1805334091186523
8053,train,3.1986846923828125
8054,train,3.191171407699585
8055,train,3.171837329864502
8056,train,3.1993184089660645
8057,train,3.1658666133880615
8058,train,3.1660377979278564
8059,train,3.1651599407196045
8060,train,3.1471481323242188
8061,train,3.1625585556030273
8062,train,3.173354387283325
8063,train,3.168234348297119
8064,train,3.1737794876098633
8065,train,3.183753728866577
8066,train,3.2081446647644043
8067,train,3.172271966934204
8068,train,3.1835851669311523
8069,train,3.1717233657836914
8070,train,3.1844749450683594
8071,train,3.2170796394348145
8072,train,3.172790765762329
8073,train,3.1782801151275635
8074,train,3.187779664993286
8075,train,3.1787314414978027
8076,train,3.191009759902954
8077,train,3.195845365524292
8078,train,3.158079147338867
8079,train,3.2040586471557617
8080,train,3.1670267581939697
8081,train,3.196706771850586
8082,train,3.208451509475708
8083,train,3.17698335647583
8084,train,3.1819419860839844
8085,train,3.169583320617676
8086,train,3.1861438751220703
8087,train,3.190218210220337
8088,train,3.1958158016204834
8089,train,3.19360613822937
8090,train,3.183962821960449
8091,train,3.1951191425323486
8092,train,3.160581588745117
8093,train,3.1800289154052734
8094,train,3.164064884185791
8095,train,3.20241641998291
8096,train,3.171682596206665
8097,train,3.1868526935577393
8098,train,3.1818056106567383
8099,train,3.2474591732025146
8100,train,3.179095983505249
8100,val,3.177327871322632
8100,hellaswag,0.28868751244771956
8101,train,3.175408124923706
8102,train,3.1845169067382812
8103,train,3.1855030059814453
8104,train,3.1824216842651367
8105,train,3.148982286453247
8106,train,3.200307607650757
8107,train,3.198220729827881
8108,train,3.1802279949188232
8109,train,3.150174617767334
8110,train,3.196310043334961
8111,train,3.196751594543457
8112,train,3.1936733722686768
8113,train,3.2074177265167236
8114,train,3.1989047527313232
8115,train,3.19594144821167
8116,train,3.1730098724365234
8117,train,3.1987557411193848
8118,train,3.2282114028930664
8119,train,3.237931251525879
8120,train,3.194415330886841
8121,train,3.1732757091522217
8122,train,3.1902782917022705
8123,train,3.1606760025024414
8124,train,3.169945240020752
8125,train,3.2130589485168457
8126,train,3.218209981918335
8127,train,3.1797351837158203
8128,train,3.1619699001312256
8129,train,3.2009406089782715
8130,train,3.2180678844451904
8131,train,3.1704397201538086
8132,train,3.2078189849853516
8133,train,3.1823973655700684
8134,train,3.1738791465759277
8135,train,3.193696975708008
8136,train,3.141115427017212
8137,train,3.1481447219848633
8138,train,3.1789374351501465
8139,train,3.164370059967041
8140,train,3.2003345489501953
8141,train,3.185903549194336
8142,train,3.147571563720703
8143,train,3.1174423694610596
8144,train,3.2009122371673584
8145,train,3.14150333404541
8146,train,3.1549973487854004
8147,train,3.182321548461914
8148,train,3.2123870849609375
8149,train,3.190783977508545
8150,train,3.1523468494415283
8151,train,3.1605591773986816
8152,train,3.180016279220581
8153,train,3.1895055770874023
8154,train,3.1627297401428223
8155,train,3.1549203395843506
8156,train,3.1872243881225586
8157,train,3.179314136505127
8158,train,3.172651529312134
8159,train,3.14009428024292
8160,train,3.2058300971984863
8161,train,3.1684632301330566
8162,train,3.2255778312683105
8163,train,3.230891227722168
8164,train,3.201540946960449
8165,train,3.2025680541992188
8166,train,3.172309160232544
8167,train,3.1693854331970215
8168,train,3.158217191696167
8169,train,3.1881699562072754
8170,train,3.1777026653289795
8171,train,3.1814541816711426
8172,train,3.202883243560791
8173,train,3.1837363243103027
8174,train,3.1928837299346924
8175,train,3.1921098232269287
8176,train,3.180952548980713
8177,train,3.196204423904419
8178,train,3.2020621299743652
8179,train,3.1893861293792725
8180,train,3.2064967155456543
8181,train,3.219341278076172
8182,train,3.172895908355713
8183,train,3.1707117557525635
8184,train,3.187340021133423
8185,train,3.1635870933532715
8186,train,3.1820268630981445
8187,train,3.156808614730835
8188,train,3.173030376434326
8189,train,3.1762990951538086
8190,train,3.1960079669952393
8191,train,3.1883997917175293
8192,train,3.170785903930664
8193,train,3.2072243690490723
8194,train,3.1672816276550293
8195,train,3.1475486755371094
8196,train,3.181718349456787
8197,train,3.172492504119873
8198,train,3.1710667610168457
8199,train,3.1525673866271973
8200,train,3.1820132732391357
8200,val,3.1742043495178223
8200,hellaswag,0.2865962955586537
8201,train,3.168463706970215
8202,train,3.2040042877197266
8203,train,3.159074068069458
8204,train,3.2026562690734863
8205,train,3.1718878746032715
8206,train,3.179183006286621
8207,train,3.1939496994018555
8208,train,3.20949125289917
8209,train,3.1943612098693848
8210,train,3.1991124153137207
8211,train,3.1915407180786133
8212,train,3.211245536804199
8213,train,3.168358564376831
8214,train,3.1472671031951904
8215,train,3.177858591079712
8216,train,3.2285971641540527
8217,train,3.162468433380127
8218,train,3.1696321964263916
8219,train,3.168900966644287
8220,train,3.1660208702087402
8221,train,3.206094264984131
8222,train,3.1895813941955566
8223,train,3.150747299194336
8224,train,3.1908226013183594
8225,train,3.215498208999634
8226,train,3.182614326477051
8227,train,3.1789748668670654
8228,train,3.191657543182373
8229,train,3.210803508758545
8230,train,3.1650147438049316
8231,train,3.193347930908203
8232,train,3.16519832611084
8233,train,3.1574974060058594
8234,train,3.1782166957855225
8235,train,3.168799877166748
8236,train,3.2074761390686035
8237,train,3.169508934020996
8238,train,3.1888928413391113
8239,train,3.195526599884033
8240,train,3.180295467376709
8241,train,3.1603546142578125
8242,train,3.18481707572937
8243,train,3.1960928440093994
8244,train,3.1856489181518555
8245,train,3.200690746307373
8246,train,3.163565158843994
8247,train,3.2078394889831543
8248,train,3.155125856399536
8249,train,3.208387851715088
8250,train,3.208550214767456
8251,train,3.1890411376953125
8252,train,3.2357962131500244
8253,train,3.149632453918457
8254,train,3.22817325592041
8255,train,3.166320323944092
8256,train,3.1488640308380127
8257,train,3.181570053100586
8258,train,3.206887722015381
8259,train,3.167651653289795
8260,train,3.1871774196624756
8261,train,3.1914172172546387
8262,train,3.1627626419067383
8263,train,3.203289031982422
8264,train,3.145965576171875
8265,train,3.1963112354278564
8266,train,3.2164196968078613
8267,train,3.1719374656677246
8268,train,3.185671806335449
8269,train,3.164489269256592
8270,train,3.157593250274658
8271,train,3.1716856956481934
8272,train,3.2089121341705322
8273,train,3.1981842517852783
8274,train,3.1909255981445312
8275,train,3.1469178199768066
8276,train,3.187241792678833
8277,train,3.1965172290802
8278,train,3.172659397125244
8279,train,3.1916232109069824
8280,train,3.171721935272217
8281,train,3.1522023677825928
8282,train,3.170546054840088
8283,train,3.172244071960449
8284,train,3.176281690597534
8285,train,3.175527334213257
8286,train,3.180978298187256
8287,train,3.1763362884521484
8288,train,3.184525966644287
8289,train,3.170279026031494
8290,train,3.1686863899230957
8291,train,3.1651575565338135
8292,train,3.173363208770752
8293,train,3.162252426147461
8294,train,3.1622519493103027
8295,train,3.1730947494506836
8296,train,3.196613073348999
8297,train,3.1834967136383057
8298,train,3.2158403396606445
8299,train,3.12331485748291
8300,train,3.166649341583252
8300,val,3.1736373901367188
8300,hellaswag,0.28809002190798644
8301,train,3.1584556102752686
8302,train,3.1842992305755615
8303,train,3.1817994117736816
8304,train,3.1968517303466797
8305,train,3.210920810699463
8306,train,3.195308208465576
8307,train,3.1849658489227295
8308,train,3.1766631603240967
8309,train,3.1996042728424072
8310,train,3.199075698852539
8311,train,3.1950297355651855
8312,train,3.211636543273926
8313,train,3.210195541381836
8314,train,3.225040912628174
8315,train,3.2260982990264893
8316,train,3.1987128257751465
8317,train,3.1757755279541016
8318,train,3.2368710041046143
8319,train,3.17869234085083
8320,train,3.212029457092285
8321,train,3.179655075073242
8322,train,3.2050065994262695
8323,train,3.1814002990722656
8324,train,3.220449447631836
8325,train,3.2227835655212402
8326,train,3.1803102493286133
8327,train,3.2082390785217285
8328,train,3.171642303466797
8329,train,3.1980087757110596
8330,train,3.201547145843506
8331,train,3.206789255142212
8332,train,3.188678741455078
8333,train,3.187011480331421
8334,train,3.2133636474609375
8335,train,3.19228458404541
8336,train,3.1784777641296387
8337,train,3.205256938934326
8338,train,3.2198495864868164
8339,train,3.1986336708068848
8340,train,3.1702780723571777
8341,train,3.1983561515808105
8342,train,3.2156381607055664
8343,train,3.2138705253601074
8344,train,3.232734203338623
8345,train,3.199552059173584
8346,train,3.1877377033233643
8347,train,3.1896605491638184
8348,train,3.18353271484375
8349,train,3.1874799728393555
8350,train,3.1906702518463135
8351,train,3.2141079902648926
8352,train,3.1917760372161865
8353,train,3.1685681343078613
8354,train,3.189666271209717
8355,train,3.202423572540283
8356,train,3.1849546432495117
8357,train,3.2109274864196777
8358,train,3.1883997917175293
8359,train,3.182061195373535
8360,train,3.1860454082489014
8361,train,3.1872596740722656
8362,train,3.190646171569824
8363,train,3.1859188079833984
8364,train,3.179541826248169
8365,train,3.1881556510925293
8366,train,3.1927146911621094
8367,train,3.2171144485473633
8368,train,3.2109251022338867
8369,train,3.219177722930908
8370,train,3.201683282852173
8371,train,3.1710612773895264
8372,train,3.1854794025421143
8373,train,3.181955337524414
8374,train,3.1876537799835205
8375,train,3.1858150959014893
8376,train,3.223632574081421
8377,train,3.1904683113098145
8378,train,3.1653218269348145
8379,train,3.1611485481262207
8380,train,3.1733765602111816
8381,train,3.201077699661255
8382,train,3.1916842460632324
8383,train,3.180591106414795
8384,train,3.1793787479400635
8385,train,3.199705123901367
8386,train,3.1704108715057373
8387,train,3.2246580123901367
8388,train,3.1770167350769043
8389,train,3.1681885719299316
8390,train,3.1994667053222656
8391,train,3.1386523246765137
8392,train,3.20314884185791
8393,train,3.193596363067627
8394,train,3.22587251663208
8395,train,3.1860389709472656
8396,train,3.191925525665283
8397,train,3.2082767486572266
8398,train,3.2446494102478027
8399,train,3.203094005584717
8400,train,3.199880599975586
8400,val,3.1689653396606445
8400,hellaswag,0.2887870942043418
8401,train,3.1953377723693848
8402,train,3.2088801860809326
8403,train,3.2348318099975586
8404,train,3.1952762603759766
8405,train,3.2039685249328613
8406,train,3.1699366569519043
8407,train,3.2078442573547363
8408,train,3.1855223178863525
8409,train,3.2552361488342285
8410,train,3.209139108657837
8411,train,3.187889337539673
8412,train,3.25232195854187
8413,train,3.198446273803711
8414,train,3.1875834465026855
8415,train,3.1679790019989014
8416,train,3.2264556884765625
8417,train,3.2005879878997803
8418,train,3.2333831787109375
8419,train,3.1861329078674316
8420,train,3.171480178833008
8421,train,3.2094593048095703
8422,train,3.2200677394866943
8423,train,3.229966640472412
8424,train,3.2459805011749268
8425,train,3.2369275093078613
8426,train,3.1798887252807617
8427,train,3.175499439239502
8428,train,3.2066431045532227
8429,train,3.1966638565063477
8430,train,3.2198777198791504
8431,train,3.2035953998565674
8432,train,3.214648723602295
8433,train,3.1728410720825195
8434,train,3.1895225048065186
8435,train,3.221843957901001
8436,train,3.167160987854004
8437,train,3.2050085067749023
8438,train,3.2102560997009277
8439,train,3.1862714290618896
8440,train,3.17889142036438
8441,train,3.204721450805664
8442,train,3.2185654640197754
8443,train,3.2213034629821777
8444,train,3.2079954147338867
8445,train,3.2335734367370605
8446,train,3.2045443058013916
8447,train,3.2065412998199463
8448,train,3.233604907989502
8449,train,3.2062244415283203
8450,train,3.213921546936035
8451,train,3.2326347827911377
8452,train,3.205624580383301
8453,train,3.20920991897583
8454,train,3.1890344619750977
8455,train,3.2469232082366943
8456,train,3.1446986198425293
8457,train,3.2174856662750244
8458,train,3.194632053375244
8459,train,3.2179479598999023
8460,train,3.224658966064453
8461,train,3.21586275100708
8462,train,3.1866722106933594
8463,train,3.221188545227051
8464,train,3.2170963287353516
8465,train,3.183602809906006
8466,train,3.1639676094055176
8467,train,3.1900315284729004
8468,train,3.2167906761169434
8469,train,3.1847639083862305
8470,train,3.1954305171966553
8471,train,3.21783185005188
8472,train,3.222809076309204
8473,train,3.202087879180908
8474,train,3.2277374267578125
8475,train,3.205812454223633
8476,train,3.1688613891601562
8477,train,3.183903455734253
8478,train,3.227689266204834
8479,train,3.2009286880493164
8480,train,3.2161030769348145
8481,train,3.2000272274017334
8482,train,3.1828391551971436
8483,train,3.202266216278076
8484,train,3.2222483158111572
8485,train,3.2172560691833496
8486,train,3.2138619422912598
8487,train,3.15657377243042
8488,train,3.186725378036499
8489,train,3.24310302734375
8490,train,3.1908366680145264
8491,train,3.222008466720581
8492,train,3.1781725883483887
8493,train,3.259767532348633
8494,train,3.2252001762390137
8495,train,3.2112207412719727
8496,train,3.216320037841797
8497,train,3.1546735763549805
8498,train,3.1846485137939453
8499,train,3.184192419052124
8500,train,3.192054271697998
8500,val,3.168483018875122
8500,hellaswag,0.28510256920932087
8501,train,3.216027021408081
8502,train,3.1732544898986816
8503,train,3.1650304794311523
8504,train,3.137157440185547
8505,train,3.170301914215088
8506,train,3.157521963119507
8507,train,3.1890597343444824
8508,train,3.1778762340545654
8509,train,3.1592206954956055
8510,train,3.2003419399261475
8511,train,3.1593852043151855
8512,train,3.212444305419922
8513,train,3.177194595336914
8514,train,3.18925142288208
8515,train,3.126329183578491
8516,train,3.152792453765869
8517,train,3.1757943630218506
8518,train,3.189164400100708
8519,train,3.1650424003601074
8520,train,3.16229248046875
8521,train,3.1751832962036133
8522,train,3.1453943252563477
8523,train,3.2137210369110107
8524,train,3.170633554458618
8525,train,3.1739296913146973
8526,train,3.1668686866760254
8527,train,3.143272876739502
8528,train,3.166646957397461
8529,train,3.175374746322632
8530,train,3.18064022064209
8531,train,3.1946682929992676
8532,train,3.163266658782959
8533,train,3.1505866050720215
8534,train,3.174027681350708
8535,train,3.140343189239502
8536,train,3.172700881958008
8537,train,3.157090663909912
8538,train,3.163599967956543
8539,train,3.1769115924835205
8540,train,3.1764745712280273
8541,train,3.1740970611572266
8542,train,3.159228801727295
8543,train,3.1588048934936523
8544,train,3.1431403160095215
8545,train,3.1690444946289062
8546,train,3.190164566040039
8547,train,3.214080333709717
8548,train,3.2050232887268066
8549,train,3.140986442565918
8550,train,3.148622989654541
8551,train,3.1556520462036133
8552,train,3.1727566719055176
8553,train,3.170283317565918
8554,train,3.1937155723571777
8555,train,3.183227062225342
8556,train,3.1945722103118896
8557,train,3.1580393314361572
8558,train,3.1829986572265625
8559,train,3.1534364223480225
8560,train,3.1887001991271973
8561,train,3.164715051651001
8562,train,3.178636312484741
8563,train,3.157763957977295
8564,train,3.17490291595459
8565,train,3.165597915649414
8566,train,3.1508607864379883
8567,train,3.149294853210449
8568,train,3.1761622428894043
8569,train,3.204464912414551
8570,train,3.194056272506714
8571,train,3.1942667961120605
8572,train,3.168574333190918
8573,train,3.1669528484344482
8574,train,3.1483452320098877
8575,train,3.1774730682373047
8576,train,3.187704563140869
8577,train,3.163300037384033
8578,train,3.1721200942993164
8579,train,3.148597240447998
8580,train,3.1551284790039062
8581,train,3.155341625213623
8582,train,3.1707112789154053
8583,train,3.1551239490509033
8584,train,3.15470290184021
8585,train,3.133333206176758
8586,train,3.1489675045013428
8587,train,3.1826910972595215
8588,train,3.1758041381835938
8589,train,3.1422619819641113
8590,train,3.1692776679992676
8591,train,3.1344027519226074
8592,train,3.1449496746063232
8593,train,3.2111940383911133
8594,train,3.150115728378296
8595,train,3.1604981422424316
8596,train,3.1516165733337402
8597,train,3.110384702682495
8598,train,3.1326093673706055
8599,train,3.1219842433929443
8600,train,3.141648054122925
8600,val,3.164947032928467
8600,hellaswag,0.2863971320454093
8601,train,3.1102652549743652
8602,train,3.1463332176208496
8603,train,3.1398119926452637
8604,train,3.1068954467773438
8605,train,3.1608471870422363
8606,train,3.178255796432495
8607,train,3.152341842651367
8608,train,3.1573076248168945
8609,train,3.135540723800659
8610,train,3.1754376888275146
8611,train,3.1498730182647705
8612,train,3.179211139678955
8613,train,3.0975050926208496
8614,train,3.122666120529175
8615,train,3.1795530319213867
8616,train,3.1647257804870605
8617,train,3.1404471397399902
8618,train,3.1787261962890625
8619,train,3.184370756149292
8620,train,3.172441005706787
8621,train,3.1319668292999268
8622,train,3.178342342376709
8623,train,3.183318614959717
8624,train,3.1892077922821045
8625,train,3.170908212661743
8626,train,3.137193202972412
8627,train,3.1650784015655518
8628,train,3.130662202835083
8629,train,3.1422464847564697
8630,train,3.135089159011841
8631,train,3.1349294185638428
8632,train,3.1710805892944336
8633,train,3.149839162826538
8634,train,3.1520469188690186
8635,train,3.1547653675079346
8636,train,3.1300649642944336
8637,train,3.1121232509613037
8638,train,3.1276662349700928
8639,train,3.131462335586548
8640,train,3.147620916366577
8641,train,3.1606955528259277
8642,train,3.1774375438690186
8643,train,3.147608757019043
8644,train,3.1257400512695312
8645,train,3.1432089805603027
8646,train,3.110786199569702
8647,train,3.1211397647857666
8648,train,3.137478828430176
8649,train,3.164064407348633
8650,train,3.1368513107299805
8651,train,3.156912326812744
8652,train,3.166332721710205
8653,train,3.1250710487365723
8654,train,3.1448397636413574
8655,train,3.161614179611206
8656,train,3.14426589012146
8657,train,3.163396120071411
8658,train,3.098951816558838
8659,train,3.0935115814208984
8660,train,3.1350817680358887
8661,train,3.1475911140441895
8662,train,3.1438217163085938
8663,train,3.1553847789764404
8664,train,3.1360483169555664
8665,train,3.130009174346924
8666,train,3.157123565673828
8667,train,3.150887966156006
8668,train,3.14341139793396
8669,train,3.1600069999694824
8670,train,3.137068748474121
8671,train,3.124821424484253
8672,train,3.142761707305908
8673,train,3.137314796447754
8674,train,3.1416616439819336
8675,train,3.130411148071289
8676,train,3.1460185050964355
8677,train,3.148742198944092
8678,train,3.137866973876953
8679,train,3.140939950942993
8680,train,3.1497392654418945
8681,train,3.1343610286712646
8682,train,3.1728687286376953
8683,train,3.143385171890259
8684,train,3.1292312145233154
8685,train,3.175645351409912
8686,train,3.1245453357696533
8687,train,3.1877503395080566
8688,train,3.174363613128662
8689,train,3.1943306922912598
8690,train,3.1598198413848877
8691,train,3.1563565731048584
8692,train,3.151751756668091
8693,train,3.1813464164733887
8694,train,3.195981979370117
8695,train,3.197453260421753
8696,train,3.168966770172119
8697,train,3.169245481491089
8698,train,3.1764779090881348
8699,train,3.145371198654175
8700,train,3.12622332572937
8700,val,3.161863088607788
8700,hellaswag,0.28818960366460866
8701,train,3.145968437194824
8702,train,3.15960431098938
8703,train,3.1873698234558105
8704,train,3.164109706878662
8705,train,3.1594529151916504
8706,train,3.12965726852417
8707,train,3.1825547218322754
8708,train,3.181361675262451
8709,train,3.1643013954162598
8710,train,3.1816587448120117
8711,train,3.144397735595703
8712,train,3.170642852783203
8713,train,3.15399169921875
8714,train,3.148775577545166
8715,train,3.196791410446167
8716,train,3.172011375427246
8717,train,3.143368721008301
8718,train,3.1392059326171875
8719,train,3.1625938415527344
8720,train,3.162299871444702
8721,train,3.1918153762817383
8722,train,3.177938461303711
8723,train,3.146958589553833
8724,train,3.1358461380004883
8725,train,3.156582832336426
8726,train,3.172140121459961
8727,train,3.188272476196289
8728,train,3.189032554626465
8729,train,3.20622181892395
8730,train,3.1453065872192383
8731,train,3.1833980083465576
8732,train,3.1596221923828125
8733,train,3.164795398712158
8734,train,3.1488192081451416
8735,train,3.130258083343506
8736,train,3.1644439697265625
8737,train,3.116603136062622
8738,train,3.178595542907715
8739,train,3.1346206665039062
8740,train,3.1657145023345947
8741,train,3.187805652618408
8742,train,3.1574668884277344
8743,train,3.139091968536377
8744,train,3.1444077491760254
8745,train,3.141587972640991
8746,train,3.1833786964416504
8747,train,3.1795809268951416
8748,train,3.141360282897949
8749,train,3.16157603263855
8750,train,3.181334972381592
8751,train,3.1379246711730957
8752,train,3.150096893310547
8753,train,3.156830310821533
8754,train,3.1471827030181885
8755,train,3.170689821243286
8756,train,3.166201114654541
8757,train,3.1148743629455566
8758,train,3.148566722869873
8759,train,3.1715545654296875
8760,train,3.18500018119812
8761,train,3.145514965057373
8762,train,3.1493637561798096
8763,train,3.151113986968994
8764,train,3.152864456176758
8765,train,3.1658639907836914
8766,train,3.1467666625976562
8767,train,3.198704242706299
8768,train,3.15451979637146
8769,train,3.173527717590332
8770,train,3.177645683288574
8771,train,3.1925649642944336
8772,train,3.195723533630371
8773,train,3.1629581451416016
8774,train,3.1767845153808594
8775,train,3.1615068912506104
8776,train,3.09928035736084
8777,train,3.1928510665893555
8778,train,3.1864004135131836
8779,train,3.1241912841796875
8780,train,3.1127359867095947
8781,train,3.1669559478759766
8782,train,3.167269229888916
8783,train,3.1817336082458496
8784,train,3.1831512451171875
8785,train,3.1531262397766113
8786,train,3.1456685066223145
8787,train,3.1445512771606445
8788,train,3.1255195140838623
8789,train,3.1558690071105957
8790,train,3.1492509841918945
8791,train,3.1626803874969482
8792,train,3.1426210403442383
8793,train,3.1896328926086426
8794,train,3.1319375038146973
8795,train,3.1227986812591553
8796,train,3.1899452209472656
8797,train,3.1001803874969482
8798,train,3.1610991954803467
8799,train,3.16686749458313
8800,train,3.1272521018981934
8800,val,3.160174608230591
8800,hellaswag,0.28818960366460866
8801,train,3.1242012977600098
8802,train,3.15545916557312
8803,train,3.1534862518310547
8804,train,3.1511170864105225
8805,train,3.150820255279541
8806,train,3.157895088195801
8807,train,3.159794330596924
8808,train,3.118795871734619
8809,train,3.173520565032959
8810,train,3.1104164123535156
8811,train,3.1688833236694336
8812,train,3.1577823162078857
8813,train,3.1661946773529053
8814,train,3.1642282009124756
8815,train,3.1471331119537354
8816,train,3.129664421081543
8817,train,3.1521425247192383
8818,train,3.1623380184173584
8819,train,3.159280300140381
8820,train,3.156292200088501
8821,train,3.175542116165161
8822,train,3.136258840560913
8823,train,3.131960868835449
8824,train,3.1863574981689453
8825,train,3.1233816146850586
8826,train,3.1592700481414795
8827,train,3.1443798542022705
8828,train,3.174992322921753
8829,train,3.1495180130004883
8830,train,3.1195621490478516
8831,train,3.131633758544922
8832,train,3.143486976623535
8833,train,3.1424803733825684
8834,train,3.16359281539917
8835,train,3.157271146774292
8836,train,3.1660120487213135
8837,train,3.1562743186950684
8838,train,3.161886692047119
8839,train,3.1617038249969482
8840,train,3.1281416416168213
8841,train,3.1296024322509766
8842,train,3.142242193222046
8843,train,3.1602323055267334
8844,train,3.1399331092834473
8845,train,3.141507863998413
8846,train,3.124263286590576
8847,train,3.1628453731536865
8848,train,3.146639585494995
8849,train,3.1462128162384033
8850,train,3.1233410835266113
8851,train,3.1032519340515137
8852,train,3.140871047973633
8853,train,3.1167523860931396
8854,train,3.1447720527648926
8855,train,3.143494129180908
8856,train,3.1216206550598145
8857,train,3.1541709899902344
8858,train,3.121506690979004
8859,train,3.1459925174713135
8860,train,3.1080100536346436
8861,train,3.150869846343994
8862,train,3.141172409057617
8863,train,3.165165901184082
8864,train,3.1585092544555664
8865,train,3.159257411956787
8866,train,3.1595003604888916
8867,train,3.131321668624878
8868,train,3.120083808898926
8869,train,3.128100872039795
8870,train,3.12980318069458
8871,train,3.1777515411376953
8872,train,3.120950937271118
8873,train,3.1422457695007324
8874,train,3.111326217651367
8875,train,3.143258810043335
8876,train,3.1440606117248535
8877,train,3.172807216644287
8878,train,3.1612396240234375
8879,train,3.205160617828369
8880,train,3.194671154022217
8881,train,3.184905767440796
8882,train,3.1656808853149414
8883,train,3.158379077911377
8884,train,3.124236822128296
8885,train,3.1905579566955566
8886,train,3.1943256855010986
8887,train,3.1571731567382812
8888,train,3.201840877532959
8889,train,3.154453754425049
8890,train,3.2234294414520264
8891,train,3.1918540000915527
8892,train,3.140178680419922
8893,train,3.210035800933838
8894,train,3.155489921569824
8895,train,3.166750907897949
8896,train,3.179596185684204
8897,train,3.2005505561828613
8898,train,3.1666693687438965
8899,train,3.149775743484497
8900,train,3.1657960414886475
8900,val,3.157498359680176
8900,hellaswag,0.2889862577175861
8901,train,3.1863980293273926
8902,train,3.1569769382476807
8903,train,3.1498119831085205
8904,train,3.196869373321533
8905,train,3.180873394012451
8906,train,3.163297176361084
8907,train,3.154428482055664
8908,train,3.1703290939331055
8909,train,3.166527271270752
8910,train,3.1812119483947754
8911,train,3.1781833171844482
8912,train,3.160104751586914
8913,train,3.2161028385162354
8914,train,3.137925386428833
8915,train,3.210099220275879
8916,train,3.1427204608917236
8917,train,3.1697559356689453
8918,train,3.193153142929077
8919,train,3.147275686264038
8920,train,3.186570644378662
8921,train,3.1662821769714355
8922,train,3.1970114707946777
8923,train,3.159092903137207
8924,train,3.137481212615967
8925,train,3.1815757751464844
8926,train,3.170264482498169
8927,train,3.2043190002441406
8928,train,3.16935396194458
8929,train,3.1732594966888428
8930,train,3.2004942893981934
8931,train,3.1840052604675293
8932,train,3.2045044898986816
8933,train,3.180111885070801
8934,train,3.1845788955688477
8935,train,3.1577138900756836
8936,train,3.151191234588623
8937,train,3.1636574268341064
8938,train,3.1764113903045654
8939,train,3.184279680252075
8940,train,3.143972158432007
8941,train,3.178734540939331
8942,train,3.160041332244873
8943,train,3.136007308959961
8944,train,3.202014923095703
8945,train,3.173462152481079
8946,train,3.172351121902466
8947,train,3.148087739944458
8948,train,3.1417484283447266
8949,train,3.176813840866089
8950,train,3.180312156677246
8951,train,3.1703901290893555
8952,train,3.191129446029663
8953,train,3.1577863693237305
8954,train,3.1601884365081787
8955,train,3.133721351623535
8956,train,3.1873769760131836
8957,train,3.1646857261657715
8958,train,3.20300555229187
8959,train,3.158670425415039
8960,train,3.173640012741089
8961,train,3.187042713165283
8962,train,3.1429295539855957
8963,train,3.161531686782837
8964,train,3.140885353088379
8965,train,3.1103315353393555
8966,train,3.1842944622039795
8967,train,3.1768834590911865
8968,train,3.1743366718292236
8969,train,3.204197883605957
8970,train,3.152395725250244
8971,train,3.156079053878784
8972,train,3.1693458557128906
8973,train,3.1558053493499756
8974,train,3.183393716812134
8975,train,3.144864082336426
8976,train,3.1058108806610107
8977,train,3.190645694732666
8978,train,3.19053316116333
8979,train,3.175729751586914
8980,train,3.171483039855957
8981,train,3.152506113052368
8982,train,3.163376808166504
8983,train,3.1582107543945312
8984,train,3.1562774181365967
8985,train,3.157426357269287
8986,train,3.1645350456237793
8987,train,3.1317756175994873
8988,train,3.1537117958068848
8989,train,3.154409408569336
8990,train,3.1684017181396484
8991,train,3.17531681060791
8992,train,3.1375186443328857
8993,train,3.1441805362701416
8994,train,3.1576128005981445
8995,train,3.12996768951416
8996,train,3.191301107406616
8997,train,3.14272403717041
8998,train,3.18342661857605
8999,train,3.168192148208618
9000,train,3.1480236053466797
9000,val,3.156787157058716
9000,hellaswag,0.29117705636327423
9001,train,3.188965082168579
9002,train,3.191868305206299
9003,train,3.1834475994110107
9004,train,3.1478240489959717
9005,train,3.130863666534424
9006,train,3.161308765411377
9007,train,3.177924156188965
9008,train,3.2086586952209473
9009,train,3.150475025177002
9010,train,3.127793312072754
9011,train,3.1787514686584473
9012,train,3.140937566757202
9013,train,3.135380268096924
9014,train,3.2101292610168457
9015,train,3.1848087310791016
9016,train,3.1693241596221924
9017,train,3.1449227333068848
9018,train,3.1497316360473633
9019,train,3.1606922149658203
9020,train,3.160116672515869
9021,train,3.1599817276000977
9022,train,3.1761975288391113
9023,train,3.1909022331237793
9024,train,3.1738617420196533
9025,train,3.180933952331543
9026,train,3.154811143875122
9027,train,3.1713027954101562
9028,train,3.158923864364624
9029,train,3.1321215629577637
9030,train,3.1815247535705566
9031,train,3.1488969326019287
9032,train,3.1640725135803223
9033,train,3.136932373046875
9034,train,3.1732215881347656
9035,train,3.128786087036133
9036,train,3.172880172729492
9037,train,3.1807541847229004
9038,train,3.174440622329712
9039,train,3.1423585414886475
9040,train,3.1758193969726562
9041,train,3.1513147354125977
9042,train,3.175640344619751
9043,train,3.179435968399048
9044,train,3.1632184982299805
9045,train,3.1696879863739014
9046,train,3.161411762237549
9047,train,3.161362409591675
9048,train,3.16943359375
9049,train,3.1887667179107666
9050,train,3.179142475128174
9051,train,3.1642332077026367
9052,train,3.152980327606201
9053,train,3.17264461517334
9054,train,3.151726245880127
9055,train,3.1628379821777344
9056,train,3.1877284049987793
9057,train,3.16744327545166
9058,train,3.167529821395874
9059,train,3.1402785778045654
9060,train,3.1932435035705566
9061,train,3.2155141830444336
9062,train,3.1807446479797363
9063,train,3.1704025268554688
9064,train,3.111860513687134
9065,train,3.161252975463867
9066,train,3.204099178314209
9067,train,3.144465684890747
9068,train,3.151933193206787
9069,train,3.2038931846618652
9070,train,3.1742055416107178
9071,train,3.1915130615234375
9072,train,3.136850595474243
9073,train,3.1924939155578613
9074,train,3.164747714996338
9075,train,3.1633687019348145
9076,train,3.1729345321655273
9077,train,3.137509822845459
9078,train,3.1347618103027344
9079,train,3.1435985565185547
9080,train,3.1584246158599854
9081,train,3.1752612590789795
9082,train,3.1398983001708984
9083,train,3.173978328704834
9084,train,3.185605049133301
9085,train,3.177356719970703
9086,train,3.157628059387207
9087,train,3.1809096336364746
9088,train,3.188758373260498
9089,train,3.1760592460632324
9090,train,3.181727886199951
9091,train,3.165364980697632
9092,train,3.147627830505371
9093,train,3.1196722984313965
9094,train,3.162954807281494
9095,train,3.1388840675354004
9096,train,3.170417308807373
9097,train,3.1615049839019775
9098,train,3.1451594829559326
9099,train,3.1575448513031006
9100,train,3.1596028804779053
9100,val,3.1525230407714844
9100,hellaswag,0.2893845847440749
9101,train,3.155982255935669
9102,train,3.1505274772644043
9103,train,3.140083074569702
9104,train,3.170894145965576
9105,train,3.168142080307007
9106,train,3.1104378700256348
9107,train,3.144627571105957
9108,train,3.1596720218658447
9109,train,3.1502513885498047
9110,train,3.187755584716797
9111,train,3.1566615104675293
9112,train,3.1395134925842285
9113,train,3.1625020503997803
9114,train,3.165992498397827
9115,train,3.1479766368865967
9116,train,3.1763479709625244
9117,train,3.1684629917144775
9118,train,3.152096748352051
9119,train,3.1642274856567383
9120,train,3.2012248039245605
9121,train,3.1839165687561035
9122,train,3.153867721557617
9123,train,3.168877124786377
9124,train,3.1616358757019043
9125,train,3.152829170227051
9126,train,3.149055242538452
9127,train,3.1583683490753174
9128,train,3.169936180114746
9129,train,3.169102668762207
9130,train,3.189530372619629
9131,train,3.1802139282226562
9132,train,3.1203413009643555
9133,train,3.158437728881836
9134,train,3.1842658519744873
9135,train,3.1586289405822754
9136,train,3.1478888988494873
9137,train,3.161705732345581
9138,train,3.1425914764404297
9139,train,3.189622163772583
9140,train,3.1672616004943848
9141,train,3.117182970046997
9142,train,3.1439599990844727
9143,train,3.17470121383667
9144,train,3.1778249740600586
9145,train,3.1943905353546143
9146,train,3.1638171672821045
9147,train,3.1476197242736816
9148,train,3.1748428344726562
9149,train,3.132042407989502
9150,train,3.131662130355835
9151,train,3.159247398376465
9152,train,3.1566975116729736
9153,train,3.1607823371887207
9154,train,3.2031543254852295
9155,train,3.1214163303375244
9156,train,3.1423559188842773
9157,train,3.1447973251342773
9158,train,3.179306745529175
9159,train,3.1769683361053467
9160,train,3.147275686264038
9161,train,3.1641769409179688
9162,train,3.1299147605895996
9163,train,3.197807788848877
9164,train,3.187727689743042
9165,train,3.1945643424987793
9166,train,3.1390340328216553
9167,train,3.1305534839630127
9168,train,3.171114444732666
9169,train,3.170058250427246
9170,train,3.143548011779785
9171,train,3.178433656692505
9172,train,3.176940441131592
9173,train,3.1764683723449707
9174,train,3.1763458251953125
9175,train,3.1200757026672363
9176,train,3.1587514877319336
9177,train,3.1816482543945312
9178,train,3.127161741256714
9179,train,3.126772880554199
9180,train,3.1769256591796875
9181,train,3.15169095993042
9182,train,3.1513218879699707
9183,train,3.113851547241211
9184,train,3.152740478515625
9185,train,3.128659248352051
9186,train,3.1370809078216553
9187,train,3.159198760986328
9188,train,3.1702513694763184
9189,train,3.1362180709838867
9190,train,3.1475799083709717
9191,train,3.1429436206817627
9192,train,3.1313719749450684
9193,train,3.1790108680725098
9194,train,3.172370433807373
9195,train,3.1453232765197754
9196,train,3.1345367431640625
9197,train,3.19427752494812
9198,train,3.167567491531372
9199,train,3.16713547706604
9200,train,3.14511775970459
9200,val,3.1503937244415283
9200,hellaswag,0.29087831109340767
9201,train,3.158214807510376
9202,train,3.1517605781555176
9203,train,3.1308891773223877
9204,train,3.161513566970825
9205,train,3.185310125350952
9206,train,3.136620044708252
9207,train,3.1502766609191895
9208,train,3.1832752227783203
9209,train,3.143526554107666
9210,train,3.1954898834228516
9211,train,3.150036334991455
9212,train,3.167508125305176
9213,train,3.1785521507263184
9214,train,3.1595287322998047
9215,train,3.1766459941864014
9216,train,3.1695756912231445
9217,train,3.200870990753174
9218,train,3.1687533855438232
9219,train,3.167681932449341
9220,train,3.1578800678253174
9221,train,3.1713786125183105
9222,train,3.1791892051696777
9223,train,3.147156238555908
9224,train,3.179288387298584
9225,train,3.127882242202759
9226,train,3.1810498237609863
9227,train,3.1412882804870605
9228,train,3.174539089202881
9229,train,3.1291515827178955
9230,train,3.1413135528564453
9231,train,3.182859420776367
9232,train,3.178213596343994
9233,train,3.142939329147339
9234,train,3.1396641731262207
9235,train,3.1471574306488037
9236,train,3.1760940551757812
9237,train,3.167895555496216
9238,train,3.1303956508636475
9239,train,3.163036346435547
9240,train,3.140738010406494
9241,train,3.176321029663086
9242,train,3.1690053939819336
9243,train,3.1714096069335938
9244,train,3.1782145500183105
9245,train,3.159698009490967
9246,train,3.127578020095825
9247,train,3.1689629554748535
9248,train,3.1771628856658936
9249,train,3.200963020324707
9250,train,3.142882823944092
9251,train,3.115750789642334
9252,train,3.193909168243408
9253,train,3.1457679271698
9254,train,3.1786022186279297
9255,train,3.1926181316375732
9256,train,3.137442111968994
9257,train,3.098757743835449
9258,train,3.1734933853149414
9259,train,3.163455009460449
9260,train,3.1507749557495117
9261,train,3.141085624694824
9262,train,3.1700615882873535
9263,train,3.135256767272949
9264,train,3.1548023223876953
9265,train,3.1666526794433594
9266,train,3.122758626937866
9267,train,3.1409924030303955
9268,train,3.152970790863037
9269,train,3.1409456729888916
9270,train,3.127100944519043
9271,train,3.1653733253479004
9272,train,3.1644082069396973
9273,train,3.174669027328491
9274,train,3.1543660163879395
9275,train,3.1834559440612793
9276,train,3.164658784866333
9277,train,3.1490583419799805
9278,train,3.1315784454345703
9279,train,3.143693447113037
9280,train,3.1385765075683594
9281,train,3.1303188800811768
9282,train,3.1457436084747314
9283,train,3.157317638397217
9284,train,3.1491808891296387
9285,train,3.127917766571045
9286,train,3.134441375732422
9287,train,3.1595458984375
9288,train,3.1623711585998535
9289,train,3.132516384124756
9290,train,3.160778522491455
9291,train,3.1239452362060547
9292,train,3.1287484169006348
9293,train,3.145308256149292
9294,train,3.1615536212921143
9295,train,3.1520609855651855
9296,train,3.1844897270202637
9297,train,3.143096446990967
9298,train,3.1318750381469727
9299,train,3.1692981719970703
9300,train,3.179063081741333
9300,val,3.1502623558044434
9300,hellaswag,0.2876916948814977
9301,train,3.168238639831543
9302,train,3.134861469268799
9303,train,3.1536879539489746
9304,train,3.1631782054901123
9305,train,3.166530132293701
9306,train,3.1574301719665527
9307,train,3.15106201171875
9308,train,3.171989917755127
9309,train,3.135146141052246
9310,train,3.176724433898926
9311,train,3.1300129890441895
9312,train,3.1373300552368164
9313,train,3.1372342109680176
9314,train,3.1372227668762207
9315,train,3.1778061389923096
9316,train,3.1492347717285156
9317,train,3.172207832336426
9318,train,3.2073440551757812
9319,train,3.113313674926758
9320,train,3.1412386894226074
9321,train,3.1535229682922363
9322,train,3.1550750732421875
9323,train,3.145242214202881
9324,train,3.1777915954589844
9325,train,3.1671156883239746
9326,train,3.1347384452819824
9327,train,3.1438987255096436
9328,train,3.1414566040039062
9329,train,3.1261818408966064
9330,train,3.1467041969299316
9331,train,3.1439929008483887
9332,train,3.1410226821899414
9333,train,3.1280646324157715
9334,train,3.150651454925537
9335,train,3.1822381019592285
9336,train,3.1910481452941895
9337,train,3.153306245803833
9338,train,3.1616954803466797
9339,train,3.1604669094085693
9340,train,3.148040771484375
9341,train,3.148317813873291
9342,train,3.131636619567871
9343,train,3.1276378631591797
9344,train,3.1063079833984375
9345,train,3.1149649620056152
9346,train,3.1376001834869385
9347,train,3.1100692749023438
9348,train,3.1612799167633057
9349,train,3.139197826385498
9350,train,3.139470100402832
9351,train,3.1540184020996094
9352,train,3.147036552429199
9353,train,3.121614456176758
9354,train,3.1602261066436768
9355,train,3.1449267864227295
9356,train,3.140766143798828
9357,train,3.1513257026672363
9358,train,3.116051197052002
9359,train,3.174222469329834
9360,train,3.118770122528076
9361,train,3.137730598449707
9362,train,3.1733322143554688
9363,train,3.1787939071655273
9364,train,3.147904396057129
9365,train,3.1302602291107178
9366,train,3.10129714012146
9367,train,3.151625871658325
9368,train,3.143010139465332
9369,train,3.128588914871216
9370,train,3.120243787765503
9371,train,3.139427661895752
9372,train,3.1097373962402344
9373,train,3.1499900817871094
9374,train,3.1042802333831787
9375,train,3.098057746887207
9376,train,3.126965045928955
9377,train,3.1365585327148438
9378,train,3.153447389602661
9379,train,3.1409196853637695
9380,train,3.1476035118103027
9381,train,3.144639492034912
9382,train,3.1216697692871094
9383,train,3.147934913635254
9384,train,3.1531898975372314
9385,train,3.1409926414489746
9386,train,3.1120505332946777
9387,train,3.131380081176758
9388,train,3.140838146209717
9389,train,3.1466548442840576
9390,train,3.1426877975463867
9391,train,3.100912570953369
9392,train,3.164971351623535
9393,train,3.1482176780700684
9394,train,3.090876340866089
9395,train,3.117486000061035
9396,train,3.1442105770111084
9397,train,3.1077890396118164
9398,train,3.1259918212890625
9399,train,3.121689558029175
9400,train,3.1546521186828613
9400,val,3.1457769870758057
9400,hellaswag,0.2909778928500299
9401,train,3.146014451980591
9402,train,3.143986701965332
9403,train,3.148144245147705
9404,train,3.1180763244628906
9405,train,3.141810894012451
9406,train,3.136134147644043
9407,train,3.1150479316711426
9408,train,3.1430444717407227
9409,train,3.1765758991241455
9410,train,3.109729766845703
9411,train,3.1460251808166504
9412,train,3.172762870788574
9413,train,3.129768133163452
9414,train,3.1475446224212646
9415,train,3.129627227783203
9416,train,3.1600522994995117
9417,train,3.166440486907959
9418,train,3.119133472442627
9419,train,3.1632161140441895
9420,train,3.1252946853637695
9421,train,3.1137466430664062
9422,train,3.134685516357422
9423,train,3.1087875366210938
9424,train,3.1456170082092285
9425,train,3.1426408290863037
9426,train,3.1258509159088135
9427,train,3.1100997924804688
9428,train,3.1170363426208496
9429,train,3.147559404373169
9430,train,3.1117634773254395
9431,train,3.1220149993896484
9432,train,3.1350390911102295
9433,train,3.1328186988830566
9434,train,3.129344940185547
9435,train,3.172653913497925
9436,train,3.134373664855957
9437,train,3.1414990425109863
9438,train,3.1458358764648438
9439,train,3.137887477874756
9440,train,3.115729570388794
9441,train,3.1532468795776367
9442,train,3.1211392879486084
9443,train,3.176471471786499
9444,train,3.1513383388519287
9445,train,3.1251330375671387
9446,train,3.1353342533111572
9447,train,3.1456751823425293
9448,train,3.1571011543273926
9449,train,3.153411388397217
9450,train,3.17964243888855
9451,train,3.118584632873535
9452,train,3.131040573120117
9453,train,3.1597228050231934
9454,train,3.1460647583007812
9455,train,3.1585593223571777
9456,train,3.1467161178588867
9457,train,3.144287347793579
9458,train,3.148658514022827
9459,train,3.1536312103271484
9460,train,3.1421470642089844
9461,train,3.142688751220703
9462,train,3.165489912033081
9463,train,3.135221481323242
9464,train,3.15594482421875
9465,train,3.1571245193481445
9466,train,3.130390167236328
9467,train,3.1608517169952393
9468,train,3.1563286781311035
9469,train,3.1397624015808105
9470,train,3.1288609504699707
9471,train,3.1762547492980957
9472,train,3.1492366790771484
9473,train,3.174363613128662
9474,train,3.1594274044036865
9475,train,3.1156716346740723
9476,train,3.16514253616333
9477,train,3.148409366607666
9478,train,3.1531057357788086
9479,train,3.169541358947754
9480,train,3.1762008666992188
9481,train,3.1590142250061035
9482,train,3.1626851558685303
9483,train,3.1817452907562256
9484,train,3.1659789085388184
9485,train,3.155241012573242
9486,train,3.144885540008545
9487,train,3.167595386505127
9488,train,3.1447691917419434
9489,train,3.162583827972412
9490,train,3.164113998413086
9491,train,3.1322317123413086
9492,train,3.1446938514709473
9493,train,3.1423537731170654
9494,train,3.166755199432373
9495,train,3.1529111862182617
9496,train,3.1354475021362305
9497,train,3.134603977203369
9498,train,3.1338624954223633
9499,train,3.155277729034424
9500,train,3.1288013458251953
9500,val,3.143515110015869
9500,hellaswag,0.28759211312487554
9501,train,3.134885311126709
9502,train,3.1476335525512695
9503,train,3.155651330947876
9504,train,3.1450202465057373
9505,train,3.1679751873016357
9506,train,3.1459286212921143
9507,train,3.164280891418457
9508,train,3.149418830871582
9509,train,3.130817413330078
9510,train,3.1492066383361816
9511,train,3.1687753200531006
9512,train,3.128401756286621
9513,train,3.1537036895751953
9514,train,3.113433361053467
9515,train,3.150383710861206
9516,train,3.104980945587158
9517,train,3.1492278575897217
9518,train,3.1352100372314453
9519,train,3.1563589572906494
9520,train,3.1499528884887695
9521,train,3.1449224948883057
9522,train,3.1601548194885254
9523,train,3.1570334434509277
9524,train,3.143948554992676
9525,train,3.1561167240142822
9526,train,3.1424758434295654
9527,train,3.1656546592712402
9528,train,3.144374370574951
9529,train,3.1603474617004395
9530,train,3.1314644813537598
9531,train,3.1520488262176514
9532,train,3.1109161376953125
9533,train,3.1155331134796143
9534,train,3.172706365585327
9535,train,3.110647201538086
9536,train,3.163943290710449
9537,train,3.1422483921051025
9538,train,3.1200342178344727
9539,train,3.1725428104400635
9540,train,3.1707539558410645
9541,train,3.171997547149658
9542,train,3.170929431915283
9543,train,3.189708948135376
9544,train,3.1330246925354004
9545,train,3.1581239700317383
9546,train,3.1817502975463867
9547,train,3.1706957817077637
9548,train,3.169804811477661
9549,train,3.168272018432617
9550,train,3.195810317993164
9551,train,3.1707935333251953
9552,train,3.1391921043395996
9553,train,3.159548759460449
9554,train,3.123971939086914
9555,train,3.1856651306152344
9556,train,3.1956875324249268
9557,train,3.1650137901306152
9558,train,3.1631526947021484
9559,train,3.160649061203003
9560,train,3.1342434883117676
9561,train,3.142608880996704
9562,train,3.163079023361206
9563,train,3.147233009338379
9564,train,3.1782445907592773
9565,train,3.1611976623535156
9566,train,3.1217780113220215
9567,train,3.165018081665039
9568,train,3.1675865650177
9569,train,3.1571736335754395
9570,train,3.1437668800354004
9571,train,3.175265312194824
9572,train,3.1469531059265137
9573,train,3.158297300338745
9574,train,3.1610350608825684
9575,train,3.163980484008789
9576,train,3.15732479095459
9577,train,3.156937599182129
9578,train,3.175633430480957
9579,train,3.17985200881958
9580,train,3.1509363651275635
9581,train,3.11922287940979
9582,train,3.1318984031677246
9583,train,3.1550405025482178
9584,train,3.1811909675598145
9585,train,3.1812355518341064
9586,train,3.1537933349609375
9587,train,3.1470704078674316
9588,train,3.1251091957092285
9589,train,3.1637771129608154
9590,train,3.142516613006592
9591,train,3.205881357192993
9592,train,3.1230461597442627
9593,train,3.146484851837158
9594,train,3.1487226486206055
9595,train,3.1734232902526855
9596,train,3.145449161529541
9597,train,3.1469027996063232
9598,train,3.150674819946289
9599,train,3.1349902153015137
9600,train,3.1158714294433594
9600,val,3.141526222229004
9600,hellaswag,0.2900816570404302
9601,train,3.1378567218780518
9602,train,3.213442325592041
9603,train,3.1254637241363525
9604,train,3.1605801582336426
9605,train,3.1763973236083984
9606,train,3.1448564529418945
9607,train,3.175121784210205
9608,train,3.1335415840148926
9609,train,3.171269416809082
9610,train,3.1568374633789062
9611,train,3.1417996883392334
9612,train,3.15903639793396
9613,train,3.1660120487213135
9614,train,3.132932186126709
9615,train,3.1291122436523438
9616,train,3.1692748069763184
9617,train,3.1464576721191406
9618,train,3.1392688751220703
9619,train,3.150752067565918
9620,train,3.1588549613952637
9621,train,3.140120029449463
9622,train,3.1103758811950684
9623,train,3.1369338035583496
9624,train,3.1758198738098145
9625,train,3.16672420501709
9626,train,3.145350933074951
9627,train,3.1790947914123535
9628,train,3.1632332801818848
9629,train,3.148324489593506
9630,train,3.1686363220214844
9631,train,3.1739423274993896
9632,train,3.1313934326171875
9633,train,3.1629552841186523
9634,train,3.1389031410217285
9635,train,3.156067371368408
9636,train,3.1303067207336426
9637,train,3.129716634750366
9638,train,3.140007734298706
9639,train,3.1380062103271484
9640,train,3.166275978088379
9641,train,3.125788688659668
9642,train,3.1500935554504395
9643,train,3.1205925941467285
9644,train,3.140925884246826
9645,train,3.1359312534332275
9646,train,3.127450942993164
9647,train,3.147550582885742
9648,train,3.1336476802825928
9649,train,3.1646676063537598
9650,train,3.1668577194213867
9651,train,3.1431024074554443
9652,train,3.1991472244262695
9653,train,3.1839730739593506
9654,train,3.119805097579956
9655,train,3.1448612213134766
9656,train,3.1546010971069336
9657,train,3.166741371154785
9658,train,3.135603427886963
9659,train,3.1449904441833496
9660,train,3.1479721069335938
9661,train,3.163994789123535
9662,train,3.1715855598449707
9663,train,3.1205506324768066
9664,train,3.151561975479126
9665,train,3.146470785140991
9666,train,3.1385297775268555
9667,train,3.147873640060425
9668,train,3.1381640434265137
9669,train,3.158501386642456
9670,train,3.1589269638061523
9671,train,3.135392665863037
9672,train,3.1694982051849365
9673,train,3.1141860485076904
9674,train,3.1340513229370117
9675,train,3.1725144386291504
9676,train,3.1594700813293457
9677,train,3.128481388092041
9678,train,3.1518054008483887
9679,train,3.1281042098999023
9680,train,3.116419553756714
9681,train,3.1589341163635254
9682,train,3.1275312900543213
9683,train,3.155701160430908
9684,train,3.155961036682129
9685,train,3.1194591522216797
9686,train,3.154731512069702
9687,train,3.1510632038116455
9688,train,3.1090800762176514
9689,train,3.1342968940734863
9690,train,3.1607394218444824
9691,train,3.135101795196533
9692,train,3.132519245147705
9693,train,3.178251266479492
9694,train,3.157127857208252
9695,train,3.1451475620269775
9696,train,3.1498560905456543
9697,train,3.1201462745666504
9698,train,3.1003618240356445
9699,train,3.120683193206787
9700,train,3.1487414836883545
9700,val,3.1390700340270996
9700,hellaswag,0.2889862577175861
9701,train,3.141110420227051
9702,train,3.165834426879883
9703,train,3.1839332580566406
9704,train,3.1422905921936035
9705,train,3.1851015090942383
9706,train,3.148853302001953
9707,train,3.158829689025879
9708,train,3.163149356842041
9709,train,3.1552391052246094
9710,train,3.158564567565918
9711,train,3.1601204872131348
9712,train,3.176816463470459
9713,train,3.1233181953430176
9714,train,3.137230396270752
9715,train,3.1420469284057617
9716,train,3.1084394454956055
9717,train,3.1661086082458496
9718,train,3.1395657062530518
9719,train,3.1498281955718994
9720,train,3.136119842529297
9721,train,3.1511571407318115
9722,train,3.1836066246032715
9723,train,3.1569502353668213
9724,train,3.1536598205566406
9725,train,3.1455628871917725
9726,train,3.1482505798339844
9727,train,3.1496880054473877
9728,train,3.202713966369629
9729,train,3.138585090637207
9730,train,3.132169723510742
9731,train,3.1291871070861816
9732,train,3.1242752075195312
9733,train,3.1243815422058105
9734,train,3.150977849960327
9735,train,3.1385295391082764
9736,train,3.179612636566162
9737,train,3.144841194152832
9738,train,3.166189432144165
9739,train,3.1691362857818604
9740,train,3.1588754653930664
9741,train,3.1541290283203125
9742,train,3.1339473724365234
9743,train,3.151326894760132
9744,train,3.150050640106201
9745,train,3.1391828060150146
9746,train,3.1133360862731934
9747,train,3.1554808616638184
9748,train,3.150142192840576
9749,train,3.1382036209106445
9750,train,3.158750057220459
9751,train,3.1279232501983643
9752,train,3.1410112380981445
9753,train,3.1447691917419434
9754,train,3.145742177963257
9755,train,3.1771464347839355
9756,train,3.1156187057495117
9757,train,3.140835762023926
9758,train,3.1202335357666016
9759,train,3.1091861724853516
9760,train,3.137631893157959
9761,train,3.1471047401428223
9762,train,3.1335034370422363
9763,train,3.1525440216064453
9764,train,3.0935311317443848
9765,train,3.1620757579803467
9766,train,3.1095972061157227
9767,train,3.129429817199707
9768,train,3.1229476928710938
9769,train,3.140183448791504
9770,train,3.1439878940582275
9771,train,3.136561870574951
9772,train,3.1183414459228516
9773,train,3.1568892002105713
9774,train,3.146003007888794
9775,train,3.1362643241882324
9776,train,3.13025164604187
9777,train,3.179051637649536
9778,train,3.138972043991089
9779,train,3.0966989994049072
9780,train,3.163738250732422
9781,train,3.13852858543396
9782,train,3.138681173324585
9783,train,3.15030574798584
9784,train,3.1255717277526855
9785,train,3.1254570484161377
9786,train,3.12300968170166
9787,train,3.106942653656006
9788,train,3.1419410705566406
9789,train,3.1105639934539795
9790,train,3.148012161254883
9791,train,3.159822702407837
9792,train,3.148423671722412
9793,train,3.1163158416748047
9794,train,3.1622695922851562
9795,train,3.078972578048706
9796,train,3.114891529083252
9797,train,3.139852523803711
9798,train,3.145453929901123
9799,train,3.1231322288513184
9800,train,3.1187896728515625
9800,val,3.136378049850464
9800,hellaswag,0.29087831109340767
9801,train,3.1579325199127197
9802,train,3.128034830093384
9803,train,3.150759220123291
9804,train,3.155427932739258
9805,train,3.1251330375671387
9806,train,3.1149373054504395
9807,train,3.1208267211914062
9808,train,3.14715313911438
9809,train,3.1621146202087402
9810,train,3.126131534576416
9811,train,3.1104938983917236
9812,train,3.1640992164611816
9813,train,3.1582000255584717
9814,train,3.12176775932312
9815,train,3.1249759197235107
9816,train,3.1780447959899902
9817,train,3.1717019081115723
9818,train,3.115431308746338
9819,train,3.1609764099121094
9820,train,3.1318588256835938
9821,train,3.094287633895874
9822,train,3.1415324211120605
9823,train,3.1349568367004395
9824,train,3.123631238937378
9825,train,3.0970377922058105
9826,train,3.1211917400360107
9827,train,3.127338171005249
9828,train,3.1353249549865723
9829,train,3.086568832397461
9830,train,3.123414993286133
9831,train,3.1537697315216064
9832,train,3.157628059387207
9833,train,3.1581344604492188
9834,train,3.171626567840576
9835,train,3.1473135948181152
9836,train,3.1741433143615723
9837,train,3.1411993503570557
9838,train,3.174933433532715
9839,train,3.1683788299560547
9840,train,3.1384310722351074
9841,train,3.1109533309936523
9842,train,3.1576521396636963
9843,train,3.1532702445983887
9844,train,3.138357162475586
9845,train,3.1922695636749268
9846,train,3.14677095413208
9847,train,3.1441948413848877
9848,train,3.1548309326171875
9849,train,3.170926094055176
9850,train,3.12642765045166
9851,train,3.153958797454834
9852,train,3.1356115341186523
9853,train,3.159017562866211
9854,train,3.1339468955993652
9855,train,3.1272084712982178
9856,train,3.1528990268707275
9857,train,3.1264569759368896
9858,train,3.17155122756958
9859,train,3.1254420280456543
9860,train,3.118189573287964
9861,train,3.1714744567871094
9862,train,3.144571542739868
9863,train,3.1514596939086914
9864,train,3.142491340637207
9865,train,3.1251039505004883
9866,train,3.1539783477783203
9867,train,3.1512889862060547
9868,train,3.1638431549072266
9869,train,3.1789841651916504
9870,train,3.125054359436035
9871,train,3.1471846103668213
9872,train,3.1131670475006104
9873,train,3.1489157676696777
9874,train,3.1447110176086426
9875,train,3.157684564590454
9876,train,3.1622276306152344
9877,train,3.128298044204712
9878,train,3.123697280883789
9879,train,3.1809017658233643
9880,train,3.151959180831909
9881,train,3.150878429412842
9882,train,3.1745400428771973
9883,train,3.156729221343994
9884,train,3.118560791015625
9885,train,3.1546363830566406
9886,train,3.1326682567596436
9887,train,3.1398205757141113
9888,train,3.111966848373413
9889,train,3.1476149559020996
9890,train,3.1428029537200928
9891,train,3.1375622749328613
9892,train,3.1223926544189453
9893,train,3.1495611667633057
9894,train,3.151029586791992
9895,train,3.146109104156494
9896,train,3.149451494216919
9897,train,3.127856969833374
9898,train,3.1502673625946045
9899,train,3.1629281044006348
9900,train,3.1686134338378906
9900,val,3.1340229511260986
9900,hellaswag,0.29067914758016333
9901,train,3.1296122074127197
9902,train,3.1499452590942383
9903,train,3.1386971473693848
9904,train,3.135941982269287
9905,train,3.1388814449310303
9906,train,3.1592929363250732
9907,train,3.166311740875244
9908,train,3.1381587982177734
9909,train,3.14192271232605
9910,train,3.1531245708465576
9911,train,3.101623058319092
9912,train,3.1430978775024414
9913,train,3.1410272121429443
9914,train,3.147097110748291
9915,train,3.1557767391204834
9916,train,3.1574440002441406
9917,train,3.128028392791748
9918,train,3.1615724563598633
9919,train,3.183901786804199
9920,train,3.1676716804504395
9921,train,3.133232593536377
9922,train,3.16981840133667
9923,train,3.15533185005188
9924,train,3.142289400100708
9925,train,3.134507179260254
9926,train,3.114640235900879
9927,train,3.1626663208007812
9928,train,3.1438679695129395
9929,train,3.111311674118042
9930,train,3.157849073410034
9931,train,3.155719518661499
9932,train,3.161736249923706
9933,train,3.1567842960357666
9934,train,3.111934185028076
9935,train,3.1464576721191406
9936,train,3.1405937671661377
9937,train,3.12150502204895
9938,train,3.143925189971924
9939,train,3.1415467262268066
9940,train,3.091841697692871
9941,train,3.1878838539123535
9942,train,3.1498961448669434
9943,train,3.134211540222168
9944,train,3.1434366703033447
9945,train,3.1327240467071533
9946,train,3.1349375247955322
9947,train,3.1713361740112305
9948,train,3.1370811462402344
9949,train,3.154590368270874
9950,train,3.1167330741882324
9951,train,3.184873580932617
9952,train,3.15942645072937
9953,train,3.2022509574890137
9954,train,3.113297462463379
9955,train,3.1364264488220215
9956,train,3.152402639389038
9957,train,3.155071496963501
9958,train,3.171410083770752
9959,train,3.1145968437194824
9960,train,3.139493942260742
9961,train,3.1456634998321533
9962,train,3.1715004444122314
9963,train,3.099736213684082
9964,train,3.170013904571533
9965,train,3.1407408714294434
9966,train,3.1344153881073
9967,train,3.1422176361083984
9968,train,3.1925017833709717
9969,train,3.1319799423217773
9970,train,3.1491081714630127
9971,train,3.149127960205078
9972,train,3.141639232635498
9973,train,3.1673407554626465
9974,train,3.1370956897735596
9975,train,3.1348142623901367
9976,train,3.135753870010376
9977,train,3.1488006114959717
9978,train,3.104365825653076
9979,train,3.1300015449523926
9980,train,3.1571476459503174
9981,train,3.1320581436157227
9982,train,3.1116957664489746
9983,train,3.1266512870788574
9984,train,3.1490888595581055
9985,train,3.1822659969329834
9986,train,3.1234192848205566
9987,train,3.132305860519409
9988,train,3.134819746017456
9989,train,3.1294398307800293
9990,train,3.131002902984619
9991,train,3.170520067214966
9992,train,3.169952154159546
9993,train,3.1523725986480713
9994,train,3.103393316268921
9995,train,3.140995502471924
9996,train,3.166350841522217
9997,train,3.1435022354125977
9998,train,3.1604881286621094
9999,train,3.137126922607422
10000,train,3.151707649230957
10000,val,3.1308796405792236
10000,hellaswag,0.28908583947420835
10001,train,3.157323122024536
10002,train,3.093068838119507
10003,train,3.113523006439209
10004,train,3.119539737701416
10005,train,3.151083469390869
10006,train,3.148277997970581
10007,train,3.152596950531006
10008,train,3.140061378479004
10009,train,3.1285171508789062
10010,train,3.15552020072937
10011,train,3.127777576446533
10012,train,3.169203758239746
10013,train,3.1613094806671143
10014,train,3.1421666145324707
10015,train,3.1280455589294434
10016,train,3.1333513259887695
10017,train,3.1323137283325195
10018,train,3.132535457611084
10019,train,3.1502647399902344
10020,train,3.134955883026123
10021,train,3.1237423419952393
10022,train,3.160841941833496
10023,train,3.1448702812194824
10024,train,3.1055266857147217
10025,train,3.1244664192199707
10026,train,3.138303279876709
10027,train,3.169208526611328
10028,train,3.1091489791870117
10029,train,3.1024563312530518
10030,train,3.1171627044677734
10031,train,3.155405282974243
10032,train,3.1378426551818848
10033,train,3.129077196121216
10034,train,3.1312594413757324
10035,train,3.135622024536133
10036,train,3.1240992546081543
10037,train,3.1443729400634766
10038,train,3.1361491680145264
10039,train,3.1444153785705566
10040,train,3.1523046493530273
10041,train,3.165304660797119
10042,train,3.1148698329925537
10043,train,3.151326894760132
10044,train,3.1224217414855957
10045,train,3.125249147415161
10046,train,3.1074302196502686
10047,train,3.1463074684143066
10048,train,3.111668109893799
10049,train,3.116389274597168
10050,train,3.1256561279296875
10051,train,3.1320276260375977
10052,train,3.126861572265625
10053,train,3.1157455444335938
10054,train,3.1294667720794678
10055,train,3.1484787464141846
10056,train,3.1274991035461426
10057,train,3.119441509246826
10058,train,3.1095123291015625
10059,train,3.125247001647949
10060,train,3.1382253170013428
10061,train,3.167721748352051
10062,train,3.1514453887939453
10063,train,3.1081414222717285
10064,train,3.1122586727142334
10065,train,3.0941355228424072
10066,train,3.127180814743042
10067,train,3.087481737136841
10068,train,3.1269805431365967
10069,train,3.126384735107422
10070,train,3.1176528930664062
10071,train,3.162024974822998
10072,train,3.151022434234619
10073,train,3.150576114654541
10074,train,3.155590772628784
10075,train,3.1147258281707764
10076,train,3.1129095554351807
10077,train,3.1452860832214355
10078,train,3.1018409729003906
10079,train,3.137709617614746
10080,train,3.1248226165771484
10081,train,3.124889850616455
10082,train,3.1113128662109375
10083,train,3.1520743370056152
10084,train,3.1364855766296387
10085,train,3.172698736190796
10086,train,3.118940830230713
10087,train,3.103304862976074
10088,train,3.124703884124756
10089,train,3.141162395477295
10090,train,3.1206700801849365
10091,train,3.1209464073181152
10092,train,3.1345367431640625
10093,train,3.1572883129119873
10094,train,3.099924087524414
10095,train,3.164292335510254
10096,train,3.125028371810913
10097,train,3.1165285110473633
10098,train,3.1289925575256348
10099,train,3.122270345687866
10100,train,3.150818347930908
10100,val,3.131211042404175
10100,hellaswag,0.29047998406691894
10101,train,3.171421527862549
10102,train,3.120560646057129
10103,train,3.1208934783935547
10104,train,3.119846820831299
10105,train,3.1434314250946045
10106,train,3.1251375675201416
10107,train,3.1010828018188477
10108,train,3.142698287963867
10109,train,3.150559663772583
10110,train,3.1327803134918213
10111,train,3.1388750076293945
10112,train,3.129972219467163
10113,train,3.1259865760803223
10114,train,3.1238675117492676
10115,train,3.1230969429016113
10116,train,3.114206552505493
10117,train,3.1697161197662354
10118,train,3.1335935592651367
10119,train,3.0975632667541504
10120,train,3.14669132232666
10121,train,3.1191749572753906
10122,train,3.0967609882354736
10123,train,3.1670801639556885
10124,train,3.1460323333740234
10125,train,3.1010079383850098
10126,train,3.1526970863342285
10127,train,3.1610288619995117
10128,train,3.094226837158203
10129,train,3.127918243408203
10130,train,3.1042752265930176
10131,train,3.1028122901916504
10132,train,3.127567768096924
10133,train,3.148649215698242
10134,train,3.15726637840271
10135,train,3.090027332305908
10136,train,3.121035575866699
10137,train,3.133117198944092
10138,train,3.1061391830444336
10139,train,3.1460700035095215
10140,train,3.1367990970611572
10141,train,3.1628170013427734
10142,train,3.1306419372558594
10143,train,3.115095615386963
10144,train,3.1428375244140625
10145,train,3.1379990577697754
10146,train,3.1326024532318115
10147,train,3.1182613372802734
10148,train,3.1221346855163574
10149,train,3.126494884490967
10150,train,3.1220242977142334
10151,train,3.092554807662964
10152,train,3.1084625720977783
10153,train,3.152129650115967
10154,train,3.153043746948242
10155,train,3.132686138153076
10156,train,3.1570589542388916
10157,train,3.114842414855957
10158,train,3.1247520446777344
10159,train,3.120058059692383
10160,train,3.1392641067504883
10161,train,3.1604533195495605
10162,train,3.1225552558898926
10163,train,3.110018491744995
10164,train,3.0957071781158447
10165,train,3.133305788040161
10166,train,3.1612749099731445
10167,train,3.1331238746643066
10168,train,3.11529541015625
10169,train,3.120840311050415
10170,train,3.1509599685668945
10171,train,3.1011223793029785
10172,train,3.127857208251953
10173,train,3.0901994705200195
10174,train,3.1273839473724365
10175,train,3.1272847652435303
10176,train,3.1089930534362793
10177,train,3.113186836242676
10178,train,3.099351406097412
10179,train,3.1306331157684326
10180,train,3.1418309211730957
10181,train,3.090268611907959
10182,train,3.112600088119507
10183,train,3.1677565574645996
10184,train,3.119011878967285
10185,train,3.1244161128997803
10186,train,3.118070125579834
10187,train,3.143270969390869
10188,train,3.1085896492004395
10189,train,3.108560085296631
10190,train,3.10251522064209
10191,train,3.111517906188965
10192,train,3.151646375656128
10193,train,3.1171789169311523
10194,train,3.1110689640045166
10195,train,3.1470489501953125
10196,train,3.131850004196167
10197,train,3.1428699493408203
10198,train,3.119403123855591
10199,train,3.1337969303131104
10200,train,3.1341500282287598
10200,val,3.1271369457244873
10200,hellaswag,0.2891854212308305
10201,train,3.1295013427734375
10202,train,3.1553354263305664
10203,train,3.160386562347412
10204,train,3.140960216522217
10205,train,3.1227540969848633
10206,train,3.1404073238372803
10207,train,3.1105518341064453
10208,train,3.106294631958008
10209,train,3.0832061767578125
10210,train,3.094473123550415
10211,train,3.117219924926758
10212,train,3.1418371200561523
10213,train,3.106227397918701
10214,train,3.139972686767578
10215,train,3.1141746044158936
10216,train,3.1393370628356934
10217,train,3.109248638153076
10218,train,3.157331943511963
10219,train,3.17364764213562
10220,train,3.1169116497039795
10221,train,3.0904464721679688
10222,train,3.103097915649414
10223,train,3.1240780353546143
10224,train,3.160252571105957
10225,train,3.144930601119995
10226,train,3.130391836166382
10227,train,3.1141061782836914
10228,train,3.121702194213867
10229,train,3.1330275535583496
10230,train,3.147294521331787
10231,train,3.1538422107696533
10232,train,3.1321122646331787
10233,train,3.124493360519409
10234,train,3.1232895851135254
10235,train,3.1407532691955566
10236,train,3.155397653579712
10237,train,3.151552200317383
10238,train,3.164914608001709
10239,train,3.140018939971924
10240,train,3.1488888263702393
10241,train,3.082432746887207
10242,train,3.1560933589935303
10243,train,3.111325740814209
10244,train,3.1319403648376465
10245,train,3.168046712875366
10246,train,3.162520408630371
10247,train,3.147360324859619
10248,train,3.1265881061553955
10249,train,3.1326372623443604
10250,train,3.135289192199707
10251,train,3.1053028106689453
10252,train,3.1330676078796387
10253,train,3.141162872314453
10254,train,3.1375582218170166
10255,train,3.121621608734131
10256,train,3.1532821655273438
10257,train,3.138821840286255
10258,train,3.143913745880127
10259,train,3.1281094551086426
10260,train,3.1521472930908203
10261,train,3.1296370029449463
10262,train,3.094741106033325
10263,train,3.1200850009918213
10264,train,3.1344783306121826
10265,train,3.093048572540283
10266,train,3.119091033935547
10267,train,3.13505220413208
10268,train,3.1134848594665527
10269,train,3.121037244796753
10270,train,3.1087334156036377
10271,train,3.140504837036133
10272,train,3.1268653869628906
10273,train,3.139883518218994
10274,train,3.0886621475219727
10275,train,3.152872085571289
10276,train,3.1389241218566895
10277,train,3.1227426528930664
10278,train,3.1398801803588867
10279,train,3.0915493965148926
10280,train,3.1568479537963867
10281,train,3.1201961040496826
10282,train,3.1255409717559814
10283,train,3.1178107261657715
10284,train,3.1058006286621094
10285,train,3.0980582237243652
10286,train,3.12666654586792
10287,train,3.1366612911224365
10288,train,3.1326169967651367
10289,train,3.118630886077881
10290,train,3.1282129287719727
10291,train,3.109130620956421
10292,train,3.1362504959106445
10293,train,3.118277072906494
10294,train,3.1221835613250732
10295,train,3.119711399078369
10296,train,3.1435787677764893
10297,train,3.129377603530884
10298,train,3.125182867050171
10299,train,3.1442184448242188
10300,train,3.126718044281006
10300,val,3.126765727996826
10300,hellaswag,0.2907787293367855
10301,train,3.1369028091430664
10302,train,3.068264961242676
10303,train,3.0995030403137207
10304,train,3.1323323249816895
10305,train,3.1298108100891113
10306,train,3.12127947807312
10307,train,3.123913526535034
10308,train,3.1108551025390625
10309,train,3.160004138946533
10310,train,3.136889934539795
10311,train,3.137904644012451
10312,train,3.1440436840057373
10313,train,3.1350367069244385
10314,train,3.1053011417388916
10315,train,3.1353952884674072
10316,train,3.1347527503967285
10317,train,3.0893263816833496
10318,train,3.128405809402466
10319,train,3.151365041732788
10320,train,3.095107078552246
10321,train,3.1340436935424805
10322,train,3.137446403503418
10323,train,3.1130921840667725
10324,train,3.1478545665740967
10325,train,3.144374370574951
10326,train,3.1488254070281982
10327,train,3.0947558879852295
10328,train,3.145050287246704
10329,train,3.114647626876831
10330,train,3.0842297077178955
10331,train,3.1202476024627686
10332,train,3.1355175971984863
10333,train,3.1036429405212402
10334,train,3.131321430206299
10335,train,3.1413040161132812
10336,train,3.104665756225586
10337,train,3.135195255279541
10338,train,3.1076512336730957
10339,train,3.127431869506836
10340,train,3.131260395050049
10341,train,3.140592098236084
10342,train,3.156188488006592
10343,train,3.0956573486328125
10344,train,3.116387367248535
10345,train,3.116788864135742
10346,train,3.109025239944458
10347,train,3.132965326309204
10348,train,3.1194849014282227
10349,train,3.1115329265594482
10350,train,3.126303195953369
10351,train,3.118579387664795
10352,train,3.145449161529541
10353,train,3.124220132827759
10354,train,3.1107006072998047
10355,train,3.144167900085449
10356,train,3.137596845626831
10357,train,3.137805938720703
10358,train,3.1204824447631836
10359,train,3.114633798599243
10360,train,3.120934009552002
10361,train,3.115687847137451
10362,train,3.090009927749634
10363,train,3.141806125640869
10364,train,3.127990245819092
10365,train,3.1409430503845215
10366,train,3.1337599754333496
10367,train,3.148146629333496
10368,train,3.094449996948242
10369,train,3.1530697345733643
10370,train,3.1293487548828125
10371,train,3.1348884105682373
10372,train,3.1511569023132324
10373,train,3.1593198776245117
10374,train,3.10610294342041
10375,train,3.128509998321533
10376,train,3.1135640144348145
10377,train,3.071458101272583
10378,train,3.1074414253234863
10379,train,3.1346940994262695
10380,train,3.122300148010254
10381,train,3.1219642162323
10382,train,3.116652488708496
10383,train,3.1007142066955566
10384,train,3.1225709915161133
10385,train,3.1361846923828125
10386,train,3.111295700073242
10387,train,3.143108606338501
10388,train,3.11775541305542
10389,train,3.131467819213867
10390,train,3.124630928039551
10391,train,3.128267288208008
10392,train,3.120126724243164
10393,train,3.139474391937256
10394,train,3.151327610015869
10395,train,3.1022047996520996
10396,train,3.126750946044922
10397,train,3.1017794609069824
10398,train,3.103591203689575
10399,train,3.151475429534912
10400,train,3.1216633319854736
10400,val,3.1245734691619873
10400,hellaswag,0.2925712009559849
10401,train,3.1014766693115234
10402,train,3.132812023162842
10403,train,3.1205224990844727
10404,train,3.1469688415527344
10405,train,3.1093671321868896
10406,train,3.176400661468506
10407,train,3.1647069454193115
10408,train,3.1587095260620117
10409,train,3.127354145050049
10410,train,3.112293004989624
10411,train,3.164376735687256
10412,train,3.144538640975952
10413,train,3.1321420669555664
10414,train,3.117004156112671
10415,train,3.136280059814453
10416,train,3.1799888610839844
10417,train,3.1284914016723633
10418,train,3.1636769771575928
10419,train,3.140552043914795
10420,train,3.1646552085876465
10421,train,3.154709815979004
10422,train,3.1526331901550293
10423,train,3.172508955001831
10424,train,3.161038875579834
10425,train,3.1357343196868896
10426,train,3.1444458961486816
10427,train,3.138685464859009
10428,train,3.1265738010406494
10429,train,3.144900321960449
10430,train,3.1095058917999268
10431,train,3.135930061340332
10432,train,3.142460823059082
10433,train,3.1489133834838867
10434,train,3.1341893672943115
10435,train,3.189873218536377
10436,train,3.1651697158813477
10437,train,3.141414165496826
10438,train,3.129802942276001
10439,train,3.134373664855957
10440,train,3.1378512382507324
10441,train,3.1287245750427246
10442,train,3.147188186645508
10443,train,3.1277666091918945
10444,train,3.1266655921936035
10445,train,3.1547012329101562
10446,train,3.1414384841918945
10447,train,3.1146411895751953
10448,train,3.139359474182129
10449,train,3.116610050201416
10450,train,3.133711576461792
10451,train,3.1376590728759766
10452,train,3.1482181549072266
10453,train,3.129028797149658
10454,train,3.1327242851257324
10455,train,3.128901243209839
10456,train,3.1070656776428223
10457,train,3.1279397010803223
10458,train,3.1637845039367676
10459,train,3.132774829864502
10460,train,3.1234004497528076
10461,train,3.13480281829834
10462,train,3.1107962131500244
10463,train,3.109572172164917
10464,train,3.136610507965088
10465,train,3.1315245628356934
10466,train,3.0864627361297607
10467,train,3.1310031414031982
10468,train,3.126282215118408
10469,train,3.138267993927002
10470,train,3.133451461791992
10471,train,3.131295919418335
10472,train,3.15913724899292
10473,train,3.127855062484741
10474,train,3.151782751083374
10475,train,3.1239733695983887
10476,train,3.127560615539551
10477,train,3.130843162536621
10478,train,3.133303165435791
10479,train,3.138803005218506
10480,train,3.1715598106384277
10481,train,3.1271703243255615
10482,train,3.14548659324646
10483,train,3.129197359085083
10484,train,3.154773235321045
10485,train,3.136460781097412
10486,train,3.146510124206543
10487,train,3.1526355743408203
10488,train,3.1376302242279053
10489,train,3.150851249694824
10490,train,3.136585235595703
10491,train,3.1247150897979736
10492,train,3.1457679271698
10493,train,3.135519504547119
10494,train,3.0971884727478027
10495,train,3.126133441925049
10496,train,3.097750186920166
10497,train,3.1312222480773926
10498,train,3.148493766784668
10499,train,3.109689235687256
10500,train,3.14937162399292
10500,val,3.122018814086914
10500,hellaswag,0.2892850029874527
10501,train,3.1200428009033203
10502,train,3.1331331729888916
10503,train,3.129085063934326
10504,train,3.1301817893981934
10505,train,3.0893948078155518
10506,train,3.123018741607666
10507,train,3.144221067428589
10508,train,3.114165782928467
10509,train,3.109178304672241
10510,train,3.1445746421813965
10511,train,3.172882556915283
10512,train,3.1421756744384766
10513,train,3.093822479248047
10514,train,3.116645574569702
10515,train,3.1183228492736816
10516,train,3.1170737743377686
10517,train,3.1388766765594482
10518,train,3.13598895072937
10519,train,3.0823192596435547
10520,train,3.151277542114258
10521,train,3.1484105587005615
10522,train,3.121835708618164
10523,train,3.0990405082702637
10524,train,3.1324331760406494
10525,train,3.112504005432129
10526,train,3.139178514480591
10527,train,3.1282410621643066
10528,train,3.1175434589385986
10529,train,3.114426612854004
10530,train,3.1360955238342285
10531,train,3.1186013221740723
10532,train,3.1031007766723633
10533,train,3.1308746337890625
10534,train,3.1503520011901855
10535,train,3.1424319744110107
10536,train,3.106531858444214
10537,train,3.0887064933776855
10538,train,3.0761449337005615
10539,train,3.1424453258514404
10540,train,3.078803539276123
10541,train,3.111405849456787
10542,train,3.110790252685547
10543,train,3.101850986480713
10544,train,3.1453232765197754
10545,train,3.1123428344726562
10546,train,3.134565591812134
10547,train,3.1200249195098877
10548,train,3.1018614768981934
10549,train,3.131014108657837
10550,train,3.141390800476074
10551,train,3.1257660388946533
10552,train,3.1536076068878174
10553,train,3.1217169761657715
10554,train,3.1220455169677734
10555,train,3.121131420135498
10556,train,3.125706195831299
10557,train,3.1223716735839844
10558,train,3.1254160404205322
10559,train,3.116041421890259
10560,train,3.101799488067627
10561,train,3.1609885692596436
10562,train,3.083707332611084
10563,train,3.091355800628662
10564,train,3.142610788345337
10565,train,3.115560531616211
10566,train,3.123453378677368
10567,train,3.0852596759796143
10568,train,3.0980334281921387
10569,train,3.132324457168579
10570,train,3.105353832244873
10571,train,3.1280839443206787
10572,train,3.1568899154663086
10573,train,3.0860681533813477
10574,train,3.1078343391418457
10575,train,3.121250629425049
10576,train,3.1145100593566895
10577,train,3.1354873180389404
10578,train,3.1232399940490723
10579,train,3.1231794357299805
10580,train,3.0979702472686768
10581,train,3.121044158935547
10582,train,3.1124281883239746
10583,train,3.152158498764038
10584,train,3.112293004989624
10585,train,3.1007232666015625
10586,train,3.1206016540527344
10587,train,3.111966609954834
10588,train,3.1167140007019043
10589,train,3.106273651123047
10590,train,3.1271822452545166
10591,train,3.129707098007202
10592,train,3.120387554168701
10593,train,3.111698627471924
10594,train,3.1151022911071777
10595,train,3.1087357997894287
10596,train,3.124147415161133
10597,train,3.1398520469665527
10598,train,3.137101650238037
10599,train,3.1136562824249268
10600,train,3.100860357284546
10600,val,3.1191561222076416
10600,hellaswag,0.2896833300139414
10601,train,3.108781337738037
10602,train,3.100578784942627
10603,train,3.1514954566955566
10604,train,3.1004796028137207
10605,train,3.1652698516845703
10606,train,3.112710952758789
10607,train,3.143435001373291
10608,train,3.0963587760925293
10609,train,3.1058945655822754
10610,train,3.0960774421691895
10611,train,3.130979537963867
10612,train,3.116750717163086
10613,train,3.1128058433532715
10614,train,3.1225337982177734
10615,train,3.1158206462860107
10616,train,3.1327414512634277
10617,train,3.1234753131866455
10618,train,3.1251323223114014
10619,train,3.141183376312256
10620,train,3.1226425170898438
10621,train,3.1115469932556152
10622,train,3.1249375343322754
10623,train,3.1523349285125732
10624,train,3.150818347930908
10625,train,3.099410057067871
10626,train,3.1227593421936035
10627,train,3.1356968879699707
10628,train,3.1158711910247803
10629,train,3.112600088119507
10630,train,3.145475387573242
10631,train,3.1187894344329834
10632,train,3.1080732345581055
10633,train,3.131455898284912
10634,train,3.1175689697265625
10635,train,3.1364269256591797
10636,train,3.1174445152282715
10637,train,3.1279807090759277
10638,train,3.1207809448242188
10639,train,3.119445562362671
10640,train,3.1200339794158936
10641,train,3.089600086212158
10642,train,3.104832649230957
10643,train,3.127183437347412
10644,train,3.1065969467163086
10645,train,3.12575626373291
10646,train,3.1155128479003906
10647,train,3.139432907104492
10648,train,3.1465821266174316
10649,train,3.1180977821350098
10650,train,3.0959975719451904
10651,train,3.124711036682129
10652,train,3.1092817783355713
10653,train,3.093639612197876
10654,train,3.143948793411255
10655,train,3.151592969894409
10656,train,3.1114253997802734
10657,train,3.1286261081695557
10658,train,3.1210131645202637
10659,train,3.1040101051330566
10660,train,3.1435604095458984
10661,train,3.1186695098876953
10662,train,3.121248960494995
10663,train,3.130903959274292
10664,train,3.118234395980835
10665,train,3.111999750137329
10666,train,3.1184659004211426
10667,train,3.1332709789276123
10668,train,3.102454662322998
10669,train,3.1138105392456055
10670,train,3.0941171646118164
10671,train,3.1042654514312744
10672,train,3.112163543701172
10673,train,3.13774037361145
10674,train,3.096789836883545
10675,train,3.119338035583496
10676,train,3.103266716003418
10677,train,3.127344846725464
10678,train,3.1398377418518066
10679,train,3.091658115386963
10680,train,3.11449933052063
10681,train,3.1369218826293945
10682,train,3.145434617996216
10683,train,3.1323235034942627
10684,train,3.1295742988586426
10685,train,3.099424362182617
10686,train,3.136404037475586
10687,train,3.1044249534606934
10688,train,3.11069393157959
10689,train,3.1387500762939453
10690,train,3.133608341217041
10691,train,3.114426612854004
10692,train,3.1162147521972656
10693,train,3.0727014541625977
10694,train,3.1482486724853516
10695,train,3.132094621658325
10696,train,3.1060967445373535
10697,train,3.1319916248321533
10698,train,3.1374497413635254
10699,train,3.116118907928467
10700,train,3.0959951877593994
10700,val,3.1176517009735107
10700,hellaswag,0.2956582354112727
10701,train,3.0977020263671875
10702,train,3.0738444328308105
10703,train,3.1481475830078125
10704,train,3.1494221687316895
10705,train,3.1631085872650146
10706,train,3.142162322998047
10707,train,3.12058687210083
10708,train,3.1558656692504883
10709,train,3.0958616733551025
10710,train,3.1265645027160645
10711,train,3.1191670894622803
10712,train,3.0977225303649902
10713,train,3.116057872772217
10714,train,3.1241815090179443
10715,train,3.1585898399353027
10716,train,3.129197359085083
10717,train,3.120840549468994
10718,train,3.117771863937378
10719,train,3.0805928707122803
10720,train,3.1180224418640137
10721,train,3.1039867401123047
10722,train,3.1402690410614014
10723,train,3.1347270011901855
10724,train,3.1228768825531006
10725,train,3.1093428134918213
10726,train,3.1640243530273438
10727,train,3.1336092948913574
10728,train,3.130944013595581
10729,train,3.1261849403381348
10730,train,3.148655414581299
10731,train,3.130528211593628
10732,train,3.1227104663848877
10733,train,3.1218297481536865
10734,train,3.1057374477386475
10735,train,3.150174617767334
10736,train,3.1237144470214844
10737,train,3.0901365280151367
10738,train,3.1323013305664062
10739,train,3.123328447341919
10740,train,3.1085853576660156
10741,train,3.134505271911621
10742,train,3.139932155609131
10743,train,3.0838189125061035
10744,train,3.1284289360046387
10745,train,3.107210636138916
10746,train,3.135995388031006
10747,train,3.1141090393066406
10748,train,3.1174635887145996
10749,train,3.128350257873535
10750,train,3.102959632873535
10751,train,3.0669751167297363
10752,train,3.133169651031494
10753,train,3.13700532913208
10754,train,3.124908208847046
10755,train,3.0772266387939453
10756,train,3.1127877235412598
10757,train,3.0960092544555664
10758,train,3.099330425262451
10759,train,3.1430602073669434
10760,train,3.131166458129883
10761,train,3.1189632415771484
10762,train,3.087942600250244
10763,train,3.1010613441467285
10764,train,3.1219193935394287
10765,train,3.137836456298828
10766,train,3.1706995964050293
10767,train,3.0844147205352783
10768,train,3.12257719039917
10769,train,3.098435640335083
10770,train,3.1233837604522705
10771,train,3.111961841583252
10772,train,3.137317657470703
10773,train,3.145827054977417
10774,train,3.1421751976013184
10775,train,3.1563196182250977
10776,train,3.108881711959839
10777,train,3.0792603492736816
10778,train,3.137988567352295
10779,train,3.1084134578704834
10780,train,3.121899127960205
10781,train,3.0967631340026855
10782,train,3.105708122253418
10783,train,3.1147706508636475
10784,train,3.107297658920288
10785,train,3.1497364044189453
10786,train,3.1274876594543457
10787,train,3.1144018173217773
10788,train,3.10390567779541
10789,train,3.1598479747772217
10790,train,3.146543025970459
10791,train,3.165698766708374
10792,train,3.1562819480895996
10793,train,3.1787147521972656
10794,train,3.1263797283172607
10795,train,3.1362788677215576
10796,train,3.160917282104492
10797,train,3.1449413299560547
10798,train,3.112382411956787
10799,train,3.1136062145233154
10800,train,3.1354503631591797
10800,val,3.1155200004577637
10800,hellaswag,0.2936666002788289
10801,train,3.1524569988250732
10802,train,3.1276769638061523
10803,train,3.137221097946167
10804,train,3.185152530670166
10805,train,3.153752088546753
10806,train,3.1379804611206055
10807,train,3.1572279930114746
10808,train,3.131375789642334
10809,train,3.1377580165863037
10810,train,3.1266696453094482
10811,train,3.1943066120147705
10812,train,3.1396732330322266
10813,train,3.145725727081299
10814,train,3.1411454677581787
10815,train,3.12833833694458
10816,train,3.1190898418426514
10817,train,3.1368393898010254
10818,train,3.1524839401245117
10819,train,3.1388275623321533
10820,train,3.1426453590393066
10821,train,3.125187397003174
10822,train,3.1459264755249023
10823,train,3.126530647277832
10824,train,3.1502223014831543
10825,train,3.126199722290039
10826,train,3.110560894012451
10827,train,3.1483893394470215
10828,train,3.1471190452575684
10829,train,3.170656442642212
10830,train,3.1269710063934326
10831,train,3.1355340480804443
10832,train,3.1423239707946777
10833,train,3.1400070190429688
10834,train,3.164578676223755
10835,train,3.1590280532836914
10836,train,3.1501617431640625
10837,train,3.1708760261535645
10838,train,3.1454567909240723
10839,train,3.127760887145996
10840,train,3.132990598678589
10841,train,3.138432264328003
10842,train,3.163764476776123
10843,train,3.1409621238708496
10844,train,3.1156606674194336
10845,train,3.1535096168518066
10846,train,3.1577157974243164
10847,train,3.1342341899871826
10848,train,3.138921022415161
10849,train,3.136753559112549
10850,train,3.1468167304992676
10851,train,3.1459202766418457
10852,train,3.113083600997925
10853,train,3.100588798522949
10854,train,3.1138997077941895
10855,train,3.1579411029815674
10856,train,3.1371636390686035
10857,train,3.144211769104004
10858,train,3.1553897857666016
10859,train,3.148803949356079
10860,train,3.1409435272216797
10861,train,3.1332035064697266
10862,train,3.1379482746124268
10863,train,3.1460602283477783
10864,train,3.1443495750427246
10865,train,3.1397271156311035
10866,train,3.134936809539795
10867,train,3.139005422592163
10868,train,3.1179733276367188
10869,train,3.142855644226074
10870,train,3.102203607559204
10871,train,3.124798536300659
10872,train,3.1277945041656494
10873,train,3.155491828918457
10874,train,3.1767406463623047
10875,train,3.1112170219421387
10876,train,3.126352071762085
10877,train,3.1552023887634277
10878,train,3.156554698944092
10879,train,3.122471570968628
10880,train,3.1238749027252197
10881,train,3.1227712631225586
10882,train,3.166632652282715
10883,train,3.1024413108825684
10884,train,3.1588151454925537
10885,train,3.118865489959717
10886,train,3.1277918815612793
10887,train,3.0941648483276367
10888,train,3.152431011199951
10889,train,3.115889549255371
10890,train,3.121464252471924
10891,train,3.110100746154785
10892,train,3.091918468475342
10893,train,3.113724708557129
10894,train,3.109248638153076
10895,train,3.1333625316619873
10896,train,3.1341819763183594
10897,train,3.100489616394043
10898,train,3.1275851726531982
10899,train,3.131256341934204
10900,train,3.1088223457336426
10900,val,3.110935688018799
10900,hellaswag,0.2951603266281617
10901,train,3.130690574645996
10902,train,3.1603293418884277
10903,train,3.1378142833709717
10904,train,3.089887857437134
10905,train,3.083498001098633
10906,train,3.119102954864502
10907,train,3.094419479370117
10908,train,3.1321122646331787
10909,train,3.121695041656494
10910,train,3.1266441345214844
10911,train,3.134915828704834
10912,train,3.1442277431488037
10913,train,3.123173236846924
10914,train,3.1187386512756348
10915,train,3.1224098205566406
10916,train,3.1151809692382812
10917,train,3.117779016494751
10918,train,3.1571478843688965
10919,train,3.1108295917510986
10920,train,3.1516168117523193
10921,train,3.09228515625
10922,train,3.141489028930664
10923,train,3.138014078140259
10924,train,3.1418919563293457
10925,train,3.1056199073791504
10926,train,3.1300032138824463
10927,train,3.136950969696045
10928,train,3.144726037979126
10929,train,3.1367907524108887
10930,train,3.118021011352539
10931,train,3.1298985481262207
10932,train,3.1285014152526855
10933,train,3.142090082168579
10934,train,3.128960132598877
10935,train,3.110414743423462
10936,train,3.1009180545806885
10937,train,3.1261324882507324
10938,train,3.116671562194824
10939,train,3.121656656265259
10940,train,3.120467185974121
10941,train,3.1388416290283203
10942,train,3.164900302886963
10943,train,3.10976243019104
10944,train,3.182910203933716
10945,train,3.1111900806427
10946,train,3.140617847442627
10947,train,3.1183993816375732
10948,train,3.1081855297088623
10949,train,3.1051363945007324
10950,train,3.1278491020202637
10951,train,3.143313407897949
10952,train,3.1087822914123535
10953,train,3.100236654281616
10954,train,3.10903263092041
10955,train,3.1239476203918457
10956,train,3.13041353225708
10957,train,3.125197649002075
10958,train,3.0849127769470215
10959,train,3.121321439743042
10960,train,3.1176538467407227
10961,train,3.1516194343566895
10962,train,3.1329171657562256
10963,train,3.1142876148223877
10964,train,3.1391215324401855
10965,train,3.1093807220458984
10966,train,3.1024837493896484
10967,train,3.1113648414611816
10968,train,3.1032190322875977
10969,train,3.1266074180603027
10970,train,3.1550559997558594
10971,train,3.1289749145507812
10972,train,3.093616008758545
10973,train,3.1332342624664307
10974,train,3.1470117568969727
10975,train,3.1269495487213135
10976,train,3.1257028579711914
10977,train,3.0788345336914062
10978,train,3.109161376953125
10979,train,3.1006436347961426
10980,train,3.1215171813964844
10981,train,3.101327896118164
10982,train,3.1269726753234863
10983,train,3.1238908767700195
10984,train,3.1274092197418213
10985,train,3.1047420501708984
10986,train,3.102707862854004
10987,train,3.1800642013549805
10988,train,3.1165897846221924
10989,train,3.108560562133789
10990,train,3.108950614929199
10991,train,3.1117749214172363
10992,train,3.1254186630249023
10993,train,3.128946304321289
10994,train,3.1131653785705566
10995,train,3.0980920791625977
10996,train,3.102755308151245
10997,train,3.112065315246582
10998,train,3.0833911895751953
10999,train,3.1283016204833984
11000,train,3.1187241077423096
11000,val,3.109579563140869
11000,hellaswag,0.2938657637920733
11001,train,3.1117076873779297
11002,train,3.123229503631592
11003,train,3.160895824432373
11004,train,3.1038169860839844
11005,train,3.08449125289917
11006,train,3.089719772338867
11007,train,3.0962276458740234
11008,train,3.117704391479492
11009,train,3.0929934978485107
11010,train,3.0976691246032715
11011,train,3.0915403366088867
11012,train,3.114497184753418
11013,train,3.1074323654174805
11014,train,3.115584373474121
11015,train,3.0908942222595215
11016,train,3.1259493827819824
11017,train,3.113755702972412
11018,train,3.110933542251587
11019,train,3.1045780181884766
11020,train,3.097721576690674
11021,train,3.092095136642456
11022,train,3.1079134941101074
11023,train,3.122000217437744
11024,train,3.115785598754883
11025,train,3.1371121406555176
11026,train,3.1068496704101562
11027,train,3.0886125564575195
11028,train,3.1211624145507812
11029,train,3.120602607727051
11030,train,3.1023130416870117
11031,train,3.1250171661376953
11032,train,3.1239123344421387
11033,train,3.1427817344665527
11034,train,3.083578586578369
11035,train,3.1219873428344727
11036,train,3.094648838043213
11037,train,3.086465835571289
11038,train,3.111783504486084
11039,train,3.0995194911956787
11040,train,3.107802391052246
11041,train,3.100146770477295
11042,train,3.073418617248535
11043,train,3.1142539978027344
11044,train,3.1096789836883545
11045,train,3.097226142883301
11046,train,3.1229500770568848
11047,train,3.1086368560791016
11048,train,3.1084234714508057
11049,train,3.1166110038757324
11050,train,3.1438822746276855
11051,train,3.1145682334899902
11052,train,3.1041693687438965
11053,train,3.1013734340667725
11054,train,3.0803885459899902
11055,train,3.145461082458496
11056,train,3.1325604915618896
11057,train,3.0825066566467285
11058,train,3.081324338912964
11059,train,3.0868752002716064
11060,train,3.0950045585632324
11061,train,3.114561080932617
11062,train,3.08396053314209
11063,train,3.0820560455322266
11064,train,3.118574857711792
11065,train,3.10038423538208
11066,train,3.123922824859619
11067,train,3.0882959365844727
11068,train,3.113231658935547
11069,train,3.09920072555542
11070,train,3.1509127616882324
11071,train,3.109518527984619
11072,train,3.1617588996887207
11073,train,3.1358633041381836
11074,train,3.1173434257507324
11075,train,3.1204991340637207
11076,train,3.084871530532837
11077,train,3.09120512008667
11078,train,3.1353797912597656
11079,train,3.1280136108398438
11080,train,3.140869379043579
11081,train,3.1414380073547363
11082,train,3.14278507232666
11083,train,3.129985809326172
11084,train,3.146505117416382
11085,train,3.1244845390319824
11086,train,3.1319031715393066
11087,train,3.102292060852051
11088,train,3.101802349090576
11089,train,3.143630027770996
11090,train,3.0940146446228027
11091,train,3.1566483974456787
11092,train,3.0979764461517334
11093,train,3.112346649169922
11094,train,3.1185550689697266
11095,train,3.0727033615112305
11096,train,3.111945152282715
11097,train,3.131941795349121
11098,train,3.1260485649108887
11099,train,3.1281466484069824
11100,train,3.118678331375122
11100,val,3.1090755462646484
11100,hellaswag,0.29466241784505076
11101,train,3.13637638092041
11102,train,3.126868724822998
11103,train,3.129342555999756
11104,train,3.107668876647949
11105,train,3.1300318241119385
11106,train,3.08750581741333
11107,train,3.1199560165405273
11108,train,3.123138666152954
11109,train,3.1149094104766846
11110,train,3.1281166076660156
11111,train,3.113375663757324
11112,train,3.1453957557678223
11113,train,3.1174802780151367
11114,train,3.1248791217803955
11115,train,3.119661569595337
11116,train,3.133678913116455
11117,train,3.121523380279541
11118,train,3.1090662479400635
11119,train,3.1311211585998535
11120,train,3.099112033843994
11121,train,3.114804983139038
11122,train,3.146821975708008
11123,train,3.12424898147583
11124,train,3.132140636444092
11125,train,3.1389408111572266
11126,train,3.118987560272217
11127,train,3.1528756618499756
11128,train,3.1438803672790527
11129,train,3.104623556137085
11130,train,3.1254172325134277
11131,train,3.141049385070801
11132,train,3.1293365955352783
11133,train,3.120542049407959
11134,train,3.120786190032959
11135,train,3.120176076889038
11136,train,3.091176986694336
11137,train,3.134215831756592
11138,train,3.1301634311676025
11139,train,3.141660213470459
11140,train,3.075587511062622
11141,train,3.095304012298584
11142,train,3.1365785598754883
11143,train,3.109403610229492
11144,train,3.117445468902588
11145,train,3.1151480674743652
11146,train,3.1261584758758545
11147,train,3.134164333343506
11148,train,3.127060651779175
11149,train,3.133474349975586
11150,train,3.1408281326293945
11151,train,3.1382851600646973
11152,train,3.121528148651123
11153,train,3.143256664276123
11154,train,3.144896984100342
11155,train,3.128612518310547
11156,train,3.119922161102295
11157,train,3.110907793045044
11158,train,3.1217823028564453
11159,train,3.1277308464050293
11160,train,3.1235289573669434
11161,train,3.106600046157837
11162,train,3.093410015106201
11163,train,3.133760690689087
11164,train,3.10514760017395
11165,train,3.084474563598633
11166,train,3.144458293914795
11167,train,3.0981740951538086
11168,train,3.1708247661590576
11169,train,3.11029314994812
11170,train,3.1594436168670654
11171,train,3.1660938262939453
11172,train,3.142298698425293
11173,train,3.1351585388183594
11174,train,3.159740924835205
11175,train,3.1203527450561523
11176,train,3.1463608741760254
11177,train,3.100069284439087
11178,train,3.137321949005127
11179,train,3.1088321208953857
11180,train,3.1281049251556396
11181,train,3.14207124710083
11182,train,3.1237640380859375
11183,train,3.1294195652008057
11184,train,3.1348533630371094
11185,train,3.089799165725708
11186,train,3.139805555343628
11187,train,3.105219841003418
11188,train,3.1338415145874023
11189,train,3.1413114070892334
11190,train,3.1322035789489746
11191,train,3.151242256164551
11192,train,3.135838031768799
11193,train,3.1203293800354004
11194,train,3.1464529037475586
11195,train,3.156210422515869
11196,train,3.1172847747802734
11197,train,3.1382789611816406
11198,train,3.1154119968414307
11199,train,3.1439194679260254
11200,train,3.1314311027526855
11200,val,3.1075592041015625
11200,hellaswag,0.2940649273053177
11201,train,3.169461488723755
11202,train,3.1031904220581055
11203,train,3.127591848373413
11204,train,3.116626262664795
11205,train,3.1109611988067627
11206,train,3.132997989654541
11207,train,3.108464241027832
11208,train,3.1269545555114746
11209,train,3.115912675857544
11210,train,3.1220223903656006
11211,train,3.1341850757598877
11212,train,3.1298842430114746
11213,train,3.1273584365844727
11214,train,3.1446104049682617
11215,train,3.1143689155578613
11216,train,3.1385743618011475
11217,train,3.150151014328003
11218,train,3.1046385765075684
11219,train,3.1033172607421875
11220,train,3.143899440765381
11221,train,3.1225600242614746
11222,train,3.1448607444763184
11223,train,3.1576454639434814
11224,train,3.1270408630371094
11225,train,3.1332716941833496
11226,train,3.1567864418029785
11227,train,3.1176857948303223
11228,train,3.132579803466797
11229,train,3.1387157440185547
11230,train,3.083749294281006
11231,train,3.1063413619995117
11232,train,3.1109752655029297
11233,train,3.110041618347168
11234,train,3.1259870529174805
11235,train,3.152945041656494
11236,train,3.144505023956299
11237,train,3.121265411376953
11238,train,3.1578259468078613
11239,train,3.1385350227355957
11240,train,3.1326775550842285
11241,train,3.1373109817504883
11242,train,3.1000897884368896
11243,train,3.111727237701416
11244,train,3.1153883934020996
11245,train,3.12331223487854
11246,train,3.1402173042297363
11247,train,3.1307618618011475
11248,train,3.1644387245178223
11249,train,3.1584410667419434
11250,train,3.1281752586364746
11251,train,3.140716552734375
11252,train,3.1385090351104736
11253,train,3.1698403358459473
11254,train,3.1562938690185547
11255,train,3.0557408332824707
11256,train,3.09759521484375
11257,train,3.1378748416900635
11258,train,3.1339175701141357
11259,train,3.131270408630371
11260,train,3.1059346199035645
11261,train,3.1400842666625977
11262,train,3.123769521713257
11263,train,3.1274590492248535
11264,train,3.1346070766448975
11265,train,3.11745023727417
11266,train,3.1526248455047607
11267,train,3.0774664878845215
11268,train,3.0876991748809814
11269,train,3.1688427925109863
11270,train,3.1071791648864746
11271,train,3.1275746822357178
11272,train,3.1327500343322754
11273,train,3.16037917137146
11274,train,3.124044895172119
11275,train,3.1190922260284424
11276,train,3.127016067504883
11277,train,3.1278889179229736
11278,train,3.115540027618408
11279,train,3.096011161804199
11280,train,3.1164286136627197
11281,train,3.107248306274414
11282,train,3.116058826446533
11283,train,3.1244938373565674
11284,train,3.1159191131591797
11285,train,3.105513095855713
11286,train,3.1324806213378906
11287,train,3.104011058807373
11288,train,3.112400531768799
11289,train,3.1371567249298096
11290,train,3.1242401599884033
11291,train,3.118968963623047
11292,train,3.1004083156585693
11293,train,3.105597972869873
11294,train,3.1209802627563477
11295,train,3.117016315460205
11296,train,3.1641883850097656
11297,train,3.100654125213623
11298,train,3.105830669403076
11299,train,3.14654278755188
11300,train,3.1170129776000977
11300,val,3.104006767272949
11300,hellaswag,0.2944632543318064
11301,train,3.10723876953125
11302,train,3.1313767433166504
11303,train,3.107652187347412
11304,train,3.0962581634521484
11305,train,3.1235480308532715
11306,train,3.1310548782348633
11307,train,3.1255815029144287
11308,train,3.115501880645752
11309,train,3.1032350063323975
11310,train,3.082181930541992
11311,train,3.122951030731201
11312,train,3.080090045928955
11313,train,3.1343140602111816
11314,train,3.1397957801818848
11315,train,3.1252598762512207
11316,train,3.127495050430298
11317,train,3.124755620956421
11318,train,3.12701416015625
11319,train,3.128854274749756
11320,train,3.0904014110565186
11321,train,3.111110210418701
11322,train,3.1272811889648438
11323,train,3.122356414794922
11324,train,3.12508487701416
11325,train,3.0797297954559326
11326,train,3.093045949935913
11327,train,3.1127161979675293
11328,train,3.1428651809692383
11329,train,3.1043529510498047
11330,train,3.1423726081848145
11331,train,3.1320714950561523
11332,train,3.1163182258605957
11333,train,3.1350390911102295
11334,train,3.1080758571624756
11335,train,3.0844550132751465
11336,train,3.145887613296509
11337,train,3.1274070739746094
11338,train,3.0990309715270996
11339,train,3.1377487182617188
11340,train,3.111506462097168
11341,train,3.1197361946105957
11342,train,3.1214969158172607
11343,train,3.105286121368408
11344,train,3.1242263317108154
11345,train,3.114470958709717
11346,train,3.09554386138916
11347,train,3.157717227935791
11348,train,3.1376824378967285
11349,train,3.1689186096191406
11350,train,3.179316520690918
11351,train,3.1339666843414307
11352,train,3.1223838329315186
11353,train,3.107645034790039
11354,train,3.1034700870513916
11355,train,3.1079342365264893
11356,train,3.123823881149292
11357,train,3.1063904762268066
11358,train,3.1199135780334473
11359,train,3.141115665435791
11360,train,3.11946439743042
11361,train,3.1050615310668945
11362,train,3.093780994415283
11363,train,3.13582181930542
11364,train,3.0895676612854004
11365,train,3.118190288543701
11366,train,3.108372211456299
11367,train,3.0973281860351562
11368,train,3.101461172103882
11369,train,3.1271049976348877
11370,train,3.1106011867523193
11371,train,3.1541543006896973
11372,train,3.1477243900299072
11373,train,3.112165927886963
11374,train,3.1330008506774902
11375,train,3.118424892425537
11376,train,3.113924503326416
11377,train,3.101022481918335
11378,train,3.0907020568847656
11379,train,3.134345531463623
11380,train,3.0839569568634033
11381,train,3.1164512634277344
11382,train,3.107388973236084
11383,train,3.1224374771118164
11384,train,3.129821300506592
11385,train,3.0928845405578613
11386,train,3.117002010345459
11387,train,3.135918140411377
11388,train,3.1165575981140137
11389,train,3.0922293663024902
11390,train,3.1328210830688477
11391,train,3.086256265640259
11392,train,3.108264446258545
11393,train,3.0999860763549805
11394,train,3.1042397022247314
11395,train,3.147937297821045
11396,train,3.1238150596618652
11397,train,3.1159749031066895
11398,train,3.121541738510132
11399,train,3.1067118644714355
11400,train,3.104653835296631
11400,val,3.102829694747925
11400,hellaswag,0.29555865365465045
11401,train,3.1103515625
11402,train,3.0867109298706055
11403,train,3.0970256328582764
11404,train,3.1280035972595215
11405,train,3.124086380004883
11406,train,3.093393325805664
11407,train,3.12086820602417
11408,train,3.127664804458618
11409,train,3.1383934020996094
11410,train,3.101865768432617
11411,train,3.118809223175049
11412,train,3.0998992919921875
11413,train,3.046055793762207
11414,train,3.1041958332061768
11415,train,3.1064915657043457
11416,train,3.1137447357177734
11417,train,3.0857186317443848
11418,train,3.1073191165924072
11419,train,3.0866708755493164
11420,train,3.0973587036132812
11421,train,3.0930120944976807
11422,train,3.11041259765625
11423,train,3.11043119430542
11424,train,3.1099636554718018
11425,train,3.1056158542633057
11426,train,3.0933470726013184
11427,train,3.099262237548828
11428,train,3.1070947647094727
11429,train,3.1458399295806885
11430,train,3.119194507598877
11431,train,3.08457088470459
11432,train,3.0777812004089355
11433,train,3.1488289833068848
11434,train,3.080765962600708
11435,train,3.096571683883667
11436,train,3.1124353408813477
11437,train,3.0640392303466797
11438,train,3.1057546138763428
11439,train,3.1152243614196777
11440,train,3.11100435256958
11441,train,3.115896701812744
11442,train,3.0668840408325195
11443,train,3.0853986740112305
11444,train,3.1100032329559326
11445,train,3.0996851921081543
11446,train,3.0885581970214844
11447,train,3.1168060302734375
11448,train,3.1495182514190674
11449,train,3.120211124420166
11450,train,3.111588954925537
11451,train,3.082620143890381
11452,train,3.089216709136963
11453,train,3.0711588859558105
11454,train,3.095950126647949
11455,train,3.092555522918701
11456,train,3.1460256576538086
11457,train,3.07804799079895
11458,train,3.0683798789978027
11459,train,3.090543270111084
11460,train,3.097562789916992
11461,train,3.1074013710021973
11462,train,3.083251476287842
11463,train,3.112982749938965
11464,train,3.121436595916748
11465,train,3.1336669921875
11466,train,3.1177477836608887
11467,train,3.094557046890259
11468,train,3.082123279571533
11469,train,3.1161115169525146
11470,train,3.0837314128875732
11471,train,3.1036791801452637
11472,train,3.107722282409668
11473,train,3.1299595832824707
11474,train,3.1231484413146973
11475,train,3.0641021728515625
11476,train,3.092275619506836
11477,train,3.1120004653930664
11478,train,3.1263961791992188
11479,train,3.063032627105713
11480,train,3.109619140625
11481,train,3.1022439002990723
11482,train,3.132272243499756
11483,train,3.088193416595459
11484,train,3.1215200424194336
11485,train,3.103774070739746
11486,train,3.147129535675049
11487,train,3.116551399230957
11488,train,3.0884547233581543
11489,train,3.1039717197418213
11490,train,3.0828304290771484
11491,train,3.1337287425994873
11492,train,3.085688829421997
11493,train,3.1228013038635254
11494,train,3.0854365825653076
11495,train,3.1122968196868896
11496,train,3.0978052616119385
11497,train,3.0840673446655273
11498,train,3.1328091621398926
11499,train,3.1383280754089355
11500,train,3.0980422496795654
11500,val,3.101738691329956
11500,hellaswag,0.29814777932682734
11501,train,3.0965070724487305
11502,train,3.105644941329956
11503,train,3.1088509559631348
11504,train,3.0689167976379395
11505,train,3.1020708084106445
11506,train,3.10225510597229
11507,train,3.1104848384857178
11508,train,3.0817489624023438
11509,train,3.0974984169006348
11510,train,3.0876967906951904
11511,train,3.101034641265869
11512,train,3.098452091217041
11513,train,3.1120002269744873
11514,train,3.1394150257110596
11515,train,3.072456121444702
11516,train,3.082125663757324
11517,train,3.084980010986328
11518,train,3.1163601875305176
11519,train,3.1299514770507812
11520,train,3.1090493202209473
11521,train,3.09951114654541
11522,train,3.0888729095458984
11523,train,3.165804862976074
11524,train,3.079702138900757
11525,train,3.1175596714019775
11526,train,3.099053144454956
11527,train,3.112802028656006
11528,train,3.123314142227173
11529,train,3.1118412017822266
11530,train,3.115492820739746
11531,train,3.1086902618408203
11532,train,3.08001971244812
11533,train,3.081176519393921
11534,train,3.0955941677093506
11535,train,3.072688579559326
11536,train,3.0557801723480225
11537,train,3.088771104812622
11538,train,3.0735530853271484
11539,train,3.082151412963867
11540,train,3.0919275283813477
11541,train,3.0959343910217285
11542,train,3.1516621112823486
11543,train,3.0764143466949463
11544,train,3.091437339782715
11545,train,3.1117794513702393
11546,train,3.1111032962799072
11547,train,3.0670738220214844
11548,train,3.1134963035583496
11549,train,3.1130504608154297
11550,train,3.0934884548187256
11551,train,3.090420722961426
11552,train,3.121110677719116
11553,train,3.0794265270233154
11554,train,3.0708279609680176
11555,train,3.0963714122772217
11556,train,3.127706527709961
11557,train,3.1174941062927246
11558,train,3.1117587089538574
11559,train,3.0637385845184326
11560,train,3.115656852722168
11561,train,3.1083197593688965
11562,train,3.0630760192871094
11563,train,3.082608938217163
11564,train,3.1009511947631836
11565,train,3.091794013977051
11566,train,3.117706775665283
11567,train,3.1039934158325195
11568,train,3.0889205932617188
11569,train,3.105684995651245
11570,train,3.0969154834747314
11571,train,3.0923218727111816
11572,train,3.1013340950012207
11573,train,3.0802292823791504
11574,train,3.0889973640441895
11575,train,3.085623264312744
11576,train,3.0859298706054688
11577,train,3.10028076171875
11578,train,3.092740774154663
11579,train,3.1131961345672607
11580,train,3.1448974609375
11581,train,3.073249340057373
11582,train,3.081070899963379
11583,train,3.102043867111206
11584,train,3.093865394592285
11585,train,3.064243793487549
11586,train,3.099942445755005
11587,train,3.113250494003296
11588,train,3.1208581924438477
11589,train,3.122633218765259
11590,train,3.0995662212371826
11591,train,3.1216189861297607
11592,train,3.1021318435668945
11593,train,3.121168851852417
11594,train,3.0459818840026855
11595,train,3.0695345401763916
11596,train,3.0878567695617676
11597,train,3.0814599990844727
11598,train,3.1359970569610596
11599,train,3.1337599754333496
11600,train,3.1398422718048096
11600,val,3.100773334503174
11600,hellaswag,0.29685321649073887
11601,train,3.0842697620391846
11602,train,3.0992064476013184
11603,train,3.1107425689697266
11604,train,3.1278553009033203
11605,train,3.0935800075531006
11606,train,3.0833048820495605
11607,train,3.085813045501709
11608,train,3.0940442085266113
11609,train,3.0674550533294678
11610,train,3.0879592895507812
11611,train,3.1297800540924072
11612,train,3.095551013946533
11613,train,3.0869803428649902
11614,train,3.0829899311065674
11615,train,3.081066131591797
11616,train,3.1052896976470947
11617,train,3.1016180515289307
11618,train,3.079563617706299
11619,train,3.0961501598358154
11620,train,3.125401020050049
11621,train,3.0872812271118164
11622,train,3.1126511096954346
11623,train,3.082270860671997
11624,train,3.118682384490967
11625,train,3.1195268630981445
11626,train,3.115980625152588
11627,train,3.0833771228790283
11628,train,3.0840063095092773
11629,train,3.0844616889953613
11630,train,3.1065289974212646
11631,train,3.113853931427002
11632,train,3.079376220703125
11633,train,3.0715770721435547
11634,train,3.096090316772461
11635,train,3.0770866870880127
11636,train,3.121344804763794
11637,train,3.087494373321533
11638,train,3.1053476333618164
11639,train,3.084897041320801
11640,train,3.08191180229187
11641,train,3.1509597301483154
11642,train,3.089266300201416
11643,train,3.1125214099884033
11644,train,3.070690155029297
11645,train,3.0658531188964844
11646,train,3.1106204986572266
11647,train,3.0818324089050293
11648,train,3.120635986328125
11649,train,3.129680871963501
11650,train,3.1036882400512695
11651,train,3.0652363300323486
11652,train,3.1189608573913574
11653,train,3.088979959487915
11654,train,3.120974540710449
11655,train,3.0777480602264404
11656,train,3.101716995239258
11657,train,3.0597105026245117
11658,train,3.090296506881714
11659,train,3.1289749145507812
11660,train,3.0736851692199707
11661,train,3.064880609512329
11662,train,3.1007301807403564
11663,train,3.115105152130127
11664,train,3.127086877822876
11665,train,3.110013008117676
11666,train,3.0998687744140625
11667,train,3.1015262603759766
11668,train,3.075737476348877
11669,train,3.134655714035034
11670,train,3.1144514083862305
11671,train,3.082836627960205
11672,train,3.0873255729675293
11673,train,3.1002256870269775
11674,train,3.1020350456237793
11675,train,3.0876176357269287
11676,train,3.101837635040283
11677,train,3.0998475551605225
11678,train,3.0656094551086426
11679,train,3.075474739074707
11680,train,3.133429765701294
11681,train,3.097014904022217
11682,train,3.08689284324646
11683,train,3.1335811614990234
11684,train,3.0944995880126953
11685,train,3.088426113128662
11686,train,3.106649398803711
11687,train,3.1070187091827393
11688,train,3.0859506130218506
11689,train,3.0896763801574707
11690,train,3.088379383087158
11691,train,3.0830488204956055
11692,train,3.1031346321105957
11693,train,3.06984806060791
11694,train,3.105149030685425
11695,train,3.088198184967041
11696,train,3.108132839202881
11697,train,3.1537184715270996
11698,train,3.087019443511963
11699,train,3.0773720741271973
11700,train,3.0965068340301514
11700,val,3.098259687423706
11700,hellaswag,0.29426409081856203
11701,train,3.098186492919922
11702,train,3.0673186779022217
11703,train,3.0756289958953857
11704,train,3.0317623615264893
11705,train,3.1218104362487793
11706,train,3.0854902267456055
11707,train,3.105370283126831
11708,train,3.082552909851074
11709,train,3.085458993911743
11710,train,3.0995047092437744
11711,train,3.075005054473877
11712,train,3.0766959190368652
11713,train,3.129162311553955
11714,train,3.1025547981262207
11715,train,3.0860884189605713
11716,train,3.080503225326538
11717,train,3.0954062938690186
11718,train,3.116123914718628
11719,train,3.0957562923431396
11720,train,3.089606285095215
11721,train,3.1135337352752686
11722,train,3.118319272994995
11723,train,3.1240901947021484
11724,train,3.0651473999023438
11725,train,3.0883586406707764
11726,train,3.111450672149658
11727,train,3.1360907554626465
11728,train,3.1105542182922363
11729,train,3.0816001892089844
11730,train,3.124159336090088
11731,train,3.0939316749572754
11732,train,3.1008312702178955
11733,train,3.100487470626831
11734,train,3.0954504013061523
11735,train,3.089805841445923
11736,train,3.110377788543701
11737,train,3.0824670791625977
11738,train,3.100895643234253
11739,train,3.1062963008880615
11740,train,3.121407985687256
11741,train,3.094085693359375
11742,train,3.097005605697632
11743,train,3.145782232284546
11744,train,3.123908519744873
11745,train,3.1279470920562744
11746,train,3.1211929321289062
11747,train,3.155679225921631
11748,train,3.1453497409820557
11749,train,3.1054115295410156
11750,train,3.130197048187256
11751,train,3.1192147731781006
11752,train,3.1177117824554443
11753,train,3.0942554473876953
11754,train,3.1105494499206543
11755,train,3.118255615234375
11756,train,3.095834732055664
11757,train,3.1264405250549316
11758,train,3.1203651428222656
11759,train,3.127991199493408
11760,train,3.120130777359009
11761,train,3.125105381011963
11762,train,3.117053270339966
11763,train,3.08953857421875
11764,train,3.1462888717651367
11765,train,3.143484115600586
11766,train,3.11867356300354
11767,train,3.091383934020996
11768,train,3.0878047943115234
11769,train,3.1369717121124268
11770,train,3.1185615062713623
11771,train,3.080200672149658
11772,train,3.1110713481903076
11773,train,3.08370304107666
11774,train,3.106208324432373
11775,train,3.072554349899292
11776,train,3.140944480895996
11777,train,3.071209669113159
11778,train,3.1678261756896973
11779,train,3.1016454696655273
11780,train,3.136831521987915
11781,train,3.1240530014038086
11782,train,3.1099066734313965
11783,train,3.139965295791626
11784,train,3.0762412548065186
11785,train,3.1198887825012207
11786,train,3.1430158615112305
11787,train,3.077317714691162
11788,train,3.133481979370117
11789,train,3.1195008754730225
11790,train,3.1197681427001953
11791,train,3.1354198455810547
11792,train,3.09733247756958
11793,train,3.138896942138672
11794,train,3.10894775390625
11795,train,3.126400947570801
11796,train,3.110302686691284
11797,train,3.112705707550049
11798,train,3.108515501022339
11799,train,3.1005940437316895
11800,train,3.1019999980926514
11800,val,3.0964012145996094
11800,hellaswag,0.295857398924517
11801,train,3.1620655059814453
11802,train,3.085163116455078
11803,train,3.080451250076294
11804,train,3.1194465160369873
11805,train,3.1024606227874756
11806,train,3.1028099060058594
11807,train,3.139404296875
11808,train,3.108391284942627
11809,train,3.118793249130249
11810,train,3.075205087661743
11811,train,3.1514971256256104
11812,train,3.126582622528076
11813,train,3.1496524810791016
11814,train,3.122598171234131
11815,train,3.111111640930176
11816,train,3.0891833305358887
11817,train,3.086918354034424
11818,train,3.118168592453003
11819,train,3.1487057209014893
11820,train,3.099496364593506
11821,train,3.10668683052063
11822,train,3.1219496726989746
11823,train,3.1135268211364746
11824,train,3.1519808769226074
11825,train,3.1339111328125
11826,train,3.099959135055542
11827,train,3.1205244064331055
11828,train,3.1084465980529785
11829,train,3.132843494415283
11830,train,3.0992188453674316
11831,train,3.103105068206787
11832,train,3.1555259227752686
11833,train,3.1128945350646973
11834,train,3.1479082107543945
11835,train,3.1240382194519043
11836,train,3.1015186309814453
11837,train,3.1012139320373535
11838,train,3.1297197341918945
11839,train,3.114166736602783
11840,train,3.1153018474578857
11841,train,3.1392745971679688
11842,train,3.1372427940368652
11843,train,3.1481704711914062
11844,train,3.1421117782592773
11845,train,3.121090888977051
11846,train,3.161243438720703
11847,train,3.1023330688476562
11848,train,3.1171960830688477
11849,train,3.105503797531128
11850,train,3.109147548675537
11851,train,3.0759315490722656
11852,train,3.1218442916870117
11853,train,3.1066555976867676
11854,train,3.1372432708740234
11855,train,3.1274847984313965
11856,train,3.1423141956329346
11857,train,3.1179637908935547
11858,train,3.1120798587799072
11859,train,3.1277222633361816
11860,train,3.131074905395508
11861,train,3.1180901527404785
11862,train,3.0920450687408447
11863,train,3.136024236679077
11864,train,3.148073673248291
11865,train,3.1209378242492676
11866,train,3.1261730194091797
11867,train,3.1066348552703857
11868,train,3.1326446533203125
11869,train,3.125793933868408
11870,train,3.1461308002471924
11871,train,3.138843059539795
11872,train,3.118703842163086
11873,train,3.123836040496826
11874,train,3.109987258911133
11875,train,3.1534409523010254
11876,train,3.0984199047088623
11877,train,3.117081642150879
11878,train,3.160440683364868
11879,train,3.1173956394195557
11880,train,3.1301581859588623
11881,train,3.1230573654174805
11882,train,3.133690357208252
11883,train,3.0710971355438232
11884,train,3.1079320907592773
11885,train,3.1122303009033203
11886,train,3.1343092918395996
11887,train,3.13912296295166
11888,train,3.138711929321289
11889,train,3.1007814407348633
11890,train,3.1509203910827637
11891,train,3.134830951690674
11892,train,3.1295087337493896
11893,train,3.1020290851593018
11894,train,3.093540668487549
11895,train,3.117210626602173
11896,train,3.1568808555603027
11897,train,3.148805618286133
11898,train,3.1369307041168213
11899,train,3.1091866493225098
11900,train,3.11606502532959
11900,val,3.0952308177948
11900,hellaswag,0.2952599083847839
11901,train,3.1004388332366943
11902,train,3.120032787322998
11903,train,3.127603054046631
11904,train,3.1450793743133545
11905,train,3.0693724155426025
11906,train,3.1256508827209473
11907,train,3.106872797012329
11908,train,3.11326003074646
11909,train,3.102628707885742
11910,train,3.0997908115386963
11911,train,3.0839250087738037
11912,train,3.080942153930664
11913,train,3.1189827919006348
11914,train,3.1399738788604736
11915,train,3.1318938732147217
11916,train,3.1220974922180176
11917,train,3.139636993408203
11918,train,3.1122097969055176
11919,train,3.105964422225952
11920,train,3.1294150352478027
11921,train,3.0808162689208984
11922,train,3.098222017288208
11923,train,3.1298861503601074
11924,train,3.141592502593994
11925,train,3.082510232925415
11926,train,3.115097761154175
11927,train,3.127331018447876
11928,train,3.047112464904785
11929,train,3.086120367050171
11930,train,3.0760278701782227
11931,train,3.123000383377075
11932,train,3.0722427368164062
11933,train,3.113389730453491
11934,train,3.1376514434814453
11935,train,3.0978856086730957
11936,train,3.108977794647217
11937,train,3.112969398498535
11938,train,3.1190805435180664
11939,train,3.1311655044555664
11940,train,3.077889919281006
11941,train,3.077604055404663
11942,train,3.1391282081604004
11943,train,3.0678629875183105
11944,train,3.093719005584717
11945,train,3.121389627456665
11946,train,3.1510009765625
11947,train,3.1149206161499023
11948,train,3.1494975090026855
11949,train,3.05222225189209
11950,train,3.1008083820343018
11951,train,3.0687332153320312
11952,train,3.073625087738037
11953,train,3.117659568786621
11954,train,3.1220850944519043
11955,train,3.1120619773864746
11956,train,3.062635660171509
11957,train,3.0768795013427734
11958,train,3.149569034576416
11959,train,3.08855938911438
11960,train,3.1166422367095947
11961,train,3.1187849044799805
11962,train,3.1270556449890137
11963,train,3.079455852508545
11964,train,3.090888023376465
11965,train,3.11720609664917
11966,train,3.073629379272461
11967,train,3.0852842330932617
11968,train,3.0884084701538086
11969,train,3.100879192352295
11970,train,3.0712547302246094
11971,train,3.120718002319336
11972,train,3.084714889526367
11973,train,3.0957584381103516
11974,train,3.116436243057251
11975,train,3.1058926582336426
11976,train,3.094932794570923
11977,train,3.0973174571990967
11978,train,3.087853193283081
11979,train,3.142789125442505
11980,train,3.0759010314941406
11981,train,3.097111940383911
11982,train,3.1042637825012207
11983,train,3.0878591537475586
11984,train,3.130955934524536
11985,train,3.0807981491088867
11986,train,3.0814368724823
11987,train,3.1051883697509766
11988,train,3.118131160736084
11989,train,3.1330389976501465
11990,train,3.0968093872070312
11991,train,3.095905303955078
11992,train,3.094198226928711
11993,train,3.069810390472412
11994,train,3.140073299407959
11995,train,3.1134190559387207
11996,train,3.0934805870056152
11997,train,3.1321005821228027
11998,train,3.104264497756958
11999,train,3.1033613681793213
12000,train,3.119391679763794
12000,val,3.0932931900024414
12000,hellaswag,0.2951603266281617
12001,train,3.090660572052002
12002,train,3.07865571975708
12003,train,3.092736005783081
12004,train,3.113767623901367
12005,train,3.087601900100708
12006,train,3.099477529525757
12007,train,3.1005859375
12008,train,3.0811333656311035
12009,train,3.115861177444458
12010,train,3.095846652984619
12011,train,3.1071977615356445
12012,train,3.101821184158325
12013,train,3.0924434661865234
12014,train,3.0994462966918945
12015,train,3.091904878616333
12016,train,3.090129852294922
12017,train,3.119790554046631
12018,train,3.095599889755249
12019,train,3.100083112716675
12020,train,3.0948915481567383
12021,train,3.0743043422698975
12022,train,3.1157703399658203
12023,train,3.0498008728027344
12024,train,3.0660526752471924
12025,train,3.0733773708343506
12026,train,3.0731048583984375
12027,train,3.0691096782684326
12028,train,3.0623462200164795
12029,train,3.0993881225585938
12030,train,3.065614700317383
12031,train,3.0691137313842773
12032,train,3.094749689102173
12033,train,3.065977096557617
12034,train,3.029909133911133
12035,train,3.0926568508148193
12036,train,3.0632247924804688
12037,train,3.085963487625122
12038,train,3.0541744232177734
12039,train,3.069868564605713
12040,train,3.1299819946289062
12041,train,3.0976266860961914
12042,train,3.1031360626220703
12043,train,3.0527687072753906
12044,train,3.09731388092041
12045,train,3.0971078872680664
12046,train,3.0820236206054688
12047,train,3.06868314743042
12048,train,3.1109750270843506
12049,train,3.0813591480255127
12050,train,3.0869827270507812
12051,train,3.097111701965332
12052,train,3.0857994556427
12053,train,3.0728049278259277
12054,train,3.0623106956481934
12055,train,3.085756301879883
12056,train,3.079339027404785
12057,train,3.0861623287200928
12058,train,3.0791730880737305
12059,train,3.120492458343506
12060,train,3.1228837966918945
12061,train,3.1112632751464844
12062,train,3.076854705810547
12063,train,3.1092569828033447
12064,train,3.0625479221343994
12065,train,3.063382148742676
12066,train,3.071470022201538
12067,train,3.1203665733337402
12068,train,3.056964874267578
12069,train,3.0910022258758545
12070,train,3.0426714420318604
12071,train,3.0731210708618164
12072,train,3.0978145599365234
12073,train,3.08211088180542
12074,train,3.0698084831237793
12075,train,3.0822594165802
12076,train,3.0829970836639404
12077,train,3.0916643142700195
12078,train,3.037109375
12079,train,3.0751423835754395
12080,train,3.085002899169922
12081,train,3.108198642730713
12082,train,3.0642096996307373
12083,train,3.0823206901550293
12084,train,3.1084115505218506
12085,train,3.0947489738464355
12086,train,3.0599851608276367
12087,train,3.0544750690460205
12088,train,3.088252544403076
12089,train,3.0826480388641357
12090,train,3.0895678997039795
12091,train,3.052764654159546
12092,train,3.0833263397216797
12093,train,3.079653739929199
12094,train,3.0777220726013184
12095,train,3.0647151470184326
12096,train,3.0711371898651123
12097,train,3.060434341430664
12098,train,3.1121394634246826
12099,train,3.0685081481933594
12100,train,3.0672502517700195
12100,val,3.090165615081787
12100,hellaswag,0.2936666002788289
12101,train,3.0686655044555664
12102,train,3.0772955417633057
12103,train,3.1108250617980957
12104,train,3.065937042236328
12105,train,3.05947208404541
12106,train,3.0609660148620605
12107,train,3.083726167678833
12108,train,3.0584683418273926
12109,train,3.0874969959259033
12110,train,3.0471997261047363
12111,train,3.0838232040405273
12112,train,3.0615310668945312
12113,train,3.083470344543457
12114,train,3.0558371543884277
12115,train,3.0704345703125
12116,train,3.084355592727661
12117,train,3.098532199859619
12118,train,3.1024084091186523
12119,train,3.0751729011535645
12120,train,3.079145908355713
12121,train,3.0855319499969482
12122,train,3.098954916000366
12123,train,3.104236602783203
12124,train,3.0945730209350586
12125,train,3.0961170196533203
12126,train,3.0579659938812256
12127,train,3.0961122512817383
12128,train,3.067850112915039
12129,train,3.074418544769287
12130,train,3.094313144683838
12131,train,3.0968778133392334
12132,train,3.1122047901153564
12133,train,3.0803589820861816
12134,train,3.0965652465820312
12135,train,3.0768685340881348
12136,train,3.123262882232666
12137,train,3.0875306129455566
12138,train,3.115124225616455
12139,train,3.0507678985595703
12140,train,3.0916261672973633
12141,train,3.089766502380371
12142,train,3.1036336421966553
12143,train,3.0774006843566895
12144,train,3.0474295616149902
12145,train,3.093144416809082
12146,train,3.0645852088928223
12147,train,3.065859317779541
12148,train,3.1034436225891113
12149,train,3.089799165725708
12150,train,3.0798540115356445
12151,train,3.089723587036133
12152,train,3.0574188232421875
12153,train,3.054388999938965
12154,train,3.0597362518310547
12155,train,3.101726770401001
12156,train,3.09669828414917
12157,train,3.104473114013672
12158,train,3.1008872985839844
12159,train,3.0861623287200928
12160,train,3.064532518386841
12161,train,3.090489387512207
12162,train,3.0581583976745605
12163,train,3.0788204669952393
12164,train,3.0549545288085938
12165,train,3.082522392272949
12166,train,3.0979502201080322
12167,train,3.105135917663574
12168,train,3.0722970962524414
12169,train,3.0842819213867188
12170,train,3.0869998931884766
12171,train,3.098473072052002
12172,train,3.084918975830078
12173,train,3.0947647094726562
12174,train,3.0826897621154785
12175,train,3.0635757446289062
12176,train,3.0918169021606445
12177,train,3.0806996822357178
12178,train,3.10400128364563
12179,train,3.103304624557495
12180,train,3.0911803245544434
12181,train,3.1025242805480957
12182,train,3.054076671600342
12183,train,3.0904417037963867
12184,train,3.0895004272460938
12185,train,3.0658411979675293
12186,train,3.0867133140563965
12187,train,3.072747230529785
12188,train,3.1315696239471436
12189,train,3.0732572078704834
12190,train,3.087360382080078
12191,train,3.076651096343994
12192,train,3.0841896533966064
12193,train,3.0685229301452637
12194,train,3.092728614807129
12195,train,3.0683846473693848
12196,train,3.084573984146118
12197,train,3.0587635040283203
12198,train,3.0747175216674805
12199,train,3.090749740600586
12200,train,3.0790014266967773
12200,val,3.0896804332733154
12200,hellaswag,0.297450707030472
12201,train,3.09749698638916
12202,train,3.1177635192871094
12203,train,3.0565578937530518
12204,train,3.0761189460754395
12205,train,3.084357500076294
12206,train,3.090773820877075
12207,train,3.0682313442230225
12208,train,3.0609681606292725
12209,train,3.096628189086914
12210,train,3.1174869537353516
12211,train,3.1060028076171875
12212,train,3.0915603637695312
12213,train,3.112536907196045
12214,train,3.079230308532715
12215,train,3.0964062213897705
12216,train,3.0697669982910156
12217,train,3.1035280227661133
12218,train,3.091289758682251
12219,train,3.1231069564819336
12220,train,3.0923573970794678
12221,train,3.0959930419921875
12222,train,3.1087210178375244
12223,train,3.08286452293396
12224,train,3.10443115234375
12225,train,3.059403419494629
12226,train,3.0882740020751953
12227,train,3.065955400466919
12228,train,3.1027965545654297
12229,train,3.1157617568969727
12230,train,3.0651350021362305
12231,train,3.094493865966797
12232,train,3.098618745803833
12233,train,3.0738368034362793
12234,train,3.1055362224578857
12235,train,3.1211040019989014
12236,train,3.0689480304718018
12237,train,3.0651895999908447
12238,train,3.105543851852417
12239,train,3.063629627227783
12240,train,3.0903029441833496
12241,train,3.0931007862091064
12242,train,3.0870280265808105
12243,train,3.0988640785217285
12244,train,3.1053335666656494
12245,train,3.080265522003174
12246,train,3.086639881134033
12247,train,3.0793957710266113
12248,train,3.0913095474243164
12249,train,3.1115310192108154
12250,train,3.122765064239502
12251,train,3.0872268676757812
12252,train,3.096534252166748
12253,train,3.074018955230713
12254,train,3.107414484024048
12255,train,3.053462028503418
12256,train,3.0708117485046387
12257,train,3.0778136253356934
12258,train,3.078171730041504
12259,train,3.0770297050476074
12260,train,3.0912704467773438
12261,train,3.0900723934173584
12262,train,3.0927894115448
12263,train,3.081613540649414
12264,train,3.0884652137756348
12265,train,3.074396848678589
12266,train,3.0826306343078613
12267,train,3.108370065689087
12268,train,3.0936646461486816
12269,train,3.096364736557007
12270,train,3.105095624923706
12271,train,3.07946515083313
12272,train,3.1208877563476562
12273,train,3.0944154262542725
12274,train,3.0402908325195312
12275,train,3.0869383811950684
12276,train,3.094857692718506
12277,train,3.074047088623047
12278,train,3.09686017036438
12279,train,3.1441802978515625
12280,train,3.1138131618499756
12281,train,3.0610785484313965
12282,train,3.108107805252075
12283,train,3.0502002239227295
12284,train,3.0342586040496826
12285,train,3.086230516433716
12286,train,3.0690112113952637
12287,train,3.0995357036590576
12288,train,3.047330856323242
12289,train,3.103318214416504
12290,train,3.1023905277252197
12291,train,3.0832901000976562
12292,train,3.127103567123413
12293,train,3.0958800315856934
12294,train,3.103355884552002
12295,train,3.0752744674682617
12296,train,3.077439785003662
12297,train,3.0876352787017822
12298,train,3.12247371673584
12299,train,3.062483310699463
12300,train,3.078990936279297
12300,val,3.0878968238830566
12300,hellaswag,0.2967536347341167
12301,train,3.0886456966400146
12302,train,3.03408145904541
12303,train,3.0670206546783447
12304,train,3.0787763595581055
12305,train,3.112642526626587
12306,train,3.104619026184082
12307,train,3.122562885284424
12308,train,3.0840377807617188
12309,train,3.088261127471924
12310,train,3.0852999687194824
12311,train,3.1061625480651855
12312,train,3.0802900791168213
12313,train,3.1591110229492188
12314,train,3.1245129108428955
12315,train,3.096977710723877
12316,train,3.1700329780578613
12317,train,3.0890800952911377
12318,train,3.097029209136963
12319,train,3.145611524581909
12320,train,3.1066370010375977
12321,train,3.120410442352295
12322,train,3.1109378337860107
12323,train,3.104255437850952
12324,train,3.1542844772338867
12325,train,3.112165927886963
12326,train,3.1309854984283447
12327,train,3.137834072113037
12328,train,3.1417155265808105
12329,train,3.050431251525879
12330,train,3.1083922386169434
12331,train,3.109588861465454
12332,train,3.133209228515625
12333,train,3.115544080734253
12334,train,3.087611198425293
12335,train,3.1023120880126953
12336,train,3.119297981262207
12337,train,3.139922618865967
12338,train,3.109010696411133
12339,train,3.113983631134033
12340,train,3.085043430328369
12341,train,3.101025342941284
12342,train,3.118349075317383
12343,train,3.0871634483337402
12344,train,3.1222877502441406
12345,train,3.0827229022979736
12346,train,3.061601161956787
12347,train,3.10990309715271
12348,train,3.092984199523926
12349,train,3.10048508644104
12350,train,3.0963916778564453
12351,train,3.1109578609466553
12352,train,3.1199145317077637
12353,train,3.086945056915283
12354,train,3.0869460105895996
12355,train,3.072822093963623
12356,train,3.0743675231933594
12357,train,3.1059634685516357
12358,train,3.136078357696533
12359,train,3.1287057399749756
12360,train,3.1140332221984863
12361,train,3.1035099029541016
12362,train,3.120551824569702
12363,train,3.1260037422180176
12364,train,3.071617841720581
12365,train,3.1096692085266113
12366,train,3.0960216522216797
12367,train,3.094534158706665
12368,train,3.1039342880249023
12369,train,3.1207871437072754
12370,train,3.1330184936523438
12371,train,3.103299379348755
12372,train,3.1183040142059326
12373,train,3.071253776550293
12374,train,3.075662136077881
12375,train,3.11698055267334
12376,train,3.1219773292541504
12377,train,3.0983705520629883
12378,train,3.0902113914489746
12379,train,3.099724769592285
12380,train,3.0959577560424805
12381,train,3.0994577407836914
12382,train,3.116281509399414
12383,train,3.0871381759643555
12384,train,3.113713264465332
12385,train,3.10994291305542
12386,train,3.07995343208313
12387,train,3.0945403575897217
12388,train,3.090193271636963
12389,train,3.132976531982422
12390,train,3.110271453857422
12391,train,3.0841026306152344
12392,train,3.110913038253784
12393,train,3.0872111320495605
12394,train,3.094996452331543
12395,train,3.0941483974456787
12396,train,3.1072793006896973
12397,train,3.142601490020752
12398,train,3.1245625019073486
12399,train,3.1243937015533447
12400,train,3.121375560760498
12400,val,3.0865395069122314
12400,hellaswag,0.3015335590519817
12401,train,3.122501850128174
12402,train,3.1029410362243652
12403,train,3.067601203918457
12404,train,3.1294212341308594
12405,train,3.1179192066192627
12406,train,3.047496795654297
12407,train,3.0763440132141113
12408,train,3.1170287132263184
12409,train,3.130479335784912
12410,train,3.106329917907715
12411,train,3.0679759979248047
12412,train,3.1164135932922363
12413,train,3.106358528137207
12414,train,3.067214012145996
12415,train,3.096440315246582
12416,train,3.1297593116760254
12417,train,3.087876558303833
12418,train,3.1140851974487305
12419,train,3.1230287551879883
12420,train,3.118842601776123
12421,train,3.089925765991211
12422,train,3.087925910949707
12423,train,3.0878725051879883
12424,train,3.0965688228607178
12425,train,3.0881857872009277
12426,train,3.0660343170166016
12427,train,3.0796914100646973
12428,train,3.093022584915161
12429,train,3.1038765907287598
12430,train,3.095207929611206
12431,train,3.1035938262939453
12432,train,3.090813636779785
12433,train,3.1048583984375
12434,train,3.0880889892578125
12435,train,3.087299346923828
12436,train,3.0760958194732666
12437,train,3.0918264389038086
12438,train,3.069796562194824
12439,train,3.1305360794067383
12440,train,3.105008602142334
12441,train,3.1111512184143066
12442,train,3.0893568992614746
12443,train,3.111767292022705
12444,train,3.0828235149383545
12445,train,3.069941997528076
12446,train,3.105438232421875
12447,train,3.096492290496826
12448,train,3.0641562938690186
12449,train,3.0775959491729736
12450,train,3.0977582931518555
12451,train,3.0504119396209717
12452,train,3.0999109745025635
12453,train,3.117870807647705
12454,train,3.083517074584961
12455,train,3.0782527923583984
12456,train,3.121626377105713
12457,train,3.077787399291992
12458,train,3.1206650733947754
12459,train,3.1168441772460938
12460,train,3.108686685562134
12461,train,3.107667922973633
12462,train,3.1065049171447754
12463,train,3.0894594192504883
12464,train,3.113041877746582
12465,train,3.095289468765259
12466,train,3.1022374629974365
12467,train,3.0975019931793213
12468,train,3.0901553630828857
12469,train,3.0891904830932617
12470,train,3.1149415969848633
12471,train,3.1303300857543945
12472,train,3.092289924621582
12473,train,3.0940756797790527
12474,train,3.1056265830993652
12475,train,3.0936214923858643
12476,train,3.09674334526062
12477,train,3.0826263427734375
12478,train,3.1072518825531006
12479,train,3.1083216667175293
12480,train,3.1189064979553223
12481,train,3.1126530170440674
12482,train,3.111143112182617
12483,train,3.0875916481018066
12484,train,3.104005813598633
12485,train,3.109668254852295
12486,train,3.119079113006592
12487,train,3.0616023540496826
12488,train,3.1114187240600586
12489,train,3.0923447608947754
12490,train,3.106041431427002
12491,train,3.08597993850708
12492,train,3.0918421745300293
12493,train,3.103386878967285
12494,train,3.0831522941589355
12495,train,3.0866334438323975
12496,train,3.0860836505889893
12497,train,3.1341302394866943
12498,train,3.127422571182251
12499,train,3.0787513256073
12500,train,3.1579055786132812
12500,val,3.0840816497802734
12500,hellaswag,0.2975502887870942
12501,train,3.0891265869140625
12502,train,3.1035828590393066
12503,train,3.119202136993408
12504,train,3.0832788944244385
12505,train,3.098743200302124
12506,train,3.143704414367676
12507,train,3.1268582344055176
12508,train,3.1266257762908936
12509,train,3.0989975929260254
12510,train,3.0837132930755615
12511,train,3.1223812103271484
12512,train,3.0982494354248047
12513,train,3.112858533859253
12514,train,3.1288797855377197
12515,train,3.083502769470215
12516,train,3.102823495864868
12517,train,3.072659730911255
12518,train,3.0782554149627686
12519,train,3.10506010055542
12520,train,3.1169142723083496
12521,train,3.0986437797546387
12522,train,3.094510793685913
12523,train,3.077366352081299
12524,train,3.1036581993103027
12525,train,3.1246910095214844
12526,train,3.1428208351135254
12527,train,3.135728359222412
12528,train,3.115628242492676
12529,train,3.088163375854492
12530,train,3.150653839111328
12531,train,3.131408452987671
12532,train,3.106998920440674
12533,train,3.117818832397461
12534,train,3.100132703781128
12535,train,3.1042654514312744
12536,train,3.1070685386657715
12537,train,3.092283248901367
12538,train,3.105419635772705
12539,train,3.123495578765869
12540,train,3.0723464488983154
12541,train,3.1096572875976562
12542,train,3.1131019592285156
12543,train,3.0999112129211426
12544,train,3.109396457672119
12545,train,3.119102716445923
12546,train,3.1026289463043213
12547,train,3.1022324562072754
12548,train,3.108184337615967
12549,train,3.0858287811279297
12550,train,3.1322498321533203
12551,train,3.162386178970337
12552,train,3.089813709259033
12553,train,3.1191182136535645
12554,train,3.0842843055725098
12555,train,3.1296563148498535
12556,train,3.0797677040100098
12557,train,3.114171266555786
12558,train,3.1307435035705566
12559,train,3.0759284496307373
12560,train,3.1208231449127197
12561,train,3.0944151878356934
12562,train,3.105286121368408
12563,train,3.0876407623291016
12564,train,3.104912281036377
12565,train,3.099400043487549
12566,train,3.0883660316467285
12567,train,3.0941762924194336
12568,train,3.1045265197753906
12569,train,3.113003730773926
12570,train,3.103522300720215
12571,train,3.091735601425171
12572,train,3.111560821533203
12573,train,3.129504680633545
12574,train,3.1269147396087646
12575,train,3.1150496006011963
12576,train,3.098724365234375
12577,train,3.109745979309082
12578,train,3.091907024383545
12579,train,3.1081743240356445
12580,train,3.1169509887695312
12581,train,3.132538318634033
12582,train,3.1227192878723145
12583,train,3.0878827571868896
12584,train,3.0793635845184326
12585,train,3.1514716148376465
12586,train,3.0748016834259033
12587,train,3.1106934547424316
12588,train,3.058443069458008
12589,train,3.0749173164367676
12590,train,3.108956813812256
12591,train,3.078141927719116
12592,train,3.1341490745544434
12593,train,3.141359329223633
12594,train,3.1119861602783203
12595,train,3.059109926223755
12596,train,3.096971035003662
12597,train,3.111487627029419
12598,train,3.1171188354492188
12599,train,3.128690004348755
12600,train,3.1357581615448
12600,val,3.082949161529541
12600,hellaswag,0.29685321649073887
12601,train,3.087653398513794
12602,train,3.1051459312438965
12603,train,3.094893455505371
12604,train,3.0967140197753906
12605,train,3.113250255584717
12606,train,3.119784355163574
12607,train,3.1350605487823486
12608,train,3.1335978507995605
12609,train,3.079233169555664
12610,train,3.1387600898742676
12611,train,3.0923361778259277
12612,train,3.089111328125
12613,train,3.107720375061035
12614,train,3.101287364959717
12615,train,3.096433639526367
12616,train,3.1305971145629883
12617,train,3.1046018600463867
12618,train,3.1326441764831543
12619,train,3.108856678009033
12620,train,3.1147165298461914
12621,train,3.0982375144958496
12622,train,3.1358377933502197
12623,train,3.1132941246032715
12624,train,3.0969948768615723
12625,train,3.114431858062744
12626,train,3.0847809314727783
12627,train,3.1287147998809814
12628,train,3.111050605773926
12629,train,3.1011247634887695
12630,train,3.0575826168060303
12631,train,3.1305367946624756
12632,train,3.110844612121582
12633,train,3.1184818744659424
12634,train,3.13330340385437
12635,train,3.1193900108337402
12636,train,3.1069295406341553
12637,train,3.1114227771759033
12638,train,3.11887264251709
12639,train,3.1378393173217773
12640,train,3.112003803253174
12641,train,3.1156790256500244
12642,train,3.1005892753601074
12643,train,3.0947961807250977
12644,train,3.109835624694824
12645,train,3.1184778213500977
12646,train,3.1256103515625
12647,train,3.108916997909546
12648,train,3.1064350605010986
12649,train,3.133479595184326
12650,train,3.092912435531616
12651,train,3.1046030521392822
12652,train,3.0848546028137207
12653,train,3.0954954624176025
12654,train,3.1289734840393066
12655,train,3.12280535697937
12656,train,3.090348243713379
12657,train,3.110616683959961
12658,train,3.1408638954162598
12659,train,3.1480932235717773
12660,train,3.0839736461639404
12661,train,3.0893335342407227
12662,train,3.0916061401367188
12663,train,3.114227771759033
12664,train,3.1436350345611572
12665,train,3.14901065826416
12666,train,3.1178884506225586
12667,train,3.0980710983276367
12668,train,3.103799819946289
12669,train,3.104032516479492
12670,train,3.135896682739258
12671,train,3.1078457832336426
12672,train,3.0787429809570312
12673,train,3.111233711242676
12674,train,3.106330394744873
12675,train,3.0943603515625
12676,train,3.1051340103149414
12677,train,3.104379653930664
12678,train,3.1356678009033203
12679,train,3.1352803707122803
12680,train,3.0812082290649414
12681,train,3.0528316497802734
12682,train,3.1223320960998535
12683,train,3.112229347229004
12684,train,3.119438648223877
12685,train,3.142125368118286
12686,train,3.092303991317749
12687,train,3.131826877593994
12688,train,3.090317964553833
12689,train,3.1082046031951904
12690,train,3.1241984367370605
12691,train,3.1091103553771973
12692,train,3.086596965789795
12693,train,3.0593137741088867
12694,train,3.087508201599121
12695,train,3.0963025093078613
12696,train,3.0755746364593506
12697,train,3.0653293132781982
12698,train,3.0775129795074463
12699,train,3.064666509628296
12700,train,3.0876612663269043
12700,val,3.081739902496338
12700,hellaswag,0.2943636725751842
12701,train,3.0603713989257812
12702,train,3.0775604248046875
12703,train,3.0848934650421143
12704,train,3.116992473602295
12705,train,3.0652170181274414
12706,train,3.072004556655884
12707,train,3.111786365509033
12708,train,3.0999886989593506
12709,train,3.0866875648498535
12710,train,3.08689022064209
12711,train,3.0802409648895264
12712,train,3.0767908096313477
12713,train,3.1160764694213867
12714,train,3.0856685638427734
12715,train,3.0586957931518555
12716,train,3.0816597938537598
12717,train,3.0833351612091064
12718,train,3.083888053894043
12719,train,3.104689836502075
12720,train,3.0572028160095215
12721,train,3.113760471343994
12722,train,3.081474542617798
12723,train,3.10416316986084
12724,train,3.1089885234832764
12725,train,3.0961525440216064
12726,train,3.0443625450134277
12727,train,3.0895590782165527
12728,train,3.0655665397644043
12729,train,3.0999338626861572
12730,train,3.068723201751709
12731,train,3.0914664268493652
12732,train,3.0769238471984863
12733,train,3.0770063400268555
12734,train,3.0975637435913086
12735,train,3.125884532928467
12736,train,3.0823135375976562
12737,train,3.0792665481567383
12738,train,3.0412185192108154
12739,train,3.060936450958252
12740,train,3.0638062953948975
12741,train,3.096142292022705
12742,train,3.121781826019287
12743,train,3.0961742401123047
12744,train,3.0887269973754883
12745,train,3.084533214569092
12746,train,3.097947835922241
12747,train,3.0588574409484863
12748,train,3.0963053703308105
12749,train,3.0536177158355713
12750,train,3.096996784210205
12751,train,3.070913791656494
12752,train,3.1012423038482666
12753,train,3.0271921157836914
12754,train,3.098297595977783
12755,train,3.0797572135925293
12756,train,3.059314489364624
12757,train,3.1007018089294434
12758,train,3.092653512954712
12759,train,3.0937843322753906
12760,train,3.089456081390381
12761,train,3.0911951065063477
12762,train,3.0634946823120117
12763,train,3.081521987915039
12764,train,3.097489833831787
12765,train,3.094268321990967
12766,train,3.109633445739746
12767,train,3.1074771881103516
12768,train,3.068236827850342
12769,train,3.1063709259033203
12770,train,3.0694732666015625
12771,train,3.093778371810913
12772,train,3.0795953273773193
12773,train,3.0853431224823
12774,train,3.0760998725891113
12775,train,3.057662010192871
12776,train,3.102267265319824
12777,train,3.055865526199341
12778,train,3.048463821411133
12779,train,3.0592241287231445
12780,train,3.072439670562744
12781,train,3.1352312564849854
12782,train,3.1092419624328613
12783,train,3.1176395416259766
12784,train,3.0969510078430176
12785,train,3.0721547603607178
12786,train,3.087646722793579
12787,train,3.078615188598633
12788,train,3.0784287452697754
12789,train,3.113213539123535
12790,train,3.0821990966796875
12791,train,3.086733818054199
12792,train,3.0834779739379883
12793,train,3.092306613922119
12794,train,3.0590286254882812
12795,train,3.082944869995117
12796,train,3.0845065116882324
12797,train,3.0884554386138916
12798,train,3.0811843872070312
12799,train,3.0892739295959473
12800,train,3.083750009536743
12800,val,3.078352928161621
12800,hellaswag,0.29486158135829516
12801,train,3.0729098320007324
12802,train,3.1114656925201416
12803,train,3.077353000640869
12804,train,3.02986216545105
12805,train,3.124617099761963
12806,train,3.084347724914551
12807,train,3.1175131797790527
12808,train,3.106785774230957
12809,train,3.0887374877929688
12810,train,3.114495277404785
12811,train,3.060253143310547
12812,train,3.0748989582061768
12813,train,3.092151165008545
12814,train,3.0663185119628906
12815,train,3.0838632583618164
12816,train,3.1105546951293945
12817,train,3.0739431381225586
12818,train,3.0866775512695312
12819,train,3.072948694229126
12820,train,3.087345600128174
12821,train,3.1024856567382812
12822,train,3.0541625022888184
12823,train,3.078981399536133
12824,train,3.0968539714813232
12825,train,3.0923073291778564
12826,train,3.076425313949585
12827,train,3.0829763412475586
12828,train,3.071906566619873
12829,train,3.102635145187378
12830,train,3.071577548980713
12831,train,3.107163906097412
12832,train,3.0950756072998047
12833,train,3.0752744674682617
12834,train,3.085855484008789
12835,train,3.0435667037963867
12836,train,3.0749568939208984
12837,train,3.11316180229187
12838,train,3.068262815475464
12839,train,3.0555617809295654
12840,train,3.091636896133423
12841,train,3.074831008911133
12842,train,3.089617967605591
12843,train,3.096284866333008
12844,train,3.0928874015808105
12845,train,3.069145679473877
12846,train,3.0894970893859863
12847,train,3.077191114425659
12848,train,3.0969419479370117
12849,train,3.0808401107788086
12850,train,3.078141212463379
12851,train,3.092911720275879
12852,train,3.0716655254364014
12853,train,3.107576608657837
12854,train,3.0875654220581055
12855,train,3.045574903488159
12856,train,3.091071605682373
12857,train,3.0507404804229736
12858,train,3.109182596206665
12859,train,3.0825796127319336
12860,train,3.089346408843994
12861,train,3.0543508529663086
12862,train,3.109417676925659
12863,train,3.1041507720947266
12864,train,3.114006519317627
12865,train,3.0722320079803467
12866,train,3.085214614868164
12867,train,3.0754714012145996
12868,train,3.0859830379486084
12869,train,3.1017656326293945
12870,train,3.0764970779418945
12871,train,3.0912914276123047
12872,train,3.1036181449890137
12873,train,3.074871778488159
12874,train,3.0996809005737305
12875,train,3.0965094566345215
12876,train,3.0715527534484863
12877,train,3.1007113456726074
12878,train,3.0662946701049805
12879,train,3.0713367462158203
12880,train,3.065054178237915
12881,train,3.0686588287353516
12882,train,3.073992967605591
12883,train,3.1292595863342285
12884,train,3.113874912261963
12885,train,3.118967056274414
12886,train,3.12951397895813
12887,train,3.1009607315063477
12888,train,3.0912399291992188
12889,train,3.091409683227539
12890,train,3.0662384033203125
12891,train,3.1040220260620117
12892,train,3.0887866020202637
12893,train,3.0999279022216797
12894,train,3.113074779510498
12895,train,3.1265180110931396
12896,train,3.099005699157715
12897,train,3.100172996520996
12898,train,3.1233267784118652
12899,train,3.0638036727905273
12900,train,3.1081271171569824
12900,val,3.077658176422119
12900,hellaswag,0.29575781716789484
12901,train,3.1284399032592773
12902,train,3.152099132537842
12903,train,3.0918517112731934
12904,train,3.070908546447754
12905,train,3.071479320526123
12906,train,3.105041980743408
12907,train,3.0955018997192383
12908,train,3.0869686603546143
12909,train,3.0814905166625977
12910,train,3.095724105834961
12911,train,3.082659959793091
12912,train,3.0939574241638184
12913,train,3.098200798034668
12914,train,3.086703300476074
12915,train,3.0710558891296387
12916,train,3.098196029663086
12917,train,3.1165428161621094
12918,train,3.067427158355713
12919,train,3.10479998588562
12920,train,3.1085567474365234
12921,train,3.136876344680786
12922,train,3.121337890625
12923,train,3.072599411010742
12924,train,3.0500006675720215
12925,train,3.088221788406372
12926,train,3.07737398147583
12927,train,3.1344785690307617
12928,train,3.1014060974121094
12929,train,3.082468032836914
12930,train,3.0554676055908203
12931,train,3.134469747543335
12932,train,3.0530123710632324
12933,train,3.118584632873535
12934,train,3.096989154815674
12935,train,3.074402332305908
12936,train,3.149001121520996
12937,train,3.098914623260498
12938,train,3.1055777072906494
12939,train,3.1066768169403076
12940,train,3.097155809402466
12941,train,3.0751588344573975
12942,train,3.10687255859375
12943,train,3.0895004272460938
12944,train,3.061427354812622
12945,train,3.107016086578369
12946,train,3.0881290435791016
12947,train,3.089175224304199
12948,train,3.103073835372925
12949,train,3.1136248111724854
12950,train,3.1292223930358887
12951,train,3.101088762283325
12952,train,3.0923337936401367
12953,train,3.0815935134887695
12954,train,3.095658779144287
12955,train,3.0992796421051025
12956,train,3.079899549484253
12957,train,3.066920280456543
12958,train,3.0677688121795654
12959,train,3.0525405406951904
12960,train,3.119277000427246
12961,train,3.13710355758667
12962,train,3.05696964263916
12963,train,3.1207613945007324
12964,train,3.0909857749938965
12965,train,3.10844349861145
12966,train,3.1178178787231445
12967,train,3.114503860473633
12968,train,3.1109697818756104
12969,train,3.079364776611328
12970,train,3.1322460174560547
12971,train,3.0851612091064453
12972,train,3.0710525512695312
12973,train,3.0450615882873535
12974,train,3.1316442489624023
12975,train,3.05729603767395
12976,train,3.0563864707946777
12977,train,3.0587782859802246
12978,train,3.0589869022369385
12979,train,3.080190658569336
12980,train,3.1267943382263184
12981,train,3.0868759155273438
12982,train,3.074268341064453
12983,train,3.066380262374878
12984,train,3.0856375694274902
12985,train,3.0984411239624023
12986,train,3.0881528854370117
12987,train,3.116398334503174
12988,train,3.0904197692871094
12989,train,3.1068668365478516
12990,train,3.0857136249542236
12991,train,3.0746519565582275
12992,train,3.0971128940582275
12993,train,3.0843794345855713
12994,train,3.09692120552063
12995,train,3.0443286895751953
12996,train,3.0706350803375244
12997,train,3.0744988918304443
12998,train,3.083798408508301
12999,train,3.092271566390991
13000,train,3.083073854446411
13000,val,3.0762012004852295
13000,hellaswag,0.29864568810993825
13001,train,3.0715253353118896
13002,train,3.0755367279052734
13003,train,3.074730634689331
13004,train,3.089691162109375
13005,train,3.091306209564209
13006,train,3.0573763847351074
13007,train,3.102604627609253
13008,train,3.0922579765319824
13009,train,3.0736260414123535
13010,train,3.0887269973754883
13011,train,3.073960065841675
13012,train,3.0682268142700195
13013,train,3.083859443664551
13014,train,3.077991485595703
13015,train,3.1028518676757812
13016,train,3.0663809776306152
13017,train,3.0806052684783936
13018,train,3.0634608268737793
13019,train,3.113003730773926
13020,train,3.0565292835235596
13021,train,3.0558977127075195
13022,train,3.09780216217041
13023,train,3.0746381282806396
13024,train,3.070842981338501
13025,train,3.052494764328003
13026,train,3.115241765975952
13027,train,3.0878405570983887
13028,train,3.0951344966888428
13029,train,3.0856997966766357
13030,train,3.08604097366333
13031,train,3.087380886077881
13032,train,3.092160701751709
13033,train,3.0724565982818604
13034,train,3.0747275352478027
13035,train,3.086472988128662
13036,train,3.095407009124756
13037,train,3.0773143768310547
13038,train,3.092712879180908
13039,train,3.006527900695801
13040,train,3.060987710952759
13041,train,3.0843262672424316
13042,train,3.074676513671875
13043,train,3.1307461261749268
13044,train,3.0861973762512207
13045,train,3.0901551246643066
13046,train,3.0798916816711426
13047,train,3.065479278564453
13048,train,3.048269271850586
13049,train,3.07916522026062
13050,train,3.0988926887512207
13051,train,3.082752227783203
13052,train,3.075631618499756
13053,train,3.076941728591919
13054,train,3.0806751251220703
13055,train,3.037585735321045
13056,train,3.076741933822632
13057,train,3.063274383544922
13058,train,3.0842928886413574
13059,train,3.051205635070801
13060,train,3.0565741062164307
13061,train,3.047323703765869
13062,train,3.0778121948242188
13063,train,3.043036460876465
13064,train,3.0777535438537598
13065,train,3.0572314262390137
13066,train,3.0883092880249023
13067,train,3.0875403881073
13068,train,3.032496929168701
13069,train,3.0659537315368652
13070,train,3.085196018218994
13071,train,3.097531795501709
13072,train,3.0696804523468018
13073,train,3.0907750129699707
13074,train,3.098503589630127
13075,train,3.090601682662964
13076,train,3.103559970855713
13077,train,3.084625244140625
13078,train,3.1215779781341553
13079,train,3.1025567054748535
13080,train,3.0932064056396484
13081,train,3.122215509414673
13082,train,3.11602783203125
13083,train,3.0580997467041016
13084,train,3.0820670127868652
13085,train,3.117116928100586
13086,train,3.127302646636963
13087,train,3.0676324367523193
13088,train,3.0947413444519043
13089,train,3.080672264099121
13090,train,3.081325054168701
13091,train,3.0950260162353516
13092,train,3.0719852447509766
13093,train,3.08736515045166
13094,train,3.0834197998046875
13095,train,3.1379377841949463
13096,train,3.082224130630493
13097,train,3.1001856327056885
13098,train,3.1185243129730225
13099,train,3.076162815093994
13100,train,3.084479808807373
13100,val,3.073798179626465
13100,hellaswag,0.2983469428400717
13101,train,3.095975399017334
13102,train,3.1341161727905273
13103,train,3.067535400390625
13104,train,3.070497989654541
13105,train,3.1005074977874756
13106,train,3.112366199493408
13107,train,3.1118626594543457
13108,train,3.109333038330078
13109,train,3.0756847858428955
13110,train,3.1039798259735107
13111,train,3.0639631748199463
13112,train,3.0879178047180176
13113,train,3.064835548400879
13114,train,3.0846965312957764
13115,train,3.112287998199463
13116,train,3.085958957672119
13117,train,3.087235689163208
13118,train,3.093963146209717
13119,train,3.1196210384368896
13120,train,3.059755802154541
13121,train,3.121523380279541
13122,train,3.0660948753356934
13123,train,3.060657501220703
13124,train,3.0626397132873535
13125,train,3.071514368057251
13126,train,3.12315034866333
13127,train,3.1086854934692383
13128,train,3.0720407962799072
13129,train,3.038184642791748
13130,train,3.091257095336914
13131,train,3.1022300720214844
13132,train,3.0971293449401855
13133,train,3.12327241897583
13134,train,3.101926803588867
13135,train,3.103898763656616
13136,train,3.0756077766418457
13137,train,3.0778465270996094
13138,train,3.08071231842041
13139,train,3.086577892303467
13140,train,3.087341785430908
13141,train,3.0725626945495605
13142,train,3.1012606620788574
13143,train,3.073805809020996
13144,train,3.081486701965332
13145,train,3.059907913208008
13146,train,3.0721588134765625
13147,train,3.0561695098876953
13148,train,3.1173112392425537
13149,train,3.085132598876953
13150,train,3.10251784324646
13151,train,3.089763641357422
13152,train,3.1117827892303467
13153,train,3.0864171981811523
13154,train,3.0774922370910645
13155,train,3.074688196182251
13156,train,3.109095335006714
13157,train,3.070178985595703
13158,train,3.076699733734131
13159,train,3.113743782043457
13160,train,3.074657917022705
13161,train,3.101149559020996
13162,train,3.0536375045776367
13163,train,3.0854220390319824
13164,train,3.0695302486419678
13165,train,3.0968756675720215
13166,train,3.12654972076416
13167,train,3.0941810607910156
13168,train,3.0554299354553223
13169,train,3.108570098876953
13170,train,3.093883514404297
13171,train,3.087782859802246
13172,train,3.127227783203125
13173,train,3.092444658279419
13174,train,3.086730480194092
13175,train,3.098344564437866
13176,train,3.060133457183838
13177,train,3.095661163330078
13178,train,3.1186118125915527
13179,train,3.098759651184082
13180,train,3.090714454650879
13181,train,3.121054172515869
13182,train,3.0542500019073486
13183,train,3.079477548599243
13184,train,3.0629348754882812
13185,train,3.094059705734253
13186,train,3.0585012435913086
13187,train,3.1091394424438477
13188,train,3.078709840774536
13189,train,3.0946435928344727
13190,train,3.098325490951538
13191,train,3.061850070953369
13192,train,3.108558177947998
13193,train,3.1096465587615967
13194,train,3.1080408096313477
13195,train,3.0761616230010986
13196,train,3.0766592025756836
13197,train,3.123429298400879
13198,train,3.0881338119506836
13199,train,3.053316831588745
13200,train,3.109437942504883
13200,val,3.072565793991089
13200,hellaswag,0.2969527982473611
13201,train,3.0695128440856934
13202,train,3.089874744415283
13203,train,3.1155338287353516
13204,train,3.079806327819824
13205,train,3.0912322998046875
13206,train,3.0656068325042725
13207,train,3.1162514686584473
13208,train,3.1102681159973145
13209,train,3.0628890991210938
13210,train,3.1002120971679688
13211,train,3.115255355834961
13212,train,3.087955951690674
13213,train,3.09128475189209
13214,train,3.062704563140869
13215,train,3.1046555042266846
13216,train,3.0965521335601807
13217,train,3.0833261013031006
13218,train,3.070099353790283
13219,train,3.106428384780884
13220,train,3.116079330444336
13221,train,3.1114723682403564
13222,train,3.0850257873535156
13223,train,3.0726394653320312
13224,train,3.0887722969055176
13225,train,3.0863044261932373
13226,train,3.080049514770508
13227,train,3.1153526306152344
13228,train,3.0790321826934814
13229,train,3.0812129974365234
13230,train,3.0507123470306396
13231,train,3.114499807357788
13232,train,3.1031532287597656
13233,train,3.109752893447876
13234,train,3.0881848335266113
13235,train,3.058572292327881
13236,train,3.0994558334350586
13237,train,3.083331823348999
13238,train,3.085068464279175
13239,train,3.084824800491333
13240,train,3.100217342376709
13241,train,3.1227307319641113
13242,train,3.110696315765381
13243,train,3.0485029220581055
13244,train,3.079472064971924
13245,train,3.085456371307373
13246,train,3.0945026874542236
13247,train,3.0691592693328857
13248,train,3.0941903591156006
13249,train,3.1098146438598633
13250,train,3.1121504306793213
13251,train,3.1057705879211426
13252,train,3.096792697906494
13253,train,3.0969033241271973
13254,train,3.0874860286712646
13255,train,3.1040844917297363
13256,train,3.133309841156006
13257,train,3.095646381378174
13258,train,3.074144124984741
13259,train,3.122591018676758
13260,train,3.060028553009033
13261,train,3.1075382232666016
13262,train,3.0859973430633545
13263,train,3.071428060531616
13264,train,3.114835023880005
13265,train,3.099842071533203
13266,train,3.0829238891601562
13267,train,3.0953478813171387
13268,train,3.06724214553833
13269,train,3.103623390197754
13270,train,3.1049084663391113
13271,train,3.0667691230773926
13272,train,3.068018674850464
13273,train,3.106523275375366
13274,train,3.1027402877807617
13275,train,3.0812013149261475
13276,train,3.062980890274048
13277,train,3.1132044792175293
13278,train,3.0697250366210938
13279,train,3.083857536315918
13280,train,3.072913646697998
13281,train,3.0728936195373535
13282,train,3.084510326385498
13283,train,3.056541681289673
13284,train,3.1079916954040527
13285,train,3.0745303630828857
13286,train,3.0940353870391846
13287,train,3.0817813873291016
13288,train,3.1070873737335205
13289,train,3.0376007556915283
13290,train,3.054232120513916
13291,train,3.1038155555725098
13292,train,3.1132972240448
13293,train,3.0814990997314453
13294,train,3.0585134029388428
13295,train,3.0678632259368896
13296,train,3.1053266525268555
13297,train,3.075399398803711
13298,train,3.1082916259765625
13299,train,3.086228847503662
13300,train,3.086858034133911
13300,val,3.070199966430664
13300,hellaswag,0.29954192391953793
13301,train,3.099968910217285
13302,train,3.1172256469726562
13303,train,3.1069817543029785
13304,train,3.097233295440674
13305,train,3.0786657333374023
13306,train,3.0732951164245605
13307,train,3.088273763656616
13308,train,3.058396577835083
13309,train,3.0768632888793945
13310,train,3.1294515132904053
13311,train,3.0654125213623047
13312,train,3.0922460556030273
13313,train,3.087709426879883
13314,train,3.1004765033721924
13315,train,3.0931143760681152
13316,train,3.0803585052490234
13317,train,3.076612710952759
13318,train,3.07429838180542
13319,train,3.120413303375244
13320,train,3.0997276306152344
13321,train,3.0980215072631836
13322,train,3.1211955547332764
13323,train,3.085841655731201
13324,train,3.079847812652588
13325,train,3.126389980316162
13326,train,3.0764400959014893
13327,train,3.070439338684082
13328,train,3.0933125019073486
13329,train,3.1001968383789062
13330,train,3.0965735912323
13331,train,3.0738158226013184
13332,train,3.0658493041992188
13333,train,3.0452165603637695
13334,train,3.109659194946289
13335,train,3.0608978271484375
13336,train,3.093883514404297
13337,train,3.0870072841644287
13338,train,3.0493526458740234
13339,train,3.104140281677246
13340,train,3.0743560791015625
13341,train,3.113696336746216
13342,train,3.089028835296631
13343,train,3.078545570373535
13344,train,3.100053310394287
13345,train,3.0908913612365723
13346,train,3.0794496536254883
13347,train,3.0834314823150635
13348,train,3.0405361652374268
13349,train,3.0591208934783936
13350,train,3.0737223625183105
13351,train,3.1028542518615723
13352,train,3.1140623092651367
13353,train,3.102429151535034
13354,train,3.0960075855255127
13355,train,3.101500988006592
13356,train,3.0762500762939453
13357,train,3.096724033355713
13358,train,3.066727876663208
13359,train,3.0972061157226562
13360,train,3.046938896179199
13361,train,3.0852084159851074
13362,train,3.110818862915039
13363,train,3.1052603721618652
13364,train,3.090486764907837
13365,train,3.0775461196899414
13366,train,3.1136176586151123
13367,train,3.0736172199249268
13368,train,3.1150014400482178
13369,train,3.044516086578369
13370,train,3.10552978515625
13371,train,3.0659852027893066
13372,train,3.0828189849853516
13373,train,3.081869125366211
13374,train,3.072472095489502
13375,train,3.0780017375946045
13376,train,3.0926694869995117
13377,train,3.072465658187866
13378,train,3.070310115814209
13379,train,3.088207244873047
13380,train,3.070164680480957
13381,train,3.062641143798828
13382,train,3.0914480686187744
13383,train,3.0812454223632812
13384,train,3.0533692836761475
13385,train,3.108614683151245
13386,train,3.0575785636901855
13387,train,3.065717935562134
13388,train,3.062422275543213
13389,train,3.054241418838501
13390,train,3.0882179737091064
13391,train,3.0786948204040527
13392,train,3.0727133750915527
13393,train,3.083531141281128
13394,train,3.0968017578125
13395,train,3.0831780433654785
13396,train,3.0661606788635254
13397,train,3.090481996536255
13398,train,3.087010622024536
13399,train,3.0865135192871094
13400,train,3.065412998199463
13400,val,3.068410873413086
13400,hellaswag,0.30013941445927106
13401,train,3.092705726623535
13402,train,3.0909388065338135
13403,train,3.0501866340637207
13404,train,3.0654749870300293
13405,train,3.07169771194458
13406,train,3.070019245147705
13407,train,3.1021649837493896
13408,train,3.0583786964416504
13409,train,3.0756373405456543
13410,train,3.0956549644470215
13411,train,3.06912899017334
13412,train,3.0671167373657227
13413,train,3.0660274028778076
13414,train,3.094763994216919
13415,train,3.088508367538452
13416,train,3.0748443603515625
13417,train,3.0831267833709717
13418,train,3.076702833175659
13419,train,3.039590358734131
13420,train,3.056668758392334
13421,train,3.069155693054199
13422,train,3.0746545791625977
13423,train,3.0896151065826416
13424,train,3.046203851699829
13425,train,3.0950050354003906
13426,train,3.078946113586426
13427,train,3.062072515487671
13428,train,3.073729991912842
13429,train,3.1188580989837646
13430,train,3.0844743251800537
13431,train,3.032526969909668
13432,train,3.0867724418640137
13433,train,3.079848289489746
13434,train,3.0791070461273193
13435,train,3.0664258003234863
13436,train,3.0588748455047607
13437,train,3.071711301803589
13438,train,3.097475528717041
13439,train,3.0454442501068115
13440,train,3.081838846206665
13441,train,3.080630302429199
13442,train,3.0667061805725098
13443,train,3.0955047607421875
13444,train,3.066350221633911
13445,train,3.1058406829833984
13446,train,3.0701136589050293
13447,train,3.048388957977295
13448,train,3.106264591217041
13449,train,3.0664212703704834
13450,train,3.090970516204834
13451,train,3.0898518562316895
13452,train,3.0799431800842285
13453,train,3.0940685272216797
13454,train,3.0716657638549805
13455,train,3.0722291469573975
13456,train,3.0476207733154297
13457,train,3.0611579418182373
13458,train,3.0295097827911377
13459,train,3.0606517791748047
13460,train,3.076622486114502
13461,train,3.0852017402648926
13462,train,3.0724124908447266
13463,train,3.0587143898010254
13464,train,3.0655086040496826
13465,train,3.049400806427002
13466,train,3.0770602226257324
13467,train,3.049384117126465
13468,train,3.056502103805542
13469,train,3.0816659927368164
13470,train,3.013998031616211
13471,train,3.0693182945251465
13472,train,3.051088333129883
13473,train,3.057663679122925
13474,train,3.0627307891845703
13475,train,3.103642702102661
13476,train,3.096648693084717
13477,train,3.084299087524414
13478,train,3.0619900226593018
13479,train,3.0785458087921143
13480,train,3.050276279449463
13481,train,3.069550037384033
13482,train,3.0886118412017822
13483,train,3.0281834602355957
13484,train,3.0750932693481445
13485,train,3.0738346576690674
13486,train,3.08404541015625
13487,train,3.0706326961517334
13488,train,3.065925359725952
13489,train,3.0730786323547363
13490,train,3.0690884590148926
13491,train,3.0406150817871094
13492,train,3.033790111541748
13493,train,3.044267177581787
13494,train,3.0648531913757324
13495,train,3.057971477508545
13496,train,3.044705867767334
13497,train,3.040961980819702
13498,train,3.0563161373138428
13499,train,3.035041332244873
13500,train,3.0614967346191406
13500,val,3.0664477348327637
13500,hellaswag,0.2989444333798048
13501,train,3.0823659896850586
13502,train,3.068108320236206
13503,train,3.075234889984131
13504,train,3.0373971462249756
13505,train,3.0746045112609863
13506,train,3.0580193996429443
13507,train,3.0237298011779785
13508,train,3.070155620574951
13509,train,3.073517322540283
13510,train,3.058647871017456
13511,train,3.0525906085968018
13512,train,3.035539150238037
13513,train,3.0906450748443604
13514,train,3.024886131286621
13515,train,3.049055576324463
13516,train,3.084827423095703
13517,train,3.0755867958068848
13518,train,3.055420398712158
13519,train,3.1041626930236816
13520,train,3.0912389755249023
13521,train,3.055324077606201
13522,train,3.038651466369629
13523,train,3.0443477630615234
13524,train,3.1089835166931152
13525,train,3.039210319519043
13526,train,3.0712249279022217
13527,train,3.0698699951171875
13528,train,3.055833339691162
13529,train,3.0863943099975586
13530,train,3.092331886291504
13531,train,3.0968685150146484
13532,train,3.0520262718200684
13533,train,3.080744743347168
13534,train,3.0515999794006348
13535,train,3.0773563385009766
13536,train,3.056431293487549
13537,train,3.0811171531677246
13538,train,3.108159303665161
13539,train,3.0840816497802734
13540,train,3.0476574897766113
13541,train,3.0466885566711426
13542,train,3.061857223510742
13543,train,3.07395076751709
13544,train,3.0769689083099365
13545,train,3.0742177963256836
13546,train,3.0636749267578125
13547,train,3.0653061866760254
13548,train,3.0562915802001953
13549,train,3.0863211154937744
13550,train,3.076873779296875
13551,train,3.104522228240967
13552,train,3.0567455291748047
13553,train,3.0720643997192383
13554,train,3.050699234008789
13555,train,3.0950655937194824
13556,train,3.078367233276367
13557,train,3.0955824851989746
13558,train,3.0471296310424805
13559,train,3.0671606063842773
13560,train,3.0834453105926514
13561,train,3.08125376701355
13562,train,3.045872688293457
13563,train,3.068143367767334
13564,train,3.0665183067321777
13565,train,3.0825839042663574
13566,train,3.059566020965576
13567,train,3.0897250175476074
13568,train,3.096554756164551
13569,train,3.108299970626831
13570,train,3.055302381515503
13571,train,3.0712642669677734
13572,train,3.082491636276245
13573,train,3.0945239067077637
13574,train,3.078477144241333
13575,train,3.067417621612549
13576,train,3.0543007850646973
13577,train,3.0980801582336426
13578,train,3.0426559448242188
13579,train,3.073061943054199
13580,train,3.073681116104126
13581,train,3.084949016571045
13582,train,3.0884017944335938
13583,train,3.075335741043091
13584,train,3.1014633178710938
13585,train,3.1002063751220703
13586,train,3.0706844329833984
13587,train,3.100351333618164
13588,train,3.0859642028808594
13589,train,3.088911533355713
13590,train,3.0492618083953857
13591,train,3.0776617527008057
13592,train,3.071974992752075
13593,train,3.068803310394287
13594,train,3.1113791465759277
13595,train,3.084855079650879
13596,train,3.1000571250915527
13597,train,3.1117472648620605
13598,train,3.0575366020202637
13599,train,3.1060147285461426
13600,train,3.0665812492370605
13600,val,3.0666418075561523
13600,hellaswag,0.2984465245966939
13601,train,3.1096549034118652
13602,train,3.077540636062622
13603,train,3.083343982696533
13604,train,3.0871152877807617
13605,train,3.0656752586364746
13606,train,3.086182117462158
13607,train,3.116323232650757
13608,train,3.0958595275878906
13609,train,3.110949993133545
13610,train,3.0690109729766846
13611,train,3.0746660232543945
13612,train,3.0420479774475098
13613,train,3.0672218799591064
13614,train,3.056468963623047
13615,train,3.04423189163208
13616,train,3.047123670578003
13617,train,3.062987804412842
13618,train,3.0728416442871094
13619,train,3.1024765968322754
13620,train,3.080108165740967
13621,train,3.0571351051330566
13622,train,3.0737907886505127
13623,train,3.105543613433838
13624,train,3.0809478759765625
13625,train,3.0631332397460938
13626,train,3.0620057582855225
13627,train,3.062448501586914
13628,train,3.0761361122131348
13629,train,3.1058125495910645
13630,train,3.0747478008270264
13631,train,3.057675838470459
13632,train,3.0592546463012695
13633,train,3.0810461044311523
13634,train,3.091731548309326
13635,train,3.048497438430786
13636,train,3.061786651611328
13637,train,3.0696098804473877
13638,train,3.053699016571045
13639,train,3.063976526260376
13640,train,3.070113182067871
13641,train,3.0759353637695312
13642,train,3.045112133026123
13643,train,3.0531837940216064
13644,train,3.060593843460083
13645,train,3.0988316535949707
13646,train,3.0966808795928955
13647,train,3.0738511085510254
13648,train,3.101097822189331
13649,train,3.0713772773742676
13650,train,3.069093942642212
13651,train,3.080735206604004
13652,train,3.047140598297119
13653,train,3.0854735374450684
13654,train,3.085482597351074
13655,train,3.091365098953247
13656,train,3.0622341632843018
13657,train,3.109344482421875
13658,train,3.046609401702881
13659,train,3.0625672340393066
13660,train,3.0881948471069336
13661,train,3.094679832458496
13662,train,3.11973237991333
13663,train,3.0823283195495605
13664,train,3.097226619720459
13665,train,3.091770648956299
13666,train,3.0534210205078125
13667,train,3.0723276138305664
13668,train,3.0639657974243164
13669,train,3.091275930404663
13670,train,3.1199309825897217
13671,train,3.0893678665161133
13672,train,3.0569558143615723
13673,train,3.085395336151123
13674,train,3.065047264099121
13675,train,3.0948610305786133
13676,train,3.0856266021728516
13677,train,3.1253623962402344
13678,train,3.0753934383392334
13679,train,3.110854387283325
13680,train,3.104175567626953
13681,train,3.0833795070648193
13682,train,3.0680766105651855
13683,train,3.0602240562438965
13684,train,3.081486463546753
13685,train,3.0745487213134766
13686,train,3.1005938053131104
13687,train,3.102828025817871
13688,train,3.101271390914917
13689,train,3.1035661697387695
13690,train,3.0964362621307373
13691,train,3.0656485557556152
13692,train,3.110867738723755
13693,train,3.080583333969116
13694,train,3.0893468856811523
13695,train,3.1139798164367676
13696,train,3.0860235691070557
13697,train,3.0598580837249756
13698,train,3.0503127574920654
13699,train,3.0637521743774414
13700,train,3.0596652030944824
13700,val,3.0646274089813232
13700,hellaswag,0.29884485162318264
13701,train,3.0716397762298584
13702,train,3.110212564468384
13703,train,3.0933423042297363
13704,train,3.1008832454681396
13705,train,3.0612106323242188
13706,train,3.0467166900634766
13707,train,3.074977397918701
13708,train,3.068840265274048
13709,train,3.0704338550567627
13710,train,3.065307140350342
13711,train,3.104806900024414
13712,train,3.105482339859009
13713,train,3.0765223503112793
13714,train,3.082760810852051
13715,train,3.047667980194092
13716,train,3.08327579498291
13717,train,3.0944695472717285
13718,train,3.0607128143310547
13719,train,3.043964147567749
13720,train,3.073180675506592
13721,train,3.0554392337799072
13722,train,3.1132571697235107
13723,train,3.0829312801361084
13724,train,3.102395534515381
13725,train,3.056191921234131
13726,train,3.0512404441833496
13727,train,3.0612120628356934
13728,train,3.063654899597168
13729,train,3.089390516281128
13730,train,3.1040825843811035
13731,train,3.10125732421875
13732,train,3.0965054035186768
13733,train,3.073638439178467
13734,train,3.0949900150299072
13735,train,3.071507215499878
13736,train,3.103010416030884
13737,train,3.097971200942993
13738,train,3.083207607269287
13739,train,3.074005126953125
13740,train,3.0734946727752686
13741,train,3.1054728031158447
13742,train,3.095386505126953
13743,train,3.0550003051757812
13744,train,3.0783166885375977
13745,train,3.0676958560943604
13746,train,3.101095199584961
13747,train,3.0779967308044434
13748,train,3.0861635208129883
13749,train,3.091383457183838
13750,train,3.078150510787964
13751,train,3.102571487426758
13752,train,3.0732905864715576
13753,train,3.0536534786224365
13754,train,3.100703239440918
13755,train,3.0392351150512695
13756,train,3.0948455333709717
13757,train,3.088657855987549
13758,train,3.0855164527893066
13759,train,3.0584146976470947
13760,train,3.0972933769226074
13761,train,3.076934337615967
13762,train,3.031568765640259
13763,train,3.0905749797821045
13764,train,3.0967764854431152
13765,train,3.0737009048461914
13766,train,3.083611249923706
13767,train,3.07187819480896
13768,train,3.0889229774475098
13769,train,3.0869853496551514
13770,train,3.063673734664917
13771,train,3.0748891830444336
13772,train,3.077241897583008
13773,train,3.0672810077667236
13774,train,3.0727591514587402
13775,train,3.0321390628814697
13776,train,3.067229747772217
13777,train,3.070559024810791
13778,train,3.0716848373413086
13779,train,3.0674333572387695
13780,train,3.1057114601135254
13781,train,3.0808749198913574
13782,train,3.087963581085205
13783,train,3.084545135498047
13784,train,3.0585055351257324
13785,train,3.069713592529297
13786,train,3.0914041996002197
13787,train,3.056271553039551
13788,train,3.063237190246582
13789,train,3.0638175010681152
13790,train,3.113337516784668
13791,train,3.0888447761535645
13792,train,3.0955076217651367
13793,train,3.0970020294189453
13794,train,3.0783793926239014
13795,train,3.097411870956421
13796,train,3.09414005279541
13797,train,3.086346387863159
13798,train,3.0766193866729736
13799,train,3.1039412021636963
13800,train,3.0364186763763428
13800,val,3.06462025642395
13800,hellaswag,0.3015335590519817
13801,train,3.0802650451660156
13802,train,3.05336332321167
13803,train,3.083012104034424
13804,train,3.052708625793457
13805,train,3.064734935760498
13806,train,3.0866012573242188
13807,train,3.086665630340576
13808,train,3.10679292678833
13809,train,3.0238049030303955
13810,train,3.090343952178955
13811,train,3.078707218170166
13812,train,3.072936534881592
13813,train,3.094141721725464
13814,train,3.062152147293091
13815,train,3.0997025966644287
13816,train,3.081643581390381
13817,train,3.0722625255584717
13818,train,3.071545362472534
13819,train,3.091451644897461
13820,train,3.0510549545288086
13821,train,3.076430320739746
13822,train,3.05418062210083
13823,train,3.0375518798828125
13824,train,3.0885305404663086
13825,train,3.075737714767456
13826,train,3.0589237213134766
13827,train,3.0619935989379883
13828,train,3.062012195587158
13829,train,3.071078300476074
13830,train,3.0318527221679688
13831,train,3.0404887199401855
13832,train,3.0654616355895996
13833,train,3.089738130569458
13834,train,3.0822644233703613
13835,train,3.080746650695801
13836,train,3.06339168548584
13837,train,3.0588700771331787
13838,train,3.042562246322632
13839,train,3.0793535709381104
13840,train,3.093432903289795
13841,train,3.06619930267334
13842,train,3.0993642807006836
13843,train,3.0614609718322754
13844,train,3.06998348236084
13845,train,3.0673985481262207
13846,train,3.0814294815063477
13847,train,3.096881628036499
13848,train,3.0464744567871094
13849,train,3.074354648590088
13850,train,3.0359926223754883
13851,train,3.0757153034210205
13852,train,3.0474765300750732
13853,train,3.050163745880127
13854,train,3.078237295150757
13855,train,3.058804512023926
13856,train,3.0682499408721924
13857,train,3.0374464988708496
13858,train,3.0822649002075195
13859,train,3.0680925846099854
13860,train,3.043745994567871
13861,train,3.0490198135375977
13862,train,3.043855667114258
13863,train,3.049311876296997
13864,train,3.079864501953125
13865,train,3.102571487426758
13866,train,3.0435373783111572
13867,train,3.074493885040283
13868,train,3.0815961360931396
13869,train,3.091721773147583
13870,train,3.0737380981445312
13871,train,3.0554351806640625
13872,train,3.0385172367095947
13873,train,3.0376689434051514
13874,train,3.0496201515197754
13875,train,3.073676586151123
13876,train,3.0681118965148926
13877,train,3.058444023132324
13878,train,3.048632860183716
13879,train,3.0672075748443604
13880,train,3.0233664512634277
13881,train,3.0950982570648193
13882,train,3.076925277709961
13883,train,3.0532524585723877
13884,train,3.0688040256500244
13885,train,3.0833523273468018
13886,train,3.0565242767333984
13887,train,3.05037784576416
13888,train,3.091090679168701
13889,train,3.0414633750915527
13890,train,3.065406322479248
13891,train,3.038912057876587
13892,train,3.0684127807617188
13893,train,3.1085410118103027
13894,train,3.076723098754883
13895,train,3.072139263153076
13896,train,3.07034969329834
13897,train,3.077486991882324
13898,train,3.0610499382019043
13899,train,3.0934832096099854
13900,train,3.0610861778259277
13900,val,3.061974048614502
13900,hellaswag,0.2978490340569608
13901,train,3.054222583770752
13902,train,3.039029598236084
13903,train,3.0492684841156006
13904,train,3.066495656967163
13905,train,3.0619304180145264
13906,train,3.0684146881103516
13907,train,3.08771014213562
13908,train,3.0934791564941406
13909,train,3.0784006118774414
13910,train,3.034597635269165
13911,train,3.049895763397217
13912,train,3.0832936763763428
13913,train,3.059149742126465
13914,train,3.074552059173584
13915,train,3.080747127532959
13916,train,3.0347819328308105
13917,train,3.0623526573181152
13918,train,3.052069664001465
13919,train,3.0369482040405273
13920,train,3.073692798614502
13921,train,3.070376396179199
13922,train,3.0639655590057373
13923,train,3.057992935180664
13924,train,3.0619192123413086
13925,train,3.0740997791290283
13926,train,3.044114112854004
13927,train,3.071833848953247
13928,train,3.0774450302124023
13929,train,3.053527355194092
13930,train,3.073659896850586
13931,train,3.0781497955322266
13932,train,3.0900967121124268
13933,train,3.1048636436462402
13934,train,3.113332748413086
13935,train,3.09390926361084
13936,train,3.0809528827667236
13937,train,3.044325113296509
13938,train,3.0325968265533447
13939,train,3.0562875270843506
13940,train,3.052495002746582
13941,train,3.0503878593444824
13942,train,3.048336982727051
13943,train,3.0267765522003174
13944,train,3.036858558654785
13945,train,3.053101062774658
13946,train,3.0797042846679688
13947,train,3.0292601585388184
13948,train,3.053478717803955
13949,train,3.0216941833496094
13950,train,3.100533962249756
13951,train,3.0747053623199463
13952,train,3.0467073917388916
13953,train,3.0450239181518555
13954,train,3.06954026222229
13955,train,3.0528130531311035
13956,train,3.0600404739379883
13957,train,3.0728368759155273
13958,train,3.053577423095703
13959,train,3.0439555644989014
13960,train,3.0513720512390137
13961,train,3.0466768741607666
13962,train,3.0522584915161133
13963,train,3.029693365097046
13964,train,3.0341057777404785
13965,train,3.024047613143921
13966,train,3.059300184249878
13967,train,3.0878801345825195
13968,train,3.066027879714966
13969,train,3.0235862731933594
13970,train,3.0607213973999023
13971,train,3.032182216644287
13972,train,3.057788848876953
13973,train,3.049459457397461
13974,train,3.0491671562194824
13975,train,3.0644779205322266
13976,train,3.0628480911254883
13977,train,3.0653867721557617
13978,train,3.0475716590881348
13979,train,3.0605340003967285
13980,train,3.064415693283081
13981,train,3.0413153171539307
13982,train,3.0740528106689453
13983,train,3.0361106395721436
13984,train,3.0434436798095703
13985,train,3.07650089263916
13986,train,3.0800957679748535
13987,train,3.036283016204834
13988,train,3.0402348041534424
13989,train,3.051619052886963
13990,train,3.0752029418945312
13991,train,3.081380605697632
13992,train,3.063208818435669
13993,train,3.069303512573242
13994,train,3.047738790512085
13995,train,3.0405073165893555
13996,train,3.0588908195495605
13997,train,3.0538501739501953
13998,train,3.0506677627563477
13999,train,3.068243980407715
14000,train,3.0682358741760254
14000,val,3.0608770847320557
14000,hellaswag,0.3016331408086039
14001,train,3.0372495651245117
14002,train,3.076564073562622
14003,train,3.053497552871704
14004,train,3.0673604011535645
14005,train,3.078026056289673
14006,train,3.065861701965332
14007,train,3.033980131149292
14008,train,3.039069890975952
14009,train,3.0356013774871826
14010,train,3.0392982959747314
14011,train,3.065011501312256
14012,train,3.0171279907226562
14013,train,3.08073091506958
14014,train,3.059791326522827
14015,train,3.057579278945923
14016,train,3.0903491973876953
14017,train,3.0396671295166016
14018,train,3.0725784301757812
14019,train,3.0475902557373047
14020,train,3.0689494609832764
14021,train,3.0553393363952637
14022,train,3.0609281063079834
14023,train,3.0926363468170166
14024,train,3.017397880554199
14025,train,3.059054374694824
14026,train,3.0216636657714844
14027,train,3.1087491512298584
14028,train,3.0907254219055176
14029,train,3.048893451690674
14030,train,3.0689456462860107
14031,train,3.0935397148132324
14032,train,3.062282085418701
14033,train,3.0570878982543945
14034,train,3.0405631065368652
14035,train,3.054745674133301
14036,train,3.0847036838531494
14037,train,3.048332929611206
14038,train,3.0969812870025635
14039,train,3.015836477279663
14040,train,3.034452438354492
14041,train,3.053793430328369
14042,train,3.06136417388916
14043,train,3.0237789154052734
14044,train,3.084369421005249
14045,train,3.0594658851623535
14046,train,3.0532360076904297
14047,train,3.031263828277588
14048,train,3.093463659286499
14049,train,3.07898211479187
14050,train,3.09902286529541
14051,train,3.0704879760742188
14052,train,3.0587050914764404
14053,train,3.0295956134796143
14054,train,3.0632896423339844
14055,train,3.0510168075561523
14056,train,3.098611354827881
14057,train,3.064934253692627
14058,train,3.0646398067474365
14059,train,3.0581555366516113
14060,train,3.074004650115967
14061,train,3.057903528213501
14062,train,3.033876657485962
14063,train,3.0575501918792725
14064,train,3.05745267868042
14065,train,3.059811592102051
14066,train,3.0687272548675537
14067,train,3.0598464012145996
14068,train,3.076491355895996
14069,train,3.031342029571533
14070,train,3.0912351608276367
14071,train,3.0689496994018555
14072,train,3.0322511196136475
14073,train,3.0384199619293213
14074,train,3.0905303955078125
14075,train,3.0503041744232178
14076,train,3.02701997756958
14077,train,3.0339622497558594
14078,train,3.0922677516937256
14079,train,3.088484287261963
14080,train,3.0528252124786377
14081,train,3.091651678085327
14082,train,3.065460205078125
14083,train,3.030592918395996
14084,train,3.0938642024993896
14085,train,3.061239719390869
14086,train,3.0401506423950195
14087,train,3.04184627532959
14088,train,3.0597052574157715
14089,train,3.06996488571167
14090,train,3.0625157356262207
14091,train,3.1016323566436768
14092,train,3.015054702758789
14093,train,3.052659511566162
14094,train,3.0663506984710693
14095,train,3.062288761138916
14096,train,3.0458984375
14097,train,3.054741859436035
14098,train,3.065812110900879
14099,train,3.055732250213623
14100,train,3.04583740234375
14100,val,3.05887770652771
14100,hellaswag,0.2983469428400717
14101,train,3.0929253101348877
14102,train,3.0642037391662598
14103,train,3.065526008605957
14104,train,3.0504608154296875
14105,train,3.033478021621704
14106,train,3.052635669708252
14107,train,3.032837390899658
14108,train,3.034060478210449
14109,train,3.0491108894348145
14110,train,3.0642600059509277
14111,train,3.0426344871520996
14112,train,3.0479445457458496
14113,train,3.072340965270996
14114,train,3.0699048042297363
14115,train,3.0687379837036133
14116,train,3.0673649311065674
14117,train,3.036243438720703
14118,train,3.1020970344543457
14119,train,3.0666303634643555
14120,train,3.041973352432251
14121,train,3.0762107372283936
14122,train,3.063354015350342
14123,train,3.061697006225586
14124,train,3.052828550338745
14125,train,3.0726003646850586
14126,train,3.0348455905914307
14127,train,3.0751113891601562
14128,train,3.0424938201904297
14129,train,3.058590888977051
14130,train,3.071962356567383
14131,train,3.086547613143921
14132,train,3.0475540161132812
14133,train,3.064385414123535
14134,train,3.0536484718322754
14135,train,3.094193935394287
14136,train,3.070761203765869
14137,train,3.0574851036071777
14138,train,3.0963072776794434
14139,train,3.0205881595611572
14140,train,3.043036699295044
14141,train,3.060605049133301
14142,train,3.040904998779297
14143,train,3.0398426055908203
14144,train,3.050978183746338
14145,train,3.0662739276885986
14146,train,3.0765132904052734
14147,train,3.0455448627471924
14148,train,3.061018466949463
14149,train,3.0474772453308105
14150,train,3.0574793815612793
14151,train,3.0440168380737305
14152,train,3.0831713676452637
14153,train,3.045496702194214
14154,train,3.06589674949646
14155,train,3.109402656555176
14156,train,3.022920608520508
14157,train,3.0474796295166016
14158,train,3.071186065673828
14159,train,3.0612354278564453
14160,train,3.0514307022094727
14161,train,3.0842294692993164
14162,train,3.093453884124756
14163,train,3.072780132293701
14164,train,3.066523790359497
14165,train,3.103881359100342
14166,train,3.061521053314209
14167,train,3.107142210006714
14168,train,3.0602946281433105
14169,train,3.04502534866333
14170,train,3.0471372604370117
14171,train,3.0313029289245605
14172,train,3.0577826499938965
14173,train,3.043776750564575
14174,train,3.1010794639587402
14175,train,3.063094139099121
14176,train,3.04341459274292
14177,train,3.0656628608703613
14178,train,3.0846848487854004
14179,train,3.077174186706543
14180,train,3.054202079772949
14181,train,3.0867719650268555
14182,train,3.030341386795044
14183,train,3.050236701965332
14184,train,3.0430219173431396
14185,train,3.0678229331970215
14186,train,3.067117214202881
14187,train,3.050166368484497
14188,train,3.0639655590057373
14189,train,3.0811755657196045
14190,train,3.0501768589019775
14191,train,3.0582590103149414
14192,train,3.0899569988250732
14193,train,3.076770544052124
14194,train,3.064545154571533
14195,train,3.0650789737701416
14196,train,3.0539393424987793
14197,train,3.037668228149414
14198,train,3.072901725769043
14199,train,3.0817296504974365
14200,train,3.092386484146118
14200,val,3.0582451820373535
14200,hellaswag,0.29934276040629354
14201,train,3.094179630279541
14202,train,3.074816942214966
14203,train,3.0564684867858887
14204,train,3.0495598316192627
14205,train,3.0724129676818848
14206,train,3.046815872192383
14207,train,3.094658374786377
14208,train,3.0320355892181396
14209,train,3.032041549682617
14210,train,3.088043689727783
14211,train,3.0611891746520996
14212,train,3.0575387477874756
14213,train,3.021221160888672
14214,train,3.0935182571411133
14215,train,3.07917857170105
14216,train,3.096473217010498
14217,train,3.057248592376709
14218,train,3.0910210609436035
14219,train,3.0651895999908447
14220,train,3.08585786819458
14221,train,3.084104537963867
14222,train,3.0683884620666504
14223,train,3.043480157852173
14224,train,3.103548526763916
14225,train,3.058701515197754
14226,train,3.0555882453918457
14227,train,3.0808701515197754
14228,train,3.075509548187256
14229,train,3.087528705596924
14230,train,3.094087600708008
14231,train,3.068584442138672
14232,train,3.0553412437438965
14233,train,3.089996337890625
14234,train,3.053036689758301
14235,train,3.057914972305298
14236,train,3.1018595695495605
14237,train,3.096592426300049
14238,train,3.0907139778137207
14239,train,3.064723253250122
14240,train,3.096308708190918
14241,train,3.106623888015747
14242,train,3.054366111755371
14243,train,3.0537168979644775
14244,train,3.0658199787139893
14245,train,3.0909414291381836
14246,train,3.103649616241455
14247,train,3.0604801177978516
14248,train,3.060591220855713
14249,train,3.076526165008545
14250,train,3.0870277881622314
14251,train,3.1243016719818115
14252,train,3.106043577194214
14253,train,3.0565524101257324
14254,train,3.097407341003418
14255,train,3.0479612350463867
14256,train,3.0865800380706787
14257,train,3.0722784996032715
14258,train,3.088348865509033
14259,train,3.065767288208008
14260,train,3.094761848449707
14261,train,3.0543432235717773
14262,train,3.0692553520202637
14263,train,3.093684196472168
14264,train,3.0856480598449707
14265,train,3.0996479988098145
14266,train,3.0419633388519287
14267,train,3.0811100006103516
14268,train,3.0916495323181152
14269,train,3.0904362201690674
14270,train,3.084730863571167
14271,train,3.0830583572387695
14272,train,3.09131121635437
14273,train,3.079038619995117
14274,train,3.059187889099121
14275,train,3.074486494064331
14276,train,3.0612258911132812
14277,train,3.0342795848846436
14278,train,3.0538554191589355
14279,train,3.0380208492279053
14280,train,3.0401182174682617
14281,train,3.0778985023498535
14282,train,3.0626578330993652
14283,train,3.0475125312805176
14284,train,3.090200185775757
14285,train,3.0817158222198486
14286,train,3.055250644683838
14287,train,3.0468108654022217
14288,train,3.061817169189453
14289,train,3.0795063972473145
14290,train,3.0751044750213623
14291,train,3.0517079830169678
14292,train,3.0732791423797607
14293,train,3.061448574066162
14294,train,3.0689992904663086
14295,train,3.0543041229248047
14296,train,3.1026246547698975
14297,train,3.0911364555358887
14298,train,3.0641019344329834
14299,train,3.077024459838867
14300,train,3.0842208862304688
14300,val,3.0565710067749023
14300,hellaswag,0.2978490340569608
14301,train,3.0932044982910156
14302,train,3.084219217300415
14303,train,3.064530372619629
14304,train,3.0818657875061035
14305,train,3.0812158584594727
14306,train,3.058773994445801
14307,train,3.0769104957580566
14308,train,3.0574851036071777
14309,train,3.0748987197875977
14310,train,3.0567731857299805
14311,train,3.0739188194274902
14312,train,3.0781126022338867
14313,train,3.086638927459717
14314,train,3.053147792816162
14315,train,3.070197582244873
14316,train,3.0856738090515137
14317,train,3.037428140640259
14318,train,3.0502941608428955
14319,train,3.088486671447754
14320,train,3.0465445518493652
14321,train,3.1015868186950684
14322,train,3.024855136871338
14323,train,3.0534753799438477
14324,train,3.068319320678711
14325,train,3.071991443634033
14326,train,3.0777463912963867
14327,train,3.0651121139526367
14328,train,3.0609617233276367
14329,train,3.093928337097168
14330,train,3.091630458831787
14331,train,3.084780693054199
14332,train,3.053256034851074
14333,train,3.0537493228912354
14334,train,3.05344295501709
14335,train,3.0812222957611084
14336,train,3.0362067222595215
14337,train,3.0432281494140625
14338,train,3.0978589057922363
14339,train,3.0787951946258545
14340,train,3.0692591667175293
14341,train,3.1046173572540283
14342,train,3.0772864818573
14343,train,3.0404138565063477
14344,train,3.040900707244873
14345,train,3.093836784362793
14346,train,3.0356075763702393
14347,train,3.037917137145996
14348,train,3.045675754547119
14349,train,3.0436182022094727
14350,train,3.057429313659668
14351,train,3.0613064765930176
14352,train,3.0723960399627686
14353,train,3.036581039428711
14354,train,3.0438790321350098
14355,train,3.077507257461548
14356,train,3.047999858856201
14357,train,3.0742008686065674
14358,train,3.0601840019226074
14359,train,3.0710442066192627
14360,train,3.0572609901428223
14361,train,3.078564167022705
14362,train,3.0539348125457764
14363,train,3.0407698154449463
14364,train,3.036008596420288
14365,train,3.0643904209136963
14366,train,3.043492317199707
14367,train,3.0581743717193604
14368,train,3.049926996231079
14369,train,3.0717320442199707
14370,train,3.0762763023376465
14371,train,3.0510613918304443
14372,train,3.0769288539886475
14373,train,3.0592410564422607
14374,train,3.0746865272521973
14375,train,3.082338333129883
14376,train,3.078807830810547
14377,train,3.050715446472168
14378,train,3.051924228668213
14379,train,3.1003429889678955
14380,train,3.0771403312683105
14381,train,3.0533523559570312
14382,train,3.078688383102417
14383,train,3.0807247161865234
14384,train,3.054325819015503
14385,train,3.075617551803589
14386,train,3.0409584045410156
14387,train,3.092294454574585
14388,train,3.0666308403015137
14389,train,3.0686655044555664
14390,train,3.0701494216918945
14391,train,3.0591931343078613
14392,train,3.020251750946045
14393,train,3.045182943344116
14394,train,3.059220314025879
14395,train,3.102989435195923
14396,train,3.029794216156006
14397,train,3.0481672286987305
14398,train,3.0570082664489746
14399,train,3.044485092163086
14400,train,3.0588228702545166
14400,val,3.055807113647461
14400,hellaswag,0.29944234216291576
14401,train,3.0613250732421875
14402,train,3.064683437347412
14403,train,3.0781137943267822
14404,train,3.07417893409729
14405,train,3.085678815841675
14406,train,3.0653209686279297
14407,train,3.0734639167785645
14408,train,3.088256597518921
14409,train,3.092283248901367
14410,train,3.0704126358032227
14411,train,3.059107780456543
14412,train,3.0720176696777344
14413,train,3.0928869247436523
14414,train,3.074063301086426
14415,train,3.09033203125
14416,train,3.0643081665039062
14417,train,3.1268444061279297
14418,train,3.0653953552246094
14419,train,3.0989716053009033
14420,train,3.0793704986572266
14421,train,3.0702908039093018
14422,train,3.101125478744507
14423,train,3.109467029571533
14424,train,3.057096242904663
14425,train,3.1015806198120117
14426,train,3.073381185531616
14427,train,3.044167995452881
14428,train,3.0937647819519043
14429,train,3.0768609046936035
14430,train,3.097870349884033
14431,train,3.100543737411499
14432,train,3.0436758995056152
14433,train,3.082341194152832
14434,train,3.101905107498169
14435,train,3.0735325813293457
14436,train,3.0446741580963135
14437,train,3.090996742248535
14438,train,3.082951307296753
14439,train,3.098893165588379
14440,train,3.0745038986206055
14441,train,3.1135902404785156
14442,train,3.0715627670288086
14443,train,3.056462049484253
14444,train,3.107213258743286
14445,train,3.0857112407684326
14446,train,3.0759787559509277
14447,train,3.0869662761688232
14448,train,3.0920705795288086
14449,train,3.0878443717956543
14450,train,3.0941429138183594
14451,train,3.1028146743774414
14452,train,3.079653263092041
14453,train,3.070472240447998
14454,train,3.075688362121582
14455,train,3.0630691051483154
14456,train,3.091440200805664
14457,train,3.101564884185791
14458,train,3.063343048095703
14459,train,3.0698065757751465
14460,train,3.090718984603882
14461,train,3.028963327407837
14462,train,3.0912232398986816
14463,train,3.1026382446289062
14464,train,3.1046111583709717
14465,train,3.098492383956909
14466,train,3.1014978885650635
14467,train,3.088383197784424
14468,train,3.091522455215454
14469,train,3.078392505645752
14470,train,3.0811800956726074
14471,train,3.0878162384033203
14472,train,3.091191291809082
14473,train,3.0588808059692383
14474,train,3.0985023975372314
14475,train,3.0811309814453125
14476,train,3.0787668228149414
14477,train,3.0741939544677734
14478,train,3.082981586456299
14479,train,3.077441692352295
14480,train,3.0844063758850098
14481,train,3.1051175594329834
14482,train,3.0811948776245117
14483,train,3.072401762008667
14484,train,3.052046060562134
14485,train,3.0847008228302
14486,train,3.077167272567749
14487,train,3.1318440437316895
14488,train,3.090094566345215
14489,train,3.0797390937805176
14490,train,3.0733699798583984
14491,train,3.114861488342285
14492,train,3.0756113529205322
14493,train,3.1072325706481934
14494,train,3.0518784523010254
14495,train,3.084588050842285
14496,train,3.137955665588379
14497,train,3.044412612915039
14498,train,3.0819060802459717
14499,train,3.0685243606567383
14500,train,3.1054909229278564
14500,val,3.0539848804473877
14500,hellaswag,0.29715196176060543
14501,train,3.0731379985809326
14502,train,3.0658648014068604
14503,train,3.091644048690796
14504,train,3.0604918003082275
14505,train,3.07216739654541
14506,train,3.099231004714966
14507,train,3.068643093109131
14508,train,3.0597195625305176
14509,train,3.07235050201416
14510,train,3.0804877281188965
14511,train,3.0667598247528076
14512,train,3.105787992477417
14513,train,3.0720181465148926
14514,train,3.084200859069824
14515,train,3.1119275093078613
14516,train,3.06135892868042
14517,train,3.092475175857544
14518,train,3.0717484951019287
14519,train,3.0629844665527344
14520,train,3.083012580871582
14521,train,3.048856019973755
14522,train,3.1188645362854004
14523,train,3.0901942253112793
14524,train,3.055264711380005
14525,train,3.0720467567443848
14526,train,3.0815999507904053
14527,train,3.127277374267578
14528,train,3.0883872509002686
14529,train,3.085597276687622
14530,train,3.07552170753479
14531,train,3.099000930786133
14532,train,3.061704397201538
14533,train,3.0959572792053223
14534,train,3.030928134918213
14535,train,3.0710911750793457
14536,train,3.068389892578125
14537,train,3.0897409915924072
14538,train,3.0753555297851562
14539,train,3.041095495223999
14540,train,3.0889029502868652
14541,train,3.0857534408569336
14542,train,3.059366464614868
14543,train,3.099210500717163
14544,train,3.0892393589019775
14545,train,3.087296724319458
14546,train,3.086289644241333
14547,train,3.055229663848877
14548,train,3.058368444442749
14549,train,3.077063798904419
14550,train,3.098473310470581
14551,train,3.074796438217163
14552,train,3.0803587436676025
14553,train,3.033522605895996
14554,train,3.108876943588257
14555,train,3.090498924255371
14556,train,3.0839955806732178
14557,train,3.056349277496338
14558,train,3.0995726585388184
14559,train,3.0771241188049316
14560,train,3.1311721801757812
14561,train,3.0429279804229736
14562,train,3.0854315757751465
14563,train,3.0603089332580566
14564,train,3.1047356128692627
14565,train,3.0507054328918457
14566,train,3.0874106884002686
14567,train,3.0668885707855225
14568,train,3.0889179706573486
14569,train,3.032443046569824
14570,train,3.059025526046753
14571,train,3.0583767890930176
14572,train,3.0993363857269287
14573,train,3.0718178749084473
14574,train,3.080326557159424
14575,train,3.084277391433716
14576,train,3.0772905349731445
14577,train,3.099590539932251
14578,train,3.069014549255371
14579,train,3.0942225456237793
14580,train,3.0729660987854004
14581,train,3.0831990242004395
14582,train,3.088867425918579
14583,train,3.1106648445129395
14584,train,3.094148635864258
14585,train,3.0652623176574707
14586,train,3.040841579437256
14587,train,3.0480880737304688
14588,train,3.057460308074951
14589,train,3.0649960041046143
14590,train,3.0674681663513184
14591,train,3.0946967601776123
14592,train,3.093846321105957
14593,train,3.0916147232055664
14594,train,3.0761501789093018
14595,train,3.0781075954437256
14596,train,3.0680131912231445
14597,train,3.0717809200286865
14598,train,3.072763204574585
14599,train,3.0532896518707275
14600,train,3.0902562141418457
14600,val,3.0522754192352295
14600,hellaswag,0.2996415056761601
14601,train,3.051055908203125
14602,train,3.106018304824829
14603,train,3.0854806900024414
14604,train,3.0469117164611816
14605,train,3.094691753387451
14606,train,3.0613903999328613
14607,train,3.0809922218322754
14608,train,3.064279079437256
14609,train,3.0938801765441895
14610,train,3.0855464935302734
14611,train,3.0646767616271973
14612,train,3.0962188243865967
14613,train,3.055209159851074
14614,train,3.0165367126464844
14615,train,3.078961133956909
14616,train,3.055387020111084
14617,train,3.0557944774627686
14618,train,3.0316925048828125
14619,train,3.121892213821411
14620,train,3.0786402225494385
14621,train,3.0364832878112793
14622,train,3.087890148162842
14623,train,3.0758259296417236
14624,train,3.0726218223571777
14625,train,3.055305004119873
14626,train,3.0716047286987305
14627,train,3.0644235610961914
14628,train,3.08591890335083
14629,train,3.071134567260742
14630,train,3.089451789855957
14631,train,3.062911033630371
14632,train,3.059300661087036
14633,train,3.0676889419555664
14634,train,3.131685495376587
14635,train,3.0755457878112793
14636,train,3.09122371673584
14637,train,3.0703015327453613
14638,train,3.109574317932129
14639,train,3.0893518924713135
14640,train,3.0424323081970215
14641,train,3.0679030418395996
14642,train,3.069619655609131
14643,train,3.0598344802856445
14644,train,3.0461926460266113
14645,train,3.0615339279174805
14646,train,3.0759503841400146
14647,train,3.0435903072357178
14648,train,3.0302140712738037
14649,train,3.076432704925537
14650,train,3.0945186614990234
14651,train,3.102564811706543
14652,train,3.0933589935302734
14653,train,3.046455144882202
14654,train,3.081740140914917
14655,train,3.0713696479797363
14656,train,3.037334442138672
14657,train,3.048234462738037
14658,train,3.0784189701080322
14659,train,3.0854101181030273
14660,train,3.077146053314209
14661,train,3.070167064666748
14662,train,3.0427610874176025
14663,train,3.08079195022583
14664,train,3.070091724395752
14665,train,3.0767836570739746
14666,train,3.082252025604248
14667,train,3.073774576187134
14668,train,3.0563578605651855
14669,train,3.057701349258423
14670,train,3.069779396057129
14671,train,3.0856082439422607
14672,train,3.0648298263549805
14673,train,3.0870931148529053
14674,train,3.048736095428467
14675,train,3.0585427284240723
14676,train,3.1013169288635254
14677,train,3.049360752105713
14678,train,3.0635266304016113
14679,train,3.0786690711975098
14680,train,3.0892293453216553
14681,train,3.0787558555603027
14682,train,3.0945754051208496
14683,train,3.0737764835357666
14684,train,3.0560367107391357
14685,train,3.0864105224609375
14686,train,3.0832149982452393
14687,train,3.078071117401123
14688,train,3.0758917331695557
14689,train,3.0513522624969482
14690,train,3.102847099304199
14691,train,3.0520663261413574
14692,train,3.0937108993530273
14693,train,3.0818238258361816
14694,train,3.0720884799957275
14695,train,3.0406405925750732
14696,train,3.085325002670288
14697,train,3.0906848907470703
14698,train,3.075150728225708
14699,train,3.076478958129883
14700,train,3.067800521850586
14700,val,3.051285743713379
14700,hellaswag,0.29954192391953793
14701,train,3.0411596298217773
14702,train,3.0881595611572266
14703,train,3.1191418170928955
14704,train,3.0420377254486084
14705,train,3.0964303016662598
14706,train,3.0832765102386475
14707,train,3.0686793327331543
14708,train,3.074382781982422
14709,train,3.040660858154297
14710,train,3.022307872772217
14711,train,3.0506105422973633
14712,train,3.067209005355835
14713,train,3.0874834060668945
14714,train,3.090343475341797
14715,train,3.0735952854156494
14716,train,3.0916223526000977
14717,train,3.0877716541290283
14718,train,3.1164746284484863
14719,train,3.0866875648498535
14720,train,3.0569162368774414
14721,train,3.108767032623291
14722,train,3.0819053649902344
14723,train,3.046811103820801
14724,train,3.08095121383667
14725,train,3.050187349319458
14726,train,3.0695855617523193
14727,train,3.0796010494232178
14728,train,3.053557872772217
14729,train,3.0869553089141846
14730,train,3.067959785461426
14731,train,3.0932116508483887
14732,train,3.0573720932006836
14733,train,3.060565948486328
14734,train,3.1041436195373535
14735,train,3.0767555236816406
14736,train,3.0407958030700684
14737,train,3.0641117095947266
14738,train,3.08431339263916
14739,train,3.0529470443725586
14740,train,3.0690009593963623
14741,train,3.078535556793213
14742,train,3.0469400882720947
14743,train,3.0549497604370117
14744,train,3.0267739295959473
14745,train,3.0435218811035156
14746,train,3.0566606521606445
14747,train,3.0561366081237793
14748,train,3.062159299850464
14749,train,3.0526676177978516
14750,train,3.069049119949341
14751,train,3.054365634918213
14752,train,3.0335850715637207
14753,train,3.0705132484436035
14754,train,3.0951642990112305
14755,train,3.0635745525360107
14756,train,3.058770179748535
14757,train,3.0569419860839844
14758,train,3.080847978591919
14759,train,3.0712151527404785
14760,train,3.0763254165649414
14761,train,3.0548481941223145
14762,train,3.09439754486084
14763,train,3.0554862022399902
14764,train,3.053330183029175
14765,train,3.079749584197998
14766,train,3.0974020957946777
14767,train,3.087341070175171
14768,train,3.05912446975708
14769,train,3.096139430999756
14770,train,3.0418975353240967
14771,train,3.0744194984436035
14772,train,3.085334300994873
14773,train,3.084549903869629
14774,train,3.002786159515381
14775,train,3.0780563354492188
14776,train,3.0254857540130615
14777,train,3.084212064743042
14778,train,3.066896438598633
14779,train,3.0530922412872314
14780,train,3.061466693878174
14781,train,3.0468382835388184
14782,train,3.0662519931793213
14783,train,3.058147430419922
14784,train,3.0627031326293945
14785,train,3.061037540435791
14786,train,3.0232224464416504
14787,train,3.0815072059631348
14788,train,3.052964925765991
14789,train,3.0523476600646973
14790,train,3.040682554244995
14791,train,3.034792423248291
14792,train,3.0450053215026855
14793,train,3.0888936519622803
14794,train,3.074434280395508
14795,train,3.067612886428833
14796,train,3.0328638553619385
14797,train,3.0291967391967773
14798,train,3.07082462310791
14799,train,3.0635175704956055
14800,train,3.0508317947387695
14800,val,3.0502138137817383
14800,hellaswag,0.3040231029675364
14801,train,3.028510570526123
14802,train,3.0654590129852295
14803,train,3.0735673904418945
14804,train,3.0168533325195312
14805,train,3.0378098487854004
14806,train,3.0689849853515625
14807,train,3.0702626705169678
14808,train,3.057100534439087
14809,train,3.0503947734832764
14810,train,3.07673716545105
14811,train,3.0653209686279297
14812,train,3.049464464187622
14813,train,3.0189878940582275
14814,train,3.05698823928833
14815,train,3.058056354522705
14816,train,3.0406992435455322
14817,train,3.0811586380004883
14818,train,3.1040780544281006
14819,train,3.0584278106689453
14820,train,3.080599069595337
14821,train,3.0366058349609375
14822,train,3.0608882904052734
14823,train,3.0389862060546875
14824,train,3.020540237426758
14825,train,3.0521512031555176
14826,train,3.044020652770996
14827,train,3.0400776863098145
14828,train,3.0587399005889893
14829,train,3.0386111736297607
14830,train,3.042764186859131
14831,train,3.0491247177124023
14832,train,3.017364025115967
14833,train,3.0422158241271973
14834,train,3.0602550506591797
14835,train,3.0703859329223633
14836,train,3.059141159057617
14837,train,3.042475461959839
14838,train,3.0633819103240967
14839,train,3.081587314605713
14840,train,3.0570993423461914
14841,train,3.02158522605896
14842,train,3.0761234760284424
14843,train,3.0426506996154785
14844,train,3.0344948768615723
14845,train,3.0616941452026367
14846,train,3.037442207336426
14847,train,3.0584664344787598
14848,train,3.015594482421875
14849,train,3.0645599365234375
14850,train,3.0471858978271484
14851,train,3.0532994270324707
14852,train,3.0477585792541504
14853,train,3.0190248489379883
14854,train,3.0118188858032227
14855,train,3.060062885284424
14856,train,3.043048143386841
14857,train,3.059070110321045
14858,train,3.037421226501465
14859,train,3.0320608615875244
14860,train,3.0544047355651855
14861,train,3.0458006858825684
14862,train,3.0398647785186768
14863,train,3.068848133087158
14864,train,3.042069435119629
14865,train,3.0253398418426514
14866,train,3.0632593631744385
14867,train,3.056363105773926
14868,train,3.03517484664917
14869,train,3.0431196689605713
14870,train,3.045393943786621
14871,train,3.0533385276794434
14872,train,3.0612564086914062
14873,train,3.064265727996826
14874,train,3.044523000717163
14875,train,3.0144054889678955
14876,train,3.046427011489868
14877,train,3.0444633960723877
14878,train,3.0810208320617676
14879,train,3.0373642444610596
14880,train,3.047619342803955
14881,train,3.0579588413238525
14882,train,3.0759730339050293
14883,train,3.033900260925293
14884,train,3.0637145042419434
14885,train,3.056983709335327
14886,train,3.0689477920532227
14887,train,3.0805749893188477
14888,train,3.077266216278076
14889,train,3.055436611175537
14890,train,3.0756423473358154
14891,train,3.0346202850341797
14892,train,3.0498909950256348
14893,train,3.08378267288208
14894,train,3.0638303756713867
14895,train,3.0508100986480713
14896,train,3.0671372413635254
14897,train,3.037923812866211
14898,train,3.0318565368652344
14899,train,3.036341667175293
14900,train,3.0481059551239014
14900,val,3.0485024452209473
14900,hellaswag,0.30083648675562635
14901,train,3.0951943397521973
14902,train,3.039353370666504
14903,train,3.011366367340088
14904,train,3.054229974746704
14905,train,3.0555973052978516
14906,train,3.0228536128997803
14907,train,3.028512477874756
14908,train,3.040536403656006
14909,train,3.072871446609497
14910,train,3.0645534992218018
14911,train,3.0749824047088623
14912,train,3.0181827545166016
14913,train,3.0323846340179443
14914,train,3.049694061279297
14915,train,3.0629470348358154
14916,train,3.035886764526367
14917,train,3.0714073181152344
14918,train,3.1039185523986816
14919,train,3.0591788291931152
14920,train,3.0479743480682373
14921,train,3.0625202655792236
14922,train,3.050753593444824
14923,train,3.0524630546569824
14924,train,3.007091760635376
14925,train,3.0296859741210938
14926,train,3.0555624961853027
14927,train,3.047910690307617
14928,train,3.0727970600128174
14929,train,3.0294158458709717
14930,train,3.044361114501953
14931,train,3.0628631114959717
14932,train,3.018925189971924
14933,train,3.086822748184204
14934,train,3.053558349609375
14935,train,3.016411066055298
14936,train,3.06402587890625
14937,train,3.014754295349121
14938,train,3.0477161407470703
14939,train,3.02993106842041
14940,train,3.035097599029541
14941,train,3.032215118408203
14942,train,3.0269434452056885
14943,train,3.0359530448913574
14944,train,3.052419900894165
14945,train,3.052706718444824
14946,train,3.0454277992248535
14947,train,3.038115978240967
14948,train,3.086272954940796
14949,train,3.0414481163024902
14950,train,3.0552923679351807
14951,train,3.0688486099243164
14952,train,3.0644822120666504
14953,train,3.0356273651123047
14954,train,3.03987717628479
14955,train,3.0450892448425293
14956,train,3.0573196411132812
14957,train,3.0613982677459717
14958,train,3.05074143409729
14959,train,3.021106243133545
14960,train,3.015018939971924
14961,train,3.0842347145080566
14962,train,3.0473499298095703
14963,train,3.034210443496704
14964,train,3.0072927474975586
14965,train,3.0554018020629883
14966,train,3.077285051345825
14967,train,3.0636439323425293
14968,train,3.0052666664123535
14969,train,3.0621488094329834
14970,train,3.0424883365631104
14971,train,3.0408174991607666
14972,train,3.008072853088379
14973,train,3.0164432525634766
14974,train,3.0418670177459717
14975,train,3.0005509853363037
14976,train,3.0397281646728516
14977,train,3.0590338706970215
14978,train,3.0222225189208984
14979,train,3.0189733505249023
14980,train,3.025200366973877
14981,train,3.067187786102295
14982,train,3.0489447116851807
14983,train,3.0727086067199707
14984,train,3.0529513359069824
14985,train,3.085489273071289
14986,train,3.0269646644592285
14987,train,3.0231096744537354
14988,train,3.054349422454834
14989,train,3.0504984855651855
14990,train,3.063431739807129
14991,train,3.0468297004699707
14992,train,3.0697875022888184
14993,train,3.066828966140747
14994,train,3.039313793182373
14995,train,3.068836212158203
14996,train,3.0632288455963135
14997,train,3.093489170074463
14998,train,3.0425353050231934
14999,train,3.051818370819092
15000,train,3.0622200965881348
15000,val,3.0475189685821533
15000,hellaswag,0.3020314678350926
15001,train,3.0828757286071777
15002,train,3.048567056655884
15003,train,3.0586318969726562
15004,train,3.1023032665252686
15005,train,3.042247772216797
15006,train,3.0342354774475098
15007,train,3.0713272094726562
15008,train,3.082061290740967
15009,train,3.047849178314209
15010,train,3.0433754920959473
15011,train,3.0709495544433594
15012,train,3.037843704223633
15013,train,3.06715726852417
15014,train,3.109405517578125
15015,train,3.092578172683716
15016,train,3.060581922531128
15017,train,3.0718750953674316
15018,train,3.06337833404541
15019,train,3.0511910915374756
15020,train,3.0679056644439697
15021,train,3.085705280303955
15022,train,3.082974910736084
15023,train,3.056992530822754
15024,train,3.0325841903686523
15025,train,3.0532493591308594
15026,train,3.0577194690704346
15027,train,3.09188175201416
15028,train,3.0509226322174072
15029,train,3.060330867767334
15030,train,3.05522084236145
15031,train,3.0381147861480713
15032,train,3.0838539600372314
15033,train,3.048678398132324
15034,train,3.0650482177734375
15035,train,3.1096789836883545
15036,train,3.048100471496582
15037,train,3.0730397701263428
15038,train,3.074357509613037
15039,train,3.0579395294189453
15040,train,3.026076316833496
15041,train,3.0289809703826904
15042,train,3.0566132068634033
15043,train,3.071711778640747
15044,train,3.0743751525878906
15045,train,3.0529673099517822
15046,train,3.0691466331481934
15047,train,3.0756397247314453
15048,train,3.0784034729003906
15049,train,3.086404323577881
15050,train,3.058769702911377
15051,train,3.0669565200805664
15052,train,3.0688624382019043
15053,train,3.0613021850585938
15054,train,3.081444263458252
15055,train,3.0806427001953125
15056,train,3.056286334991455
15057,train,3.0708398818969727
15058,train,3.0638210773468018
15059,train,3.1019816398620605
15060,train,3.073695182800293
15061,train,3.038060426712036
15062,train,3.0544466972351074
15063,train,3.0936098098754883
15064,train,3.051685333251953
15065,train,3.0171947479248047
15066,train,3.073911190032959
15067,train,3.072260856628418
15068,train,3.069491386413574
15069,train,3.0806167125701904
15070,train,3.0603723526000977
15071,train,3.033264636993408
15072,train,3.092574119567871
15073,train,3.031708002090454
15074,train,3.05548095703125
15075,train,3.068236827850342
15076,train,3.095829486846924
15077,train,3.0941967964172363
15078,train,3.084665060043335
15079,train,3.0481925010681152
15080,train,3.0443756580352783
15081,train,3.073552131652832
15082,train,3.0832576751708984
15083,train,3.081658363342285
15084,train,3.0688533782958984
15085,train,3.042564868927002
15086,train,3.067166566848755
15087,train,3.11837100982666
15088,train,3.038997173309326
15089,train,3.0581393241882324
15090,train,3.0347752571105957
15091,train,3.063107490539551
15092,train,3.0807623863220215
15093,train,3.082036018371582
15094,train,3.0808663368225098
15095,train,3.0767693519592285
15096,train,3.0654337406158447
15097,train,3.0695390701293945
15098,train,3.0705697536468506
15099,train,3.0756587982177734
15100,train,3.086322784423828
15100,val,3.0470452308654785
15100,hellaswag,0.3027285401314479
15101,train,3.0435597896575928
15102,train,3.073184013366699
15103,train,3.097891092300415
15104,train,3.070833683013916
15105,train,3.0603489875793457
15106,train,3.0665390491485596
15107,train,3.028106689453125
15108,train,3.077852725982666
15109,train,3.074159622192383
15110,train,3.0771167278289795
15111,train,3.04135799407959
15112,train,3.027679681777954
15113,train,3.1003329753875732
15114,train,3.079371929168701
15115,train,3.0516488552093506
15116,train,3.041339159011841
15117,train,3.045696258544922
15118,train,3.0607926845550537
15119,train,3.089878559112549
15120,train,3.049987554550171
15121,train,3.0535027980804443
15122,train,3.0583362579345703
15123,train,3.0439846515655518
15124,train,3.064676523208618
15125,train,3.0248093605041504
15126,train,3.0457043647766113
15127,train,3.0823044776916504
15128,train,3.0736007690429688
15129,train,3.051840305328369
15130,train,3.0726983547210693
15131,train,3.0817973613739014
15132,train,3.072230339050293
15133,train,3.0627355575561523
15134,train,3.0817275047302246
15135,train,3.066551446914673
15136,train,3.0715856552124023
15137,train,3.038961172103882
15138,train,3.0524518489837646
15139,train,3.0728261470794678
15140,train,3.040529489517212
15141,train,3.0551135540008545
15142,train,3.0707409381866455
15143,train,3.0733609199523926
15144,train,3.045208215713501
15145,train,3.087709426879883
15146,train,3.0768485069274902
15147,train,3.0537350177764893
15148,train,3.0305733680725098
15149,train,3.0423407554626465
15150,train,3.070966958999634
15151,train,3.045562744140625
15152,train,3.041193962097168
15153,train,3.098381519317627
15154,train,3.0582761764526367
15155,train,3.068706750869751
15156,train,3.077216148376465
15157,train,3.047603130340576
15158,train,3.080613136291504
15159,train,3.0355300903320312
15160,train,3.025651216506958
15161,train,3.0888946056365967
15162,train,3.081733226776123
15163,train,3.0911431312561035
15164,train,3.057809591293335
15165,train,3.0609657764434814
15166,train,3.061586856842041
15167,train,3.0683650970458984
15168,train,3.0750956535339355
15169,train,3.0428414344787598
15170,train,3.0513482093811035
15171,train,3.0698702335357666
15172,train,3.039039134979248
15173,train,3.093057632446289
15174,train,3.0546629428863525
15175,train,3.0840160846710205
15176,train,3.027285575866699
15177,train,3.041130542755127
15178,train,3.038724422454834
15179,train,3.048124313354492
15180,train,3.042379856109619
15181,train,3.0555014610290527
15182,train,3.032562017440796
15183,train,3.0562849044799805
15184,train,3.0504977703094482
15185,train,3.0499064922332764
15186,train,3.0424065589904785
15187,train,3.057812213897705
15188,train,3.0645086765289307
15189,train,3.0480239391326904
15190,train,3.051048994064331
15191,train,3.037051200866699
15192,train,3.045238494873047
15193,train,3.1023223400115967
15194,train,3.043203592300415
15195,train,3.034714460372925
15196,train,3.0659637451171875
15197,train,3.0538079738616943
15198,train,3.0468833446502686
15199,train,3.0824079513549805
15200,train,3.070500373840332
15200,val,3.0458452701568604
15200,hellaswag,0.3000398327026489
15201,train,3.019430160522461
15202,train,3.0579662322998047
15203,train,3.0250377655029297
15204,train,3.0206780433654785
15205,train,3.0196495056152344
15206,train,3.032163381576538
15207,train,3.049067497253418
15208,train,3.02569842338562
15209,train,3.052607536315918
15210,train,3.0995824337005615
15211,train,3.0264077186584473
15212,train,3.061203956604004
15213,train,3.0443756580352783
15214,train,3.0529603958129883
15215,train,3.0435500144958496
15216,train,3.0314106941223145
15217,train,3.0818798542022705
15218,train,3.072169780731201
15219,train,3.0487611293792725
15220,train,3.046236038208008
15221,train,3.068089246749878
15222,train,3.0787107944488525
15223,train,3.0475106239318848
15224,train,3.037726402282715
15225,train,3.0286576747894287
15226,train,3.0250277519226074
15227,train,3.064296007156372
15228,train,3.0685274600982666
15229,train,3.03882098197937
15230,train,3.0342464447021484
15231,train,3.0894882678985596
15232,train,3.0513620376586914
15233,train,3.0248870849609375
15234,train,3.029759407043457
15235,train,3.0295417308807373
15236,train,3.048105239868164
15237,train,3.054595947265625
15238,train,3.0439417362213135
15239,train,3.008892059326172
15240,train,3.0658857822418213
15241,train,3.0525617599487305
15242,train,3.0523416996002197
15243,train,3.0131688117980957
15244,train,3.0547027587890625
15245,train,3.0285091400146484
15246,train,3.0427119731903076
15247,train,3.062747001647949
15248,train,3.0783259868621826
15249,train,3.0433273315429688
15250,train,3.0654101371765137
15251,train,3.0379910469055176
15252,train,3.0025951862335205
15253,train,3.0241799354553223
15254,train,3.0250730514526367
15255,train,3.048034429550171
15256,train,3.0575740337371826
15257,train,3.0713891983032227
15258,train,3.0412650108337402
15259,train,3.0846829414367676
15260,train,3.0442261695861816
15261,train,3.0587031841278076
15262,train,3.0508875846862793
15263,train,3.050916910171509
15264,train,3.066312313079834
15265,train,3.074634552001953
15266,train,3.0147242546081543
15267,train,3.0674805641174316
15268,train,3.030588150024414
15269,train,3.068978786468506
15270,train,3.0383145809173584
15271,train,3.0474019050598145
15272,train,3.1005687713623047
15273,train,3.073204755783081
15274,train,3.098198175430298
15275,train,3.0480732917785645
15276,train,3.0522384643554688
15277,train,3.047306537628174
15278,train,3.063258171081543
15279,train,3.059943675994873
15280,train,3.0620579719543457
15281,train,3.0433387756347656
15282,train,3.0582938194274902
15283,train,2.996333599090576
15284,train,3.0393495559692383
15285,train,3.0547425746917725
15286,train,3.031684398651123
15287,train,3.022010087966919
15288,train,3.0263919830322266
15289,train,3.0499019622802734
15290,train,3.0330309867858887
15291,train,3.046809434890747
15292,train,3.036140203475952
15293,train,3.0354394912719727
15294,train,3.0400631427764893
15295,train,3.027695417404175
15296,train,3.0414624214172363
15297,train,3.0520482063293457
15298,train,3.021233081817627
15299,train,3.0622618198394775
15300,train,3.044114828109741
15300,val,3.0447170734405518
15300,hellaswag,0.30103565026887075
15301,train,3.037830114364624
15302,train,3.0217018127441406
15303,train,3.009457588195801
15304,train,3.0497334003448486
15305,train,3.072582244873047
15306,train,3.0674901008605957
15307,train,3.0405476093292236
15308,train,3.0488319396972656
15309,train,3.048696994781494
15310,train,3.028282880783081
15311,train,3.0529682636260986
15312,train,3.05256986618042
15313,train,3.0505313873291016
15314,train,3.0441510677337646
15315,train,3.0338938236236572
15316,train,3.026866912841797
15317,train,3.0782153606414795
15318,train,3.064321994781494
15319,train,3.0631415843963623
15320,train,3.03605318069458
15321,train,3.0731639862060547
15322,train,3.0443060398101807
15323,train,3.0330991744995117
15324,train,3.049041271209717
15325,train,3.042109489440918
15326,train,3.0672879219055176
15327,train,3.014941453933716
15328,train,3.057490825653076
15329,train,3.0544862747192383
15330,train,3.071276903152466
15331,train,3.0521676540374756
15332,train,3.045278549194336
15333,train,3.093907594680786
15334,train,3.0589282512664795
15335,train,3.0441677570343018
15336,train,3.077193021774292
15337,train,3.0355265140533447
15338,train,3.0393362045288086
15339,train,3.0595126152038574
15340,train,3.038980007171631
15341,train,3.0419864654541016
15342,train,3.0731232166290283
15343,train,3.037585735321045
15344,train,3.052140235900879
15345,train,3.0540056228637695
15346,train,3.052764654159546
15347,train,3.0488452911376953
15348,train,3.0453813076019287
15349,train,3.069366455078125
15350,train,3.072657585144043
15351,train,3.0303962230682373
15352,train,3.0427613258361816
15353,train,3.0432682037353516
15354,train,3.0450305938720703
15355,train,3.030324935913086
15356,train,3.0494208335876465
15357,train,3.0289292335510254
15358,train,3.074725389480591
15359,train,3.0439820289611816
15360,train,3.067263603210449
15361,train,3.0565195083618164
15362,train,3.0819969177246094
15363,train,3.040846824645996
15364,train,3.0538833141326904
15365,train,3.051811933517456
15366,train,3.0495734214782715
15367,train,3.076327323913574
15368,train,3.040642261505127
15369,train,3.058670997619629
15370,train,3.04801082611084
15371,train,3.0614962577819824
15372,train,3.073240041732788
15373,train,3.0324487686157227
15374,train,3.0644335746765137
15375,train,3.02862548828125
15376,train,3.0341501235961914
15377,train,3.0799169540405273
15378,train,3.035426139831543
15379,train,3.0733399391174316
15380,train,3.045609951019287
15381,train,3.024238109588623
15382,train,3.0648136138916016
15383,train,3.0366623401641846
15384,train,3.055309295654297
15385,train,3.0456840991973877
15386,train,3.0203957557678223
15387,train,3.0170154571533203
15388,train,3.052474021911621
15389,train,3.0682058334350586
15390,train,3.0554614067077637
15391,train,3.043092727661133
15392,train,3.0459508895874023
15393,train,3.0432751178741455
15394,train,3.075943946838379
15395,train,3.041276454925537
15396,train,3.048405647277832
15397,train,3.0634028911590576
15398,train,3.042646646499634
15399,train,3.021186590194702
15400,train,3.022017002105713
15400,val,3.043149948120117
15400,hellaswag,0.2991435968930492
15401,train,3.0420634746551514
15402,train,3.071289300918579
15403,train,3.074659824371338
15404,train,3.061910629272461
15405,train,3.0575737953186035
15406,train,3.041496515274048
15407,train,3.04076886177063
15408,train,3.04530930519104
15409,train,3.034618854522705
15410,train,3.0440828800201416
15411,train,3.046578884124756
15412,train,3.0631632804870605
15413,train,3.0470690727233887
15414,train,3.053617000579834
15415,train,3.053727865219116
15416,train,3.0409257411956787
15417,train,3.045004367828369
15418,train,3.047879695892334
15419,train,3.0294556617736816
15420,train,3.0377817153930664
15421,train,3.032288074493408
15422,train,3.0780417919158936
15423,train,3.048253059387207
15424,train,3.0282645225524902
15425,train,3.042916774749756
15426,train,3.045194625854492
15427,train,3.0199155807495117
15428,train,3.0346899032592773
15429,train,3.0047740936279297
15430,train,3.036000967025757
15431,train,3.0340068340301514
15432,train,3.039745807647705
15433,train,3.0601089000701904
15434,train,3.070589303970337
15435,train,3.0483694076538086
15436,train,3.054378032684326
15437,train,3.022691249847412
15438,train,3.0357627868652344
15439,train,3.0550687313079834
15440,train,3.0929083824157715
15441,train,3.015958547592163
15442,train,3.0497488975524902
15443,train,3.051886796951294
15444,train,3.0405378341674805
15445,train,3.0600695610046387
15446,train,3.032031536102295
15447,train,3.048574209213257
15448,train,3.056757688522339
15449,train,3.0137779712677
15450,train,3.0529282093048096
15451,train,3.0505495071411133
15452,train,3.0449225902557373
15453,train,3.038785457611084
15454,train,3.039888858795166
15455,train,3.0241005420684814
15456,train,3.0043785572052
15457,train,2.994150161743164
15458,train,3.005063533782959
15459,train,3.0337884426116943
15460,train,3.063720464706421
15461,train,3.018076181411743
15462,train,3.0292906761169434
15463,train,3.0215067863464355
15464,train,3.040006160736084
15465,train,3.0559723377227783
15466,train,3.025005340576172
15467,train,3.0076146125793457
15468,train,3.0360326766967773
15469,train,3.035281181335449
15470,train,3.022181510925293
15471,train,3.027111530303955
15472,train,3.0384552478790283
15473,train,3.0555052757263184
15474,train,3.0697062015533447
15475,train,3.0712432861328125
15476,train,3.037531614303589
15477,train,3.077274799346924
15478,train,3.0408668518066406
15479,train,3.060906171798706
15480,train,3.0702221393585205
15481,train,3.0363378524780273
15482,train,3.0600781440734863
15483,train,3.053499221801758
15484,train,3.063141345977783
15485,train,3.05716872215271
15486,train,3.0797529220581055
15487,train,3.040274143218994
15488,train,3.0351953506469727
15489,train,3.054366111755371
15490,train,3.036515474319458
15491,train,3.071054697036743
15492,train,3.0308384895324707
15493,train,3.0397679805755615
15494,train,3.0497324466705322
15495,train,3.041433572769165
15496,train,3.013998031616211
15497,train,3.0573537349700928
15498,train,3.037351608276367
15499,train,3.0506362915039062
15500,train,3.024928569793701
15500,val,3.0417463779449463
15500,hellaswag,0.2998406691894045
15501,train,3.0386838912963867
15502,train,3.050729990005493
15503,train,3.054691791534424
15504,train,3.0495355129241943
15505,train,3.030529022216797
15506,train,3.037773609161377
15507,train,3.042316436767578
15508,train,3.0700998306274414
15509,train,3.0238656997680664
15510,train,3.0608348846435547
15511,train,3.0297064781188965
15512,train,3.0386815071105957
15513,train,3.0337538719177246
15514,train,3.0120768547058105
15515,train,3.038665533065796
15516,train,3.040095090866089
15517,train,3.081973075866699
15518,train,3.0108213424682617
15519,train,3.047853708267212
15520,train,3.0591235160827637
15521,train,3.080595016479492
15522,train,3.0764710903167725
15523,train,3.0451879501342773
15524,train,3.0401573181152344
15525,train,3.050147533416748
15526,train,3.0521011352539062
15527,train,3.0450363159179688
15528,train,3.0359957218170166
15529,train,3.0539493560791016
15530,train,3.042811393737793
15531,train,3.0516066551208496
15532,train,3.0285797119140625
15533,train,3.0382730960845947
15534,train,3.087613344192505
15535,train,3.0401949882507324
15536,train,3.0219099521636963
15537,train,3.0533227920532227
15538,train,3.0770516395568848
15539,train,3.040861129760742
15540,train,3.0522079467773438
15541,train,3.0632853507995605
15542,train,3.0480880737304688
15543,train,3.0746450424194336
15544,train,3.0463948249816895
15545,train,3.05368709564209
15546,train,3.056914806365967
15547,train,3.061408042907715
15548,train,3.0138840675354004
15549,train,3.022711753845215
15550,train,3.037777900695801
15551,train,3.0520694255828857
15552,train,3.015272617340088
15553,train,3.0322301387786865
15554,train,3.018784523010254
15555,train,3.039280652999878
15556,train,3.0390825271606445
15557,train,3.0651369094848633
15558,train,3.0001792907714844
15559,train,3.0308032035827637
15560,train,3.032942056655884
15561,train,3.0781688690185547
15562,train,3.0221099853515625
15563,train,3.0450186729431152
15564,train,3.0512890815734863
15565,train,3.088034152984619
15566,train,3.0600838661193848
15567,train,3.0295302867889404
15568,train,3.0403385162353516
15569,train,2.987410068511963
15570,train,3.061537027359009
15571,train,3.015939235687256
15572,train,3.035098075866699
15573,train,3.0135715007781982
15574,train,3.039170742034912
15575,train,3.016517400741577
15576,train,3.020331621170044
15577,train,3.054112195968628
15578,train,3.0418434143066406
15579,train,3.022245168685913
15580,train,3.048356056213379
15581,train,3.039550304412842
15582,train,3.025270938873291
15583,train,3.0176854133605957
15584,train,3.023935556411743
15585,train,3.0557990074157715
15586,train,3.0739433765411377
15587,train,3.0292539596557617
15588,train,3.052042007446289
15589,train,3.0626609325408936
15590,train,3.0586628913879395
15591,train,3.0551211833953857
15592,train,3.023212194442749
15593,train,3.0598673820495605
15594,train,3.053201913833618
15595,train,3.057333469390869
15596,train,3.0385003089904785
15597,train,3.0390100479125977
15598,train,3.033613681793213
15599,train,3.055957317352295
15600,train,3.045177459716797
15600,val,3.0402541160583496
15600,hellaswag,0.3018323043218482
15601,train,3.048180103302002
15602,train,3.056687116622925
15603,train,3.036593198776245
15604,train,3.0303611755371094
15605,train,3.0231761932373047
15606,train,3.0324435234069824
15607,train,3.0400123596191406
15608,train,3.049058437347412
15609,train,3.040257215499878
15610,train,3.0467746257781982
15611,train,3.074951410293579
15612,train,3.0709362030029297
15613,train,3.0401413440704346
15614,train,3.070483446121216
15615,train,3.0384416580200195
15616,train,3.0421996116638184
15617,train,3.0930333137512207
15618,train,3.0419557094573975
15619,train,3.0714805126190186
15620,train,3.0320656299591064
15621,train,2.9906249046325684
15622,train,3.008877754211426
15623,train,3.038107395172119
15624,train,3.0177855491638184
15625,train,3.031341075897217
15626,train,3.0495669841766357
15627,train,3.054656505584717
15628,train,3.038605213165283
15629,train,3.0315675735473633
15630,train,3.03867769241333
15631,train,3.0315918922424316
15632,train,3.052521228790283
15633,train,3.0310912132263184
15634,train,3.0425338745117188
15635,train,3.054971694946289
15636,train,3.0380842685699463
15637,train,3.0456299781799316
15638,train,3.065812110900879
15639,train,3.078552722930908
15640,train,3.040125846862793
15641,train,3.0438520908355713
15642,train,3.0559000968933105
15643,train,3.0044984817504883
15644,train,3.053692579269409
15645,train,3.01680326461792
15646,train,3.0016369819641113
15647,train,3.0183868408203125
15648,train,3.038607597351074
15649,train,3.0379257202148438
15650,train,3.0370006561279297
15651,train,3.0354275703430176
15652,train,3.0763566493988037
15653,train,3.0903806686401367
15654,train,3.032006025314331
15655,train,3.066110849380493
15656,train,3.034510612487793
15657,train,3.078489303588867
15658,train,3.0492920875549316
15659,train,3.0684521198272705
15660,train,3.048967123031616
15661,train,3.0363614559173584
15662,train,3.0321125984191895
15663,train,3.061434268951416
15664,train,3.043950080871582
15665,train,3.0261707305908203
15666,train,3.0611696243286133
15667,train,3.032106876373291
15668,train,3.0103213787078857
15669,train,3.0082616806030273
15670,train,3.055384397506714
15671,train,3.0687036514282227
15672,train,3.0631513595581055
15673,train,3.0866293907165527
15674,train,3.030428409576416
15675,train,3.0162315368652344
15676,train,3.015942335128784
15677,train,3.019505023956299
15678,train,3.0951242446899414
15679,train,3.083400249481201
15680,train,3.032996654510498
15681,train,3.034879207611084
15682,train,3.0379507541656494
15683,train,3.014995574951172
15684,train,3.0022754669189453
15685,train,3.0124218463897705
15686,train,3.030535936355591
15687,train,3.0304675102233887
15688,train,3.0393102169036865
15689,train,3.033460855484009
15690,train,3.0575549602508545
15691,train,3.011701822280884
15692,train,3.0390050411224365
15693,train,3.034440040588379
15694,train,3.0420591831207275
15695,train,3.0430808067321777
15696,train,3.0307443141937256
15697,train,3.015188217163086
15698,train,3.032144546508789
15699,train,3.0704360008239746
15700,train,3.0350492000579834
15700,val,3.039349317550659
15700,hellaswag,0.3042222664807807
15701,train,3.0316052436828613
15702,train,3.0402209758758545
15703,train,3.040243625640869
15704,train,3.0510783195495605
15705,train,3.03560733795166
15706,train,3.026914119720459
15707,train,3.058650493621826
15708,train,3.043273448944092
15709,train,3.0257184505462646
15710,train,3.0764458179473877
15711,train,3.0255637168884277
15712,train,3.0818119049072266
15713,train,3.0892672538757324
15714,train,3.003807306289673
15715,train,3.04306697845459
15716,train,3.0504088401794434
15717,train,3.0287790298461914
15718,train,3.0329880714416504
15719,train,3.019265651702881
15720,train,3.0601844787597656
15721,train,3.065703868865967
15722,train,3.0398693084716797
15723,train,3.0127153396606445
15724,train,3.0602622032165527
15725,train,3.029054880142212
15726,train,3.0293474197387695
15727,train,3.0552239418029785
15728,train,3.032823085784912
15729,train,3.0128602981567383
15730,train,3.030229330062866
15731,train,3.0625462532043457
15732,train,3.0437357425689697
15733,train,3.043499708175659
15734,train,3.049609661102295
15735,train,3.0244946479797363
15736,train,3.049853563308716
15737,train,3.0286221504211426
15738,train,3.0817606449127197
15739,train,3.024688482284546
15740,train,3.058882236480713
15741,train,3.0405116081237793
15742,train,3.02016544342041
15743,train,3.087667226791382
15744,train,3.03151273727417
15745,train,3.0486278533935547
15746,train,3.0385212898254395
15747,train,3.043428897857666
15748,train,3.05161190032959
15749,train,3.070953369140625
15750,train,3.0794427394866943
15751,train,3.08929443359375
15752,train,3.058500289916992
15753,train,3.0294036865234375
15754,train,3.0450515747070312
15755,train,3.051846981048584
15756,train,3.029428720474243
15757,train,3.044720411300659
15758,train,3.069140672683716
15759,train,3.062990188598633
15760,train,3.046475887298584
15761,train,3.063807964324951
15762,train,3.0687055587768555
15763,train,3.068129062652588
15764,train,3.047266721725464
15765,train,3.0898687839508057
15766,train,3.0826659202575684
15767,train,3.034731149673462
15768,train,3.090744733810425
15769,train,3.054304838180542
15770,train,3.069331645965576
15771,train,3.042980670928955
15772,train,3.0294642448425293
15773,train,3.055474281311035
15774,train,3.0403921604156494
15775,train,3.022763252258301
15776,train,3.0541436672210693
15777,train,3.05241060256958
15778,train,3.051166534423828
15779,train,3.0907843112945557
15780,train,3.022449254989624
15781,train,3.0453600883483887
15782,train,3.046553373336792
15783,train,3.0654616355895996
15784,train,3.0214357376098633
15785,train,3.059195041656494
15786,train,3.04063081741333
15787,train,3.033252239227295
15788,train,3.0384278297424316
15789,train,3.0330569744110107
15790,train,3.006014108657837
15791,train,3.0758743286132812
15792,train,3.064084768295288
15793,train,3.0396780967712402
15794,train,3.0244288444519043
15795,train,3.0540871620178223
15796,train,3.078903913497925
15797,train,3.0670535564422607
15798,train,3.053921937942505
15799,train,3.0175132751464844
15800,train,3.0265755653381348
15800,val,3.038862466812134
15800,hellaswag,0.3020314678350926
15801,train,3.0666286945343018
15802,train,3.0168795585632324
15803,train,3.04465913772583
15804,train,3.0555238723754883
15805,train,3.0691347122192383
15806,train,3.0368294715881348
15807,train,3.070929527282715
15808,train,3.072059392929077
15809,train,3.043081521987915
15810,train,3.0139074325561523
15811,train,3.0574588775634766
15812,train,3.065349578857422
15813,train,3.0485970973968506
15814,train,3.0229978561401367
15815,train,3.0068092346191406
15816,train,3.0920915603637695
15817,train,3.069472312927246
15818,train,3.089571714401245
15819,train,3.071550130844116
15820,train,3.053356170654297
15821,train,3.0386788845062256
15822,train,3.063261032104492
15823,train,3.025413990020752
15824,train,3.0576419830322266
15825,train,3.0679829120635986
15826,train,3.0594406127929688
15827,train,3.0694074630737305
15828,train,3.0588746070861816
15829,train,3.0819098949432373
15830,train,3.067434787750244
15831,train,3.05318546295166
15832,train,3.0613319873809814
15833,train,3.0525758266448975
15834,train,3.0479016304016113
15835,train,3.064556121826172
15836,train,3.0407533645629883
15837,train,3.051067590713501
15838,train,3.054216146469116
15839,train,3.0386016368865967
15840,train,3.051549196243286
15841,train,3.0613040924072266
15842,train,3.083895683288574
15843,train,3.053114652633667
15844,train,3.0585885047912598
15845,train,3.0747995376586914
15846,train,3.0552945137023926
15847,train,3.0300710201263428
15848,train,3.038421392440796
15849,train,3.068863868713379
15850,train,3.0621228218078613
15851,train,3.05727219581604
15852,train,3.0410118103027344
15853,train,3.050909996032715
15854,train,3.04811954498291
15855,train,3.069674253463745
15856,train,3.0429043769836426
15857,train,3.018827438354492
15858,train,3.0114407539367676
15859,train,3.024184465408325
15860,train,3.0453388690948486
15861,train,3.0512804985046387
15862,train,3.025770425796509
15863,train,3.009615421295166
15864,train,3.0400285720825195
15865,train,3.0485992431640625
15866,train,3.0640859603881836
15867,train,3.034839153289795
15868,train,3.0263121128082275
15869,train,3.0230319499969482
15870,train,3.0787124633789062
15871,train,3.037942409515381
15872,train,3.070786237716675
15873,train,3.0457444190979004
15874,train,3.010645627975464
15875,train,3.018303871154785
15876,train,3.066441535949707
15877,train,3.060896873474121
15878,train,3.041325807571411
15879,train,3.066849708557129
15880,train,3.075470209121704
15881,train,3.0405750274658203
15882,train,3.0443997383117676
15883,train,3.0422677993774414
15884,train,3.0633106231689453
15885,train,3.0517172813415527
15886,train,3.039608955383301
15887,train,3.0543081760406494
15888,train,3.067589521408081
15889,train,3.072573661804199
15890,train,3.1029469966888428
15891,train,3.0257441997528076
15892,train,3.044741153717041
15893,train,3.056140422821045
15894,train,3.0611538887023926
15895,train,3.0373525619506836
15896,train,3.0657589435577393
15897,train,3.0394725799560547
15898,train,3.0626747608184814
15899,train,3.0697743892669678
15900,train,3.033313274383545
15900,val,3.0377309322357178
15900,hellaswag,0.30472017526389167
15901,train,3.0293807983398438
15902,train,3.0108275413513184
15903,train,3.0594284534454346
15904,train,3.095979690551758
15905,train,3.048617362976074
15906,train,3.0718460083007812
15907,train,3.058230400085449
15908,train,3.0622968673706055
15909,train,3.0588865280151367
15910,train,3.088589906692505
15911,train,3.0620198249816895
15912,train,3.056338310241699
15913,train,3.016801357269287
15914,train,3.046142578125
15915,train,3.042307138442993
15916,train,3.048398017883301
15917,train,3.0520029067993164
15918,train,3.0478639602661133
15919,train,3.0920028686523438
15920,train,3.0292625427246094
15921,train,3.0780348777770996
15922,train,3.074863910675049
15923,train,3.0533268451690674
15924,train,3.058502197265625
15925,train,3.0465288162231445
15926,train,3.070807933807373
15927,train,3.0587031841278076
15928,train,3.070945978164673
15929,train,3.046454429626465
15930,train,3.0439791679382324
15931,train,3.0471279621124268
15932,train,3.0522961616516113
15933,train,3.060671329498291
15934,train,3.053309679031372
15935,train,3.056230068206787
15936,train,3.0019233226776123
15937,train,3.0492916107177734
15938,train,3.032336950302124
15939,train,3.0828917026519775
15940,train,3.0773229598999023
15941,train,3.0496902465820312
15942,train,3.043851613998413
15943,train,3.0528717041015625
15944,train,3.053682804107666
15945,train,3.0705175399780273
15946,train,3.053762912750244
15947,train,3.040194034576416
15948,train,3.037684917449951
15949,train,3.0787370204925537
15950,train,3.041485071182251
15951,train,3.0582659244537354
15952,train,3.031898021697998
15953,train,3.051590919494629
15954,train,3.0406441688537598
15955,train,3.0645220279693604
15956,train,3.067592144012451
15957,train,3.0294837951660156
15958,train,3.0608201026916504
15959,train,3.0326247215270996
15960,train,3.070469856262207
15961,train,3.0606093406677246
15962,train,3.0828909873962402
15963,train,3.052185535430908
15964,train,3.066045045852661
15965,train,3.084174871444702
15966,train,3.0208992958068848
15967,train,3.053260326385498
15968,train,3.0527961254119873
15969,train,3.0615651607513428
15970,train,3.0242538452148438
15971,train,3.087355136871338
15972,train,3.0420336723327637
15973,train,3.0711896419525146
15974,train,3.0865726470947266
15975,train,3.054725170135498
15976,train,3.0020968914031982
15977,train,3.0515501499176025
15978,train,3.0520524978637695
15979,train,3.0727245807647705
15980,train,3.0795350074768066
15981,train,3.0429158210754395
15982,train,3.0648856163024902
15983,train,3.062927007675171
15984,train,3.0343894958496094
15985,train,3.087824821472168
15986,train,3.083561658859253
15987,train,3.0760750770568848
15988,train,3.072702169418335
15989,train,3.0534355640411377
15990,train,3.0708134174346924
15991,train,3.074282646179199
15992,train,3.018583297729492
15993,train,3.028597354888916
15994,train,3.0475668907165527
15995,train,3.0802459716796875
15996,train,3.037644386291504
15997,train,3.020720958709717
15998,train,3.0375843048095703
15999,train,3.0831732749938965
16000,train,3.039137840270996
16000,val,3.036585807800293
16000,hellaswag,0.3015335590519817
16001,train,3.065458297729492
16002,train,3.072836399078369
16003,train,3.04803204536438
16004,train,3.058210849761963
16005,train,3.0573019981384277
16006,train,3.0684242248535156
16007,train,3.0663673877716064
16008,train,3.0415236949920654
16009,train,3.055695056915283
16010,train,3.044917583465576
16011,train,3.0592141151428223
16012,train,3.0885844230651855
16013,train,3.059748649597168
16014,train,3.0439562797546387
16015,train,3.076758623123169
16016,train,3.0558900833129883
16017,train,3.0399179458618164
16018,train,3.046444892883301
16019,train,3.032686710357666
16020,train,3.0666162967681885
16021,train,3.06475830078125
16022,train,3.048403739929199
16023,train,3.063295841217041
16024,train,3.0939760208129883
16025,train,3.0673818588256836
16026,train,3.031301975250244
16027,train,3.0415778160095215
16028,train,3.0819382667541504
16029,train,3.0661814212799072
16030,train,3.0280933380126953
16031,train,3.08967924118042
16032,train,3.0846290588378906
16033,train,3.0548808574676514
16034,train,3.057565689086914
16035,train,3.0543928146362305
16036,train,3.0525240898132324
16037,train,3.0279603004455566
16038,train,3.0456337928771973
16039,train,3.0377159118652344
16040,train,3.0753679275512695
16041,train,3.0405726432800293
16042,train,3.034989833831787
16043,train,3.043283462524414
16044,train,3.047070026397705
16045,train,3.0776939392089844
16046,train,3.037846803665161
16047,train,3.0747756958007812
16048,train,3.0446457862854004
16049,train,3.0325043201446533
16050,train,3.075875759124756
16051,train,3.0368993282318115
16052,train,3.08168363571167
16053,train,3.018568277359009
16054,train,3.053699493408203
16055,train,3.0711421966552734
16056,train,3.086642265319824
16057,train,3.0729236602783203
16058,train,3.0450692176818848
16059,train,3.023611545562744
16060,train,3.0543785095214844
16061,train,3.062286853790283
16062,train,3.052048921585083
16063,train,3.040832281112671
16064,train,3.084488868713379
16065,train,3.0306177139282227
16066,train,3.0635318756103516
16067,train,3.0206050872802734
16068,train,3.02493953704834
16069,train,3.070112705230713
16070,train,3.077561855316162
16071,train,3.0713157653808594
16072,train,3.0752549171447754
16073,train,3.10162091255188
16074,train,3.0364584922790527
16075,train,3.0464189052581787
16076,train,3.023367166519165
16077,train,3.0295681953430176
16078,train,3.040750026702881
16079,train,3.03218936920166
16080,train,3.035529613494873
16081,train,3.0584933757781982
16082,train,3.017228126525879
16083,train,3.1089553833007812
16084,train,3.0381736755371094
16085,train,3.0515451431274414
16086,train,3.061110496520996
16087,train,3.047069549560547
16088,train,3.035578966140747
16089,train,3.0486674308776855
16090,train,3.0756213665008545
16091,train,3.0246975421905518
16092,train,3.0539302825927734
16093,train,3.0166594982147217
16094,train,3.051102638244629
16095,train,3.03102970123291
16096,train,3.072781801223755
16097,train,3.1224887371063232
16098,train,3.051403522491455
16099,train,3.0654091835021973
16100,train,3.0567097663879395
16100,val,3.0359230041503906
16100,hellaswag,0.3016331408086039
16101,train,3.058582305908203
16102,train,3.0505361557006836
16103,train,3.0589702129364014
16104,train,3.04975962638855
16105,train,3.01906681060791
16106,train,3.0378005504608154
16107,train,3.035869598388672
16108,train,3.050734519958496
16109,train,3.0691475868225098
16110,train,3.04052472114563
16111,train,3.0309336185455322
16112,train,3.0032458305358887
16113,train,3.0246996879577637
16114,train,3.0711898803710938
16115,train,3.0670502185821533
16116,train,3.07418155670166
16117,train,3.072397232055664
16118,train,3.056560516357422
16119,train,3.022202968597412
16120,train,3.0516042709350586
16121,train,3.0121381282806396
16122,train,3.0342817306518555
16123,train,3.0535202026367188
16124,train,3.0372021198272705
16125,train,3.046393871307373
16126,train,3.088338851928711
16127,train,3.045145034790039
16128,train,3.077200412750244
16129,train,3.0693607330322266
16130,train,3.0572962760925293
16131,train,3.0619258880615234
16132,train,3.0207395553588867
16133,train,3.05584454536438
16134,train,3.0646250247955322
16135,train,3.0621695518493652
16136,train,3.064202070236206
16137,train,3.057701587677002
16138,train,3.071298837661743
16139,train,3.07183837890625
16140,train,3.0797479152679443
16141,train,3.0721616744995117
16142,train,3.041097640991211
16143,train,3.0400583744049072
16144,train,3.056852340698242
16145,train,3.063960552215576
16146,train,3.0773239135742188
16147,train,3.049194812774658
16148,train,3.0753421783447266
16149,train,3.0653162002563477
16150,train,3.042285442352295
16151,train,3.0339722633361816
16152,train,3.0311965942382812
16153,train,3.0604002475738525
16154,train,3.0568861961364746
16155,train,3.0447030067443848
16156,train,3.0385358333587646
16157,train,3.012141227722168
16158,train,3.050255060195923
16159,train,3.053889751434326
16160,train,3.041640043258667
16161,train,3.071904420852661
16162,train,3.065373182296753
16163,train,3.045450210571289
16164,train,3.035980701446533
16165,train,3.058638334274292
16166,train,3.0771279335021973
16167,train,3.0214734077453613
16168,train,3.0768120288848877
16169,train,3.0675151348114014
16170,train,3.066359043121338
16171,train,3.036059617996216
16172,train,3.052114486694336
16173,train,3.0438709259033203
16174,train,3.0218122005462646
16175,train,3.060699462890625
16176,train,3.0550193786621094
16177,train,3.045407772064209
16178,train,3.0427122116088867
16179,train,3.048304319381714
16180,train,3.041449546813965
16181,train,3.0615789890289307
16182,train,3.074343681335449
16183,train,3.0489513874053955
16184,train,3.066779613494873
16185,train,3.0470070838928223
16186,train,3.064091205596924
16187,train,3.0391950607299805
16188,train,3.071437120437622
16189,train,3.06628155708313
16190,train,3.085663318634033
16191,train,3.0455222129821777
16192,train,3.06066632270813
16193,train,3.03714919090271
16194,train,3.039760112762451
16195,train,3.038092613220215
16196,train,3.092710256576538
16197,train,3.0607054233551025
16198,train,3.0123209953308105
16199,train,3.0534515380859375
16200,train,3.072455406188965
16200,val,3.0341835021972656
16200,hellaswag,0.304919338777136
16201,train,3.046759605407715
16202,train,3.0508270263671875
16203,train,3.049168586730957
16204,train,3.0448052883148193
16205,train,3.066524028778076
16206,train,3.0864064693450928
16207,train,3.012033462524414
16208,train,3.023733615875244
16209,train,3.027641773223877
16210,train,3.05421781539917
16211,train,3.049736261367798
16212,train,3.0327298641204834
16213,train,3.084510326385498
16214,train,3.0704026222229004
16215,train,3.0849123001098633
16216,train,3.0795207023620605
16217,train,3.0736470222473145
16218,train,3.056042194366455
16219,train,3.050614833831787
16220,train,3.009173631668091
16221,train,3.0829315185546875
16222,train,3.054450035095215
16223,train,3.03257417678833
16224,train,3.057894706726074
16225,train,3.0774426460266113
16226,train,3.055469512939453
16227,train,3.040925979614258
16228,train,3.047678232192993
16229,train,3.0513129234313965
16230,train,3.073866367340088
16231,train,3.0579493045806885
16232,train,3.077415704727173
16233,train,3.0661869049072266
16234,train,3.0231165885925293
16235,train,3.0419888496398926
16236,train,3.0316824913024902
16237,train,3.0568885803222656
16238,train,3.0152394771575928
16239,train,3.0559489727020264
16240,train,3.0748188495635986
16241,train,3.001655340194702
16242,train,3.0736031532287598
16243,train,3.08571195602417
16244,train,3.0497589111328125
16245,train,3.008103370666504
16246,train,3.0496110916137695
16247,train,3.0725722312927246
16248,train,3.026801109313965
16249,train,3.0459442138671875
16250,train,3.0290684700012207
16251,train,3.0264644622802734
16252,train,3.054081439971924
16253,train,3.0223097801208496
16254,train,3.068791627883911
16255,train,3.0416271686553955
16256,train,3.041059970855713
16257,train,3.0585196018218994
16258,train,3.019843578338623
16259,train,3.040167808532715
16260,train,3.0349674224853516
16261,train,3.0310049057006836
16262,train,3.022462844848633
16263,train,3.004065990447998
16264,train,3.0785534381866455
16265,train,3.0536692142486572
16266,train,3.0467824935913086
16267,train,3.0514841079711914
16268,train,3.055842399597168
16269,train,3.0357413291931152
16270,train,3.053476333618164
16271,train,3.080960750579834
16272,train,3.0670292377471924
16273,train,3.0696187019348145
16274,train,3.0484156608581543
16275,train,3.0295801162719727
16276,train,3.056051731109619
16277,train,3.031844139099121
16278,train,3.0308895111083984
16279,train,3.0620174407958984
16280,train,3.061802387237549
16281,train,3.0281224250793457
16282,train,3.054394483566284
16283,train,3.0355019569396973
16284,train,3.0633490085601807
16285,train,3.0333054065704346
16286,train,3.080289125442505
16287,train,3.0528993606567383
16288,train,3.038689613342285
16289,train,3.0430409908294678
16290,train,3.015481948852539
16291,train,3.03151798248291
16292,train,3.0485799312591553
16293,train,3.03342342376709
16294,train,2.9973959922790527
16295,train,3.0416908264160156
16296,train,3.019078493118286
16297,train,3.0735464096069336
16298,train,3.0591788291931152
16299,train,3.017500638961792
16300,train,3.040364980697632
16300,val,3.033107280731201
16300,hellaswag,0.3036247759410476
16301,train,2.987610340118408
16302,train,3.087432622909546
16303,train,3.0505025386810303
16304,train,3.0364692211151123
16305,train,3.047562599182129
16306,train,3.0323760509490967
16307,train,3.0630061626434326
16308,train,3.0573549270629883
16309,train,3.0349373817443848
16310,train,3.0342156887054443
16311,train,3.0461177825927734
16312,train,3.0516843795776367
16313,train,3.0183000564575195
16314,train,3.061858654022217
16315,train,3.0319159030914307
16316,train,3.034987211227417
16317,train,3.0558133125305176
16318,train,3.070629596710205
16319,train,3.046485662460327
16320,train,3.042539596557617
16321,train,3.063265800476074
16322,train,3.0807580947875977
16323,train,3.0547714233398438
16324,train,3.0479726791381836
16325,train,3.069566011428833
16326,train,3.046024799346924
16327,train,3.0272107124328613
16328,train,3.032773971557617
16329,train,3.057978630065918
16330,train,3.0405564308166504
16331,train,3.0702853202819824
16332,train,3.0282087326049805
16333,train,3.030695676803589
16334,train,3.0655674934387207
16335,train,3.046010971069336
16336,train,3.0967769622802734
16337,train,3.0590126514434814
16338,train,3.0471785068511963
16339,train,3.0268702507019043
16340,train,3.06691837310791
16341,train,3.0691137313842773
16342,train,3.0673248767852783
16343,train,3.0595829486846924
16344,train,3.0346407890319824
16345,train,3.0623223781585693
16346,train,3.053696632385254
16347,train,3.0582189559936523
16348,train,3.0740251541137695
16349,train,3.048733711242676
16350,train,3.044877529144287
16351,train,3.044394016265869
16352,train,3.048001766204834
16353,train,3.054196357727051
16354,train,3.034572124481201
16355,train,3.0630416870117188
16356,train,3.0508620738983154
16357,train,3.0506110191345215
16358,train,3.0717344284057617
16359,train,3.0404348373413086
16360,train,3.067415475845337
16361,train,3.071124315261841
16362,train,3.063406467437744
16363,train,3.070895195007324
16364,train,3.042396068572998
16365,train,3.0533523559570312
16366,train,3.042233943939209
16367,train,3.0302011966705322
16368,train,3.033810615539551
16369,train,3.0226893424987793
16370,train,3.075670003890991
16371,train,3.0366573333740234
16372,train,3.0639681816101074
16373,train,3.0493292808532715
16374,train,3.0782127380371094
16375,train,3.046180248260498
16376,train,3.0589756965637207
16377,train,3.059725046157837
16378,train,3.0806355476379395
16379,train,3.068321943283081
16380,train,3.025128126144409
16381,train,3.055440902709961
16382,train,3.048412799835205
16383,train,3.0562596321105957
16384,train,3.0596907138824463
16385,train,3.053595542907715
16386,train,3.0855093002319336
16387,train,3.059587001800537
16388,train,3.059474229812622
16389,train,3.0449347496032715
16390,train,3.043583869934082
16391,train,3.026761531829834
16392,train,3.040745735168457
16393,train,3.0261614322662354
16394,train,3.0721209049224854
16395,train,3.0213022232055664
16396,train,3.0363779067993164
16397,train,3.0185649394989014
16398,train,3.0452563762664795
16399,train,3.062011480331421
16400,train,3.047245740890503
16400,val,3.0330097675323486
16400,hellaswag,0.30462059350726944
16401,train,3.0775132179260254
16402,train,3.0523900985717773
16403,train,3.0577573776245117
16404,train,3.0533576011657715
16405,train,3.037343978881836
16406,train,3.0663208961486816
16407,train,3.085036277770996
16408,train,3.059049129486084
16409,train,3.0149731636047363
16410,train,3.0658681392669678
16411,train,3.081272840499878
16412,train,3.055391550064087
16413,train,3.049454689025879
16414,train,3.049787998199463
16415,train,3.0585432052612305
16416,train,3.0268735885620117
16417,train,3.060678482055664
16418,train,3.0567493438720703
16419,train,3.045977830886841
16420,train,3.0161986351013184
16421,train,3.0591466426849365
16422,train,3.037830352783203
16423,train,3.073637008666992
16424,train,3.0616745948791504
16425,train,3.068800926208496
16426,train,3.0416619777679443
16427,train,3.0375068187713623
16428,train,3.050215005874634
16429,train,3.0618834495544434
16430,train,3.0711350440979004
16431,train,3.035167932510376
16432,train,3.0397961139678955
16433,train,3.0462656021118164
16434,train,3.0800485610961914
16435,train,3.045167922973633
16436,train,3.0615906715393066
16437,train,3.0414257049560547
16438,train,3.0499866008758545
16439,train,3.0681989192962646
16440,train,3.042121410369873
16441,train,3.0213711261749268
16442,train,3.0637528896331787
16443,train,3.0367746353149414
16444,train,3.0548548698425293
16445,train,3.097585678100586
16446,train,3.046107530593872
16447,train,3.058087110519409
16448,train,3.0342321395874023
16449,train,3.0440683364868164
16450,train,3.056546688079834
16451,train,3.0373878479003906
16452,train,3.0295827388763428
16453,train,3.079474925994873
16454,train,3.0489614009857178
16455,train,3.054178237915039
16456,train,3.0449435710906982
16457,train,3.0729517936706543
16458,train,3.0731658935546875
16459,train,3.0375003814697266
16460,train,3.062819719314575
16461,train,3.0201640129089355
16462,train,3.04071307182312
16463,train,3.0798330307006836
16464,train,3.038003444671631
16465,train,3.0711255073547363
16466,train,3.030442953109741
16467,train,3.036074638366699
16468,train,3.0438952445983887
16469,train,3.0438194274902344
16470,train,3.028409719467163
16471,train,3.052191734313965
16472,train,3.0693862438201904
16473,train,3.0632357597351074
16474,train,3.0307140350341797
16475,train,3.042484760284424
16476,train,3.0261502265930176
16477,train,3.0528976917266846
16478,train,3.037691354751587
16479,train,3.0511436462402344
16480,train,3.0218558311462402
16481,train,3.0455939769744873
16482,train,3.042839527130127
16483,train,3.0551066398620605
16484,train,3.014519453048706
16485,train,3.0436930656433105
16486,train,3.082098960876465
16487,train,3.038494348526001
16488,train,3.0397632122039795
16489,train,3.037649154663086
16490,train,3.065324068069458
16491,train,3.0500564575195312
16492,train,3.0390543937683105
16493,train,3.0688183307647705
16494,train,3.041865348815918
16495,train,3.0568947792053223
16496,train,3.0244078636169434
16497,train,3.0447628498077393
16498,train,3.0746893882751465
16499,train,3.0267231464385986
16500,train,3.0428566932678223
16500,val,3.032280445098877
16500,hellaswag,0.30342561242780325
16501,train,3.035710334777832
16502,train,3.0498180389404297
16503,train,3.043436288833618
16504,train,3.04952335357666
16505,train,3.0807695388793945
16506,train,3.08724308013916
16507,train,3.019981861114502
16508,train,3.064175605773926
16509,train,3.01074481010437
16510,train,3.0253753662109375
16511,train,3.020519733428955
16512,train,3.03478741645813
16513,train,3.0522665977478027
16514,train,3.0455946922302246
16515,train,3.003446340560913
16516,train,3.051527976989746
16517,train,3.0522966384887695
16518,train,3.0388131141662598
16519,train,3.0817620754241943
16520,train,3.0278310775756836
16521,train,3.034836769104004
16522,train,3.0590083599090576
16523,train,3.0396616458892822
16524,train,3.0535950660705566
16525,train,3.038508176803589
16526,train,3.0310182571411133
16527,train,3.0450234413146973
16528,train,3.056711196899414
16529,train,3.0429062843322754
16530,train,3.0329959392547607
16531,train,3.0644712448120117
16532,train,3.0276191234588623
16533,train,3.016494035720825
16534,train,3.031395673751831
16535,train,3.032778263092041
16536,train,3.059464693069458
16537,train,3.0486040115356445
16538,train,3.0450382232666016
16539,train,3.044661045074463
16540,train,3.0188803672790527
16541,train,3.056070327758789
16542,train,3.0342350006103516
16543,train,3.02302622795105
16544,train,3.0435469150543213
16545,train,3.041884660720825
16546,train,3.052814245223999
16547,train,3.0237207412719727
16548,train,3.0171308517456055
16549,train,3.068631172180176
16550,train,3.051283359527588
16551,train,3.0475056171417236
16552,train,3.037292957305908
16553,train,3.1125569343566895
16554,train,3.0373966693878174
16555,train,3.062321186065674
16556,train,3.052262783050537
16557,train,3.0327398777008057
16558,train,3.002135753631592
16559,train,3.0241236686706543
16560,train,3.0511457920074463
16561,train,3.024904489517212
16562,train,3.0194735527038574
16563,train,3.055290699005127
16564,train,3.0754270553588867
16565,train,3.0040502548217773
16566,train,3.0236318111419678
16567,train,3.0253448486328125
16568,train,3.014925479888916
16569,train,3.022181749343872
16570,train,3.0188398361206055
16571,train,3.021366596221924
16572,train,3.078451633453369
16573,train,3.0142405033111572
16574,train,3.044140100479126
16575,train,3.0448837280273438
16576,train,3.0491018295288086
16577,train,3.0642004013061523
16578,train,3.0252127647399902
16579,train,3.0488317012786865
16580,train,3.0274758338928223
16581,train,3.0601658821105957
16582,train,3.0662994384765625
16583,train,3.02170467376709
16584,train,3.0385146141052246
16585,train,3.04176664352417
16586,train,3.0323948860168457
16587,train,2.997448682785034
16588,train,3.0601091384887695
16589,train,3.0322089195251465
16590,train,3.0446455478668213
16591,train,3.0546042919158936
16592,train,3.041200876235962
16593,train,3.061262369155884
16594,train,3.0544261932373047
16595,train,3.0753750801086426
16596,train,3.0191569328308105
16597,train,3.0504212379455566
16598,train,3.0172266960144043
16599,train,3.050741195678711
16600,train,3.044365882873535
16600,val,3.031670093536377
16600,hellaswag,0.3016331408086039
16601,train,3.0532641410827637
16602,train,3.0520901679992676
16603,train,3.0450942516326904
16604,train,3.077467441558838
16605,train,3.059316635131836
16606,train,3.0207488536834717
16607,train,3.0747933387756348
16608,train,3.0243771076202393
16609,train,3.0491700172424316
16610,train,3.0433547496795654
16611,train,3.0426130294799805
16612,train,3.028233766555786
16613,train,3.0473923683166504
16614,train,3.051349639892578
16615,train,3.007507562637329
16616,train,3.045161485671997
16617,train,3.026808738708496
16618,train,3.0489344596862793
16619,train,3.005425214767456
16620,train,3.053750514984131
16621,train,3.0495431423187256
16622,train,3.0395240783691406
16623,train,3.0393073558807373
16624,train,3.0379834175109863
16625,train,3.067176342010498
16626,train,3.0426671504974365
16627,train,3.0507121086120605
16628,train,3.0456976890563965
16629,train,3.031632900238037
16630,train,3.043647289276123
16631,train,3.0508265495300293
16632,train,3.065854549407959
16633,train,3.0563879013061523
16634,train,3.025733232498169
16635,train,3.044589042663574
16636,train,2.991809368133545
16637,train,3.0205729007720947
16638,train,3.055738687515259
16639,train,3.0627822875976562
16640,train,3.060060739517212
16641,train,3.0522310733795166
16642,train,3.0192127227783203
16643,train,3.0327322483062744
16644,train,3.045471668243408
16645,train,3.0482635498046875
16646,train,3.044161319732666
16647,train,3.081453323364258
16648,train,3.0575928688049316
16649,train,3.0364089012145996
16650,train,3.076519012451172
16651,train,3.0492501258850098
16652,train,3.0676088333129883
16653,train,3.072080373764038
16654,train,3.0503976345062256
16655,train,3.0380654335021973
16656,train,3.011288642883301
16657,train,3.010363817214966
16658,train,3.0463368892669678
16659,train,3.073756217956543
16660,train,3.029714822769165
16661,train,3.066352367401123
16662,train,3.055229663848877
16663,train,3.0279128551483154
16664,train,3.0708367824554443
16665,train,3.038173198699951
16666,train,3.0042059421539307
16667,train,3.039971351623535
16668,train,3.054899215698242
16669,train,3.0596933364868164
16670,train,3.0316550731658936
16671,train,3.058910608291626
16672,train,3.0455451011657715
16673,train,3.002824068069458
16674,train,3.0168652534484863
16675,train,3.0245893001556396
16676,train,3.0385007858276367
16677,train,3.0348899364471436
16678,train,3.054241180419922
16679,train,3.0765748023986816
16680,train,3.0172080993652344
16681,train,3.045351505279541
16682,train,3.0195260047912598
16683,train,3.033238172531128
16684,train,3.070791006088257
16685,train,3.077289581298828
16686,train,3.012457847595215
16687,train,3.0327439308166504
16688,train,3.0310583114624023
16689,train,3.017390727996826
16690,train,3.0561890602111816
16691,train,3.006338119506836
16692,train,3.0509932041168213
16693,train,3.0520200729370117
16694,train,3.0508317947387695
16695,train,3.0572988986968994
16696,train,3.0249767303466797
16697,train,3.0781829357147217
16698,train,3.013110637664795
16699,train,3.0344810485839844
16700,train,3.028770923614502
16700,val,3.0304455757141113
16700,hellaswag,0.30252937661820356
16701,train,3.0185601711273193
16702,train,3.0319950580596924
16703,train,3.002716064453125
16704,train,3.023772954940796
16705,train,3.018742799758911
16706,train,3.0693349838256836
16707,train,3.0764517784118652
16708,train,3.029315233230591
16709,train,3.0289206504821777
16710,train,3.06591796875
16711,train,3.027021884918213
16712,train,3.0295963287353516
16713,train,3.01185941696167
16714,train,3.07645320892334
16715,train,3.050319194793701
16716,train,3.0580520629882812
16717,train,3.0111541748046875
16718,train,3.038243055343628
16719,train,3.022794723510742
16720,train,3.018378734588623
16721,train,3.058468818664551
16722,train,3.0241620540618896
16723,train,3.0356597900390625
16724,train,3.0416040420532227
16725,train,3.033616304397583
16726,train,3.0586600303649902
16727,train,3.0298542976379395
16728,train,3.014800548553467
16729,train,3.075439453125
16730,train,3.0424070358276367
16731,train,3.0272088050842285
16732,train,3.041138172149658
16733,train,3.035276174545288
16734,train,3.0546765327453613
16735,train,3.0072576999664307
16736,train,3.0315937995910645
16737,train,3.023024082183838
16738,train,3.0428223609924316
16739,train,3.045759677886963
16740,train,3.0450849533081055
16741,train,3.0782618522644043
16742,train,3.0468811988830566
16743,train,3.0299415588378906
16744,train,3.007721424102783
16745,train,3.029125690460205
16746,train,3.0302798748016357
16747,train,3.037088394165039
16748,train,3.015700340270996
16749,train,3.0246028900146484
16750,train,3.0322985649108887
16751,train,3.0193052291870117
16752,train,3.0284483432769775
16753,train,3.0250189304351807
16754,train,3.018634557723999
16755,train,3.0011253356933594
16756,train,3.0087485313415527
16757,train,3.0454421043395996
16758,train,2.9964213371276855
16759,train,3.0256714820861816
16760,train,3.048841714859009
16761,train,3.0444297790527344
16762,train,3.050431728363037
16763,train,3.0363125801086426
16764,train,3.049656391143799
16765,train,3.075899124145508
16766,train,3.0648767948150635
16767,train,3.0066943168640137
16768,train,3.052067756652832
16769,train,3.050912380218506
16770,train,3.002115488052368
16771,train,3.0478925704956055
16772,train,2.993421792984009
16773,train,3.0303235054016113
16774,train,3.0517959594726562
16775,train,3.024460792541504
16776,train,3.064223527908325
16777,train,2.9971230030059814
16778,train,3.0409536361694336
16779,train,3.0476250648498535
16780,train,2.992203712463379
16781,train,3.013915538787842
16782,train,3.0393855571746826
16783,train,3.000092029571533
16784,train,3.0348520278930664
16785,train,2.9908533096313477
16786,train,3.0491786003112793
16787,train,3.030165672302246
16788,train,3.0275745391845703
16789,train,3.082913875579834
16790,train,3.0143113136291504
16791,train,3.032538890838623
16792,train,3.0485334396362305
16793,train,3.0541787147521973
16794,train,3.0324318408966064
16795,train,3.0310609340667725
16796,train,3.047821044921875
16797,train,3.036050319671631
16798,train,3.017956495285034
16799,train,3.0173821449279785
16800,train,3.061617612838745
16800,val,3.0295333862304688
16800,hellaswag,0.30233021310495917
16801,train,3.0439209938049316
16802,train,3.037501096725464
16803,train,3.028844118118286
16804,train,2.9938740730285645
16805,train,3.0407392978668213
16806,train,3.034654140472412
16807,train,2.99665904045105
16808,train,3.010119676589966
16809,train,3.008391857147217
16810,train,3.022871494293213
16811,train,3.0221643447875977
16812,train,3.0056238174438477
16813,train,3.022771120071411
16814,train,3.0063326358795166
16815,train,3.042724609375
16816,train,3.029470205307007
16817,train,3.0800588130950928
16818,train,3.0386674404144287
16819,train,3.0080809593200684
16820,train,3.014482259750366
16821,train,3.040752649307251
16822,train,3.0174002647399902
16823,train,3.030358076095581
16824,train,3.0180087089538574
16825,train,3.046344041824341
16826,train,3.036212682723999
16827,train,3.036071538925171
16828,train,3.01822566986084
16829,train,2.984250545501709
16830,train,2.98948073387146
16831,train,3.046074390411377
16832,train,3.0405361652374268
16833,train,3.031705379486084
16834,train,3.0142524242401123
16835,train,3.043961763381958
16836,train,3.016573429107666
16837,train,3.023904323577881
16838,train,3.029064178466797
16839,train,3.006080150604248
16840,train,2.9532179832458496
16841,train,3.0415759086608887
16842,train,3.0275065898895264
16843,train,3.0328800678253174
16844,train,3.0559329986572266
16845,train,3.021021604537964
16846,train,3.044304132461548
16847,train,3.043135643005371
16848,train,3.0152013301849365
16849,train,3.0228121280670166
16850,train,3.03957462310791
16851,train,3.0160889625549316
16852,train,2.9842710494995117
16853,train,3.0332765579223633
16854,train,2.9770421981811523
16855,train,3.029914617538452
16856,train,3.044041872024536
16857,train,3.031892776489258
16858,train,3.013197660446167
16859,train,3.022134780883789
16860,train,3.01657772064209
16861,train,3.016359806060791
16862,train,3.022296905517578
16863,train,3.028103828430176
16864,train,3.0705480575561523
16865,train,3.024226665496826
16866,train,3.0296125411987305
16867,train,3.009138345718384
16868,train,3.0274903774261475
16869,train,3.03189754486084
16870,train,3.003472328186035
16871,train,3.0591282844543457
16872,train,3.0092740058898926
16873,train,2.991994619369507
16874,train,3.0145673751831055
16875,train,3.0685436725616455
16876,train,3.034993886947632
16877,train,3.020320415496826
16878,train,3.0809178352355957
16879,train,3.0367770195007324
16880,train,3.0362818241119385
16881,train,3.0506489276885986
16882,train,3.057185649871826
16883,train,3.0405142307281494
16884,train,3.053372383117676
16885,train,3.0717737674713135
16886,train,3.036179304122925
16887,train,3.0266542434692383
16888,train,3.0380868911743164
16889,train,3.063664197921753
16890,train,3.04400897026062
16891,train,3.058336019515991
16892,train,3.0142769813537598
16893,train,3.0372719764709473
16894,train,3.052238702774048
16895,train,3.0668346881866455
16896,train,3.031764507293701
16897,train,3.0042991638183594
16898,train,3.0692696571350098
16899,train,3.0528926849365234
16900,train,3.056638240814209
16900,val,3.0293126106262207
16900,hellaswag,0.3028281218880701
16901,train,3.04788875579834
16902,train,3.0653491020202637
16903,train,3.0550684928894043
16904,train,3.0149707794189453
16905,train,3.054861068725586
16906,train,3.0441431999206543
16907,train,3.0646748542785645
16908,train,3.0519676208496094
16909,train,3.0649759769439697
16910,train,3.0644140243530273
16911,train,3.01867938041687
16912,train,3.060553550720215
16913,train,3.0524158477783203
16914,train,3.0459437370300293
16915,train,3.0321476459503174
16916,train,3.0627501010894775
16917,train,3.0472335815429688
16918,train,3.080656051635742
16919,train,3.0602946281433105
16920,train,3.0535380840301514
16921,train,3.0226311683654785
16922,train,3.0505363941192627
16923,train,3.072547435760498
16924,train,3.048123836517334
16925,train,3.040600061416626
16926,train,3.0581538677215576
16927,train,3.0695953369140625
16928,train,3.034210681915283
16929,train,3.0568277835845947
16930,train,3.070011615753174
16931,train,3.049245834350586
16932,train,3.040658950805664
16933,train,3.0791432857513428
16934,train,3.0478808879852295
16935,train,3.08616042137146
16936,train,3.027453660964966
16937,train,3.0472021102905273
16938,train,3.0296287536621094
16939,train,3.0458152294158936
16940,train,3.0841639041900635
16941,train,3.0545897483825684
16942,train,3.0480504035949707
16943,train,3.056162118911743
16944,train,3.0628888607025146
16945,train,3.0511934757232666
16946,train,3.0766782760620117
16947,train,3.0486464500427246
16948,train,3.0757572650909424
16949,train,3.063370704650879
16950,train,3.0344057083129883
16951,train,3.0301284790039062
16952,train,3.045055866241455
16953,train,3.0442569255828857
16954,train,3.0516293048858643
16955,train,3.040346145629883
16956,train,3.0144906044006348
16957,train,3.042323589324951
16958,train,3.0244131088256836
16959,train,3.0272319316864014
16960,train,3.050706624984741
16961,train,3.051326274871826
16962,train,3.024083375930786
16963,train,3.0378520488739014
16964,train,3.0468990802764893
16965,train,3.038214921951294
16966,train,3.0285532474517822
16967,train,3.0186853408813477
16968,train,3.0593137741088867
16969,train,3.0752627849578857
16970,train,3.063706874847412
16971,train,3.034611225128174
16972,train,3.039841413497925
16973,train,3.0441579818725586
16974,train,2.998274564743042
16975,train,3.015089511871338
16976,train,3.033073902130127
16977,train,3.0298566818237305
16978,train,3.0522518157958984
16979,train,3.01922869682312
16980,train,3.0125625133514404
16981,train,3.0349268913269043
16982,train,3.0410022735595703
16983,train,3.068458318710327
16984,train,3.0196645259857178
16985,train,3.0386948585510254
16986,train,3.0224084854125977
16987,train,3.046074867248535
16988,train,3.084181308746338
16989,train,3.0603485107421875
16990,train,3.047771453857422
16991,train,3.0374093055725098
16992,train,3.0493650436401367
16993,train,3.0668909549713135
16994,train,3.0312957763671875
16995,train,3.038707733154297
16996,train,3.066323757171631
16997,train,3.0865485668182373
16998,train,3.047163248062134
16999,train,3.0107932090759277
17000,train,3.0399162769317627
17000,val,3.028308868408203
17000,hellaswag,0.3043218482374029
17001,train,3.057168483734131
17002,train,3.062404155731201
17003,train,3.0280654430389404
17004,train,3.0288259983062744
17005,train,3.0252721309661865
17006,train,3.0448567867279053
17007,train,3.0387625694274902
17008,train,3.043431520462036
17009,train,3.060556173324585
17010,train,3.0613462924957275
17011,train,3.022073268890381
17012,train,3.0310330390930176
17013,train,3.0210282802581787
17014,train,3.0211710929870605
17015,train,3.031418800354004
17016,train,3.030308246612549
17017,train,3.009354591369629
17018,train,3.0507633686065674
17019,train,3.0620927810668945
17020,train,3.054381847381592
17021,train,3.036855936050415
17022,train,3.0571532249450684
17023,train,3.0425021648406982
17024,train,3.0616087913513184
17025,train,2.995317220687866
17026,train,3.0172808170318604
17027,train,3.01497745513916
17028,train,3.0450520515441895
17029,train,3.068859338760376
17030,train,3.0566494464874268
17031,train,3.049992084503174
17032,train,3.046588659286499
17033,train,3.0584263801574707
17034,train,3.0349221229553223
17035,train,3.023076057434082
17036,train,3.020610809326172
17037,train,3.0558555126190186
17038,train,3.0957977771759033
17039,train,3.0595479011535645
17040,train,3.0730748176574707
17041,train,3.032841920852661
17042,train,3.075026512145996
17043,train,3.0177040100097656
17044,train,3.072676658630371
17045,train,3.042076349258423
17046,train,3.0591259002685547
17047,train,3.039450168609619
17048,train,3.0242056846618652
17049,train,3.025282859802246
17050,train,3.015763759613037
17051,train,3.032412052154541
17052,train,3.074021816253662
17053,train,3.04276704788208
17054,train,3.0254693031311035
17055,train,3.0550694465637207
17056,train,3.0216293334960938
17057,train,3.04844331741333
17058,train,3.0363903045654297
17059,train,3.0210072994232178
17060,train,3.0563740730285645
17061,train,3.009828567504883
17062,train,3.0289993286132812
17063,train,3.0450782775878906
17064,train,3.0252890586853027
17065,train,3.0108375549316406
17066,train,3.013972759246826
17067,train,3.019258975982666
17068,train,3.0142929553985596
17069,train,3.033083915710449
17070,train,3.012166738510132
17071,train,3.067483425140381
17072,train,3.040851593017578
17073,train,3.0492916107177734
17074,train,3.022744655609131
17075,train,3.053187131881714
17076,train,3.0438101291656494
17077,train,3.036569833755493
17078,train,3.032501697540283
17079,train,3.040773868560791
17080,train,3.036747455596924
17081,train,3.0233042240142822
17082,train,3.047832489013672
17083,train,3.04032301902771
17084,train,3.039992570877075
17085,train,3.015915870666504
17086,train,3.0293736457824707
17087,train,3.0673506259918213
17088,train,3.0538241863250732
17089,train,3.0751900672912598
17090,train,3.0399293899536133
17091,train,3.0277063846588135
17092,train,3.0345003604888916
17093,train,3.030552387237549
17094,train,3.041306972503662
17095,train,3.05220890045166
17096,train,3.0252976417541504
17097,train,3.043731451034546
17098,train,3.04703950881958
17099,train,3.048208236694336
17100,train,3.0151116847991943
17100,val,3.02744722366333
17100,hellaswag,0.30193188607847044
17101,train,3.066824197769165
17102,train,3.0586588382720947
17103,train,3.0023090839385986
17104,train,3.0016322135925293
17105,train,3.045628070831299
17106,train,3.035487174987793
17107,train,3.0474255084991455
17108,train,3.064265251159668
17109,train,3.044405460357666
17110,train,3.044450044631958
17111,train,3.024111747741699
17112,train,3.041126012802124
17113,train,3.0130488872528076
17114,train,3.030686855316162
17115,train,3.010197877883911
17116,train,3.0461626052856445
17117,train,3.0500621795654297
17118,train,3.0379996299743652
17119,train,3.0451748371124268
17120,train,3.044123649597168
17121,train,3.0231916904449463
17122,train,3.03179669380188
17123,train,2.9991605281829834
17124,train,3.0458874702453613
17125,train,3.0561821460723877
17126,train,3.0174100399017334
17127,train,3.034886121749878
17128,train,3.0371084213256836
17129,train,3.042631149291992
17130,train,3.023113489151001
17131,train,3.0433120727539062
17132,train,3.0444133281707764
17133,train,3.030139446258545
17134,train,3.0283689498901367
17135,train,3.038442611694336
17136,train,3.075881004333496
17137,train,3.0437614917755127
17138,train,3.018857479095459
17139,train,3.0902099609375
17140,train,3.000797748565674
17141,train,3.0001344680786133
17142,train,3.049105167388916
17143,train,3.040412187576294
17144,train,3.031574249267578
17145,train,3.0157277584075928
17146,train,3.0372207164764404
17147,train,3.0354480743408203
17148,train,3.042572259902954
17149,train,2.9951717853546143
17150,train,3.0576059818267822
17151,train,3.027696132659912
17152,train,3.0447912216186523
17153,train,3.0428829193115234
17154,train,3.0228936672210693
17155,train,2.992065668106079
17156,train,3.0489726066589355
17157,train,3.0542774200439453
17158,train,3.001682996749878
17159,train,3.0525546073913574
17160,train,3.028031587600708
17161,train,3.0497255325317383
17162,train,3.053152322769165
17163,train,3.051701545715332
17164,train,3.0585885047912598
17165,train,3.0356783866882324
17166,train,3.0426440238952637
17167,train,3.0703518390655518
17168,train,3.0250284671783447
17169,train,3.0205025672912598
17170,train,3.0316221714019775
17171,train,3.059208631515503
17172,train,3.056154251098633
17173,train,3.0642199516296387
17174,train,3.051504373550415
17175,train,2.989668607711792
17176,train,2.99796724319458
17177,train,3.050898313522339
17178,train,3.038484573364258
17179,train,3.0203189849853516
17180,train,2.9973068237304688
17181,train,3.0611839294433594
17182,train,3.032118797302246
17183,train,3.0485923290252686
17184,train,3.0258595943450928
17185,train,3.0312211513519287
17186,train,3.0425384044647217
17187,train,3.0783915519714355
17188,train,3.0233449935913086
17189,train,2.991593360900879
17190,train,3.0262579917907715
17191,train,3.0548548698425293
17192,train,3.0128002166748047
17193,train,2.993696928024292
17194,train,3.0550055503845215
17195,train,3.0528385639190674
17196,train,3.045269012451172
17197,train,3.0355169773101807
17198,train,3.036249876022339
17199,train,3.0359888076782227
17200,train,3.034747838973999
17200,val,3.0267906188964844
17200,hellaswag,0.3009360685122486
17201,train,2.9950368404388428
17202,train,3.0283684730529785
17203,train,2.989924669265747
17204,train,3.0129659175872803
17205,train,3.0349009037017822
17206,train,3.03191876411438
17207,train,3.0242552757263184
17208,train,3.0066821575164795
17209,train,3.046266555786133
17210,train,3.0279250144958496
17211,train,3.0539445877075195
17212,train,3.008533239364624
17213,train,3.0730388164520264
17214,train,3.0464377403259277
17215,train,2.9922187328338623
17216,train,3.0408005714416504
17217,train,3.013021469116211
17218,train,3.0399370193481445
17219,train,3.067579746246338
17220,train,3.0788564682006836
17221,train,3.053194761276245
17222,train,3.016111373901367
17223,train,3.0567359924316406
17224,train,2.9821250438690186
17225,train,3.030524969100952
17226,train,2.990145206451416
17227,train,3.042473793029785
17228,train,3.0164480209350586
17229,train,2.9948368072509766
17230,train,3.005826234817505
17231,train,3.0267577171325684
17232,train,3.036285877227783
17233,train,3.0457777976989746
17234,train,3.0079264640808105
17235,train,3.0363707542419434
17236,train,3.0218701362609863
17237,train,3.0214600563049316
17238,train,2.999084711074829
17239,train,3.022508144378662
17240,train,3.022848129272461
17241,train,3.076831102371216
17242,train,3.0161454677581787
17243,train,3.028115749359131
17244,train,3.0109643936157227
17245,train,3.036113739013672
17246,train,3.0305988788604736
17247,train,3.0417540073394775
17248,train,3.038177013397217
17249,train,3.0382351875305176
17250,train,3.0454628467559814
17251,train,3.0400314331054688
17252,train,3.059612274169922
17253,train,3.0262789726257324
17254,train,3.0351974964141846
17255,train,2.9889273643493652
17256,train,3.0129573345184326
17257,train,3.017915725708008
17258,train,3.0171141624450684
17259,train,2.9944748878479004
17260,train,3.0450310707092285
17261,train,3.078758716583252
17262,train,3.0443520545959473
17263,train,3.0419325828552246
17264,train,3.0632388591766357
17265,train,3.057086944580078
17266,train,3.047431230545044
17267,train,3.0569074153900146
17268,train,3.0439815521240234
17269,train,3.035083293914795
17270,train,3.0200281143188477
17271,train,3.038614273071289
17272,train,3.0461902618408203
17273,train,3.0471487045288086
17274,train,3.0217719078063965
17275,train,3.0295753479003906
17276,train,3.0640344619750977
17277,train,3.061211585998535
17278,train,2.9875519275665283
17279,train,3.043672800064087
17280,train,3.0281929969787598
17281,train,3.0754008293151855
17282,train,3.0257937908172607
17283,train,3.0676698684692383
17284,train,3.045619487762451
17285,train,3.039179801940918
17286,train,3.051436185836792
17287,train,3.043200731277466
17288,train,3.023761034011841
17289,train,3.0090548992156982
17290,train,3.051914691925049
17291,train,3.056293487548828
17292,train,3.033529043197632
17293,train,3.0398378372192383
17294,train,3.09218692779541
17295,train,3.0191726684570312
17296,train,3.026296615600586
17297,train,3.0753376483917236
17298,train,3.0423786640167236
17299,train,3.011368751525879
17300,train,3.0435280799865723
17300,val,3.026000499725342
17300,hellaswag,0.3043218482374029
17301,train,3.0190577507019043
17302,train,3.039123773574829
17303,train,3.0450799465179443
17304,train,3.035097599029541
17305,train,3.0518221855163574
17306,train,3.0458412170410156
17307,train,3.0504817962646484
17308,train,2.9831016063690186
17309,train,3.0582475662231445
17310,train,3.0355780124664307
17311,train,3.002213478088379
17312,train,3.05961275100708
17313,train,3.0268454551696777
17314,train,3.0522408485412598
17315,train,3.0628323554992676
17316,train,3.0307464599609375
17317,train,3.052042007446289
17318,train,3.02236008644104
17319,train,3.048229694366455
17320,train,3.0377702713012695
17321,train,3.040020227432251
17322,train,3.0230281352996826
17323,train,3.0367178916931152
17324,train,3.0576512813568115
17325,train,3.0712881088256836
17326,train,3.0258285999298096
17327,train,3.0108208656311035
17328,train,3.0298829078674316
17329,train,3.0183558464050293
17330,train,3.0128703117370605
17331,train,3.0340957641601562
17332,train,3.060455083847046
17333,train,3.0505566596984863
17334,train,3.0038461685180664
17335,train,3.0422143936157227
17336,train,3.0649895668029785
17337,train,3.041433095932007
17338,train,3.0465824604034424
17339,train,3.025284767150879
17340,train,3.068746566772461
17341,train,3.0520853996276855
17342,train,3.042747974395752
17343,train,3.0268211364746094
17344,train,3.030641555786133
17345,train,3.0582997798919678
17346,train,3.045971393585205
17347,train,2.991842269897461
17348,train,3.0350775718688965
17349,train,3.017343521118164
17350,train,3.0133819580078125
17351,train,3.0370965003967285
17352,train,3.04575514793396
17353,train,3.002281904220581
17354,train,3.0122995376586914
17355,train,3.0367558002471924
17356,train,3.0403695106506348
17357,train,3.0290465354919434
17358,train,3.0436456203460693
17359,train,3.032466173171997
17360,train,3.1102633476257324
17361,train,3.032684564590454
17362,train,3.0096120834350586
17363,train,3.047539710998535
17364,train,3.025221347808838
17365,train,3.0532984733581543
17366,train,3.0039162635803223
17367,train,3.013362407684326
17368,train,3.023395299911499
17369,train,3.016085386276245
17370,train,3.052375316619873
17371,train,3.041963815689087
17372,train,3.019733428955078
17373,train,3.0628275871276855
17374,train,3.0431246757507324
17375,train,3.0395102500915527
17376,train,3.046921968460083
17377,train,3.060232639312744
17378,train,3.04300594329834
17379,train,3.034717082977295
17380,train,3.061701536178589
17381,train,3.022014856338501
17382,train,3.053676128387451
17383,train,3.029226779937744
17384,train,3.0541274547576904
17385,train,3.0336782932281494
17386,train,3.0256361961364746
17387,train,3.084315776824951
17388,train,3.0297796726226807
17389,train,3.0314886569976807
17390,train,3.0451982021331787
17391,train,3.0330429077148438
17392,train,3.0434398651123047
17393,train,3.02734112739563
17394,train,3.039374351501465
17395,train,3.012531280517578
17396,train,2.9976933002471924
17397,train,3.0562071800231934
17398,train,3.0187525749206543
17399,train,3.049680709838867
17400,train,3.0764012336730957
17400,val,3.0253121852874756
17400,hellaswag,0.30262895837482573
17401,train,3.054147243499756
17402,train,3.026794910430908
17403,train,3.0486011505126953
17404,train,3.0557472705841064
17405,train,3.076371669769287
17406,train,3.075559377670288
17407,train,3.0851335525512695
17408,train,3.0735411643981934
17409,train,3.0233042240142822
17410,train,3.046724319458008
17411,train,2.9989137649536133
17412,train,3.03715181350708
17413,train,3.020071029663086
17414,train,3.0300891399383545
17415,train,3.0277352333068848
17416,train,3.0386147499084473
17417,train,3.014592170715332
17418,train,3.018559694290161
17419,train,3.0591049194335938
17420,train,3.05011248588562
17421,train,3.025672435760498
17422,train,3.0367188453674316
17423,train,3.0351884365081787
17424,train,3.041707992553711
17425,train,3.0417418479919434
17426,train,3.0494985580444336
17427,train,3.051128625869751
17428,train,3.0273361206054688
17429,train,3.0419259071350098
17430,train,3.011500597000122
17431,train,3.040405750274658
17432,train,3.0386667251586914
17433,train,2.994108200073242
17434,train,3.014742612838745
17435,train,3.0553479194641113
17436,train,3.0719261169433594
17437,train,3.046306610107422
17438,train,3.031876564025879
17439,train,3.0073533058166504
17440,train,3.0652577877044678
17441,train,3.0325095653533936
17442,train,3.027604103088379
17443,train,3.0414228439331055
17444,train,3.028467893600464
17445,train,3.0554940700531006
17446,train,3.015498638153076
17447,train,3.0372166633605957
17448,train,3.0477287769317627
17449,train,3.0422677993774414
17450,train,3.018096923828125
17451,train,3.032379150390625
17452,train,3.062910556793213
17453,train,3.016643524169922
17454,train,3.046088218688965
17455,train,3.0102531909942627
17456,train,3.0263333320617676
17457,train,3.0274672508239746
17458,train,3.0525026321411133
17459,train,3.0270440578460693
17460,train,3.0328874588012695
17461,train,3.049623489379883
17462,train,3.0530662536621094
17463,train,3.0705676078796387
17464,train,3.0305898189544678
17465,train,3.0010814666748047
17466,train,3.0686793327331543
17467,train,3.0442330837249756
17468,train,3.0544116497039795
17469,train,3.049556255340576
17470,train,3.02653169631958
17471,train,3.050168752670288
17472,train,3.0492773056030273
17473,train,3.031949996948242
17474,train,3.046534299850464
17475,train,3.066317319869995
17476,train,3.0475823879241943
17477,train,3.0642948150634766
17478,train,3.0350489616394043
17479,train,3.062062978744507
17480,train,3.0509448051452637
17481,train,3.063523292541504
17482,train,3.045992612838745
17483,train,3.0692622661590576
17484,train,3.0373220443725586
17485,train,3.0659103393554688
17486,train,3.052659034729004
17487,train,3.0464601516723633
17488,train,3.040621519088745
17489,train,3.022350788116455
17490,train,3.0518064498901367
17491,train,3.0727288722991943
17492,train,3.047814130783081
17493,train,3.0446338653564453
17494,train,3.0456109046936035
17495,train,3.0263304710388184
17496,train,3.025606155395508
17497,train,3.049400568008423
17498,train,3.0541610717773438
17499,train,3.055820941925049
17500,train,3.049039840698242
17500,val,3.025717258453369
17500,hellaswag,0.3031268671579367
17501,train,3.0777196884155273
17502,train,3.0442347526550293
17503,train,3.047994375228882
17504,train,3.0460426807403564
17505,train,3.0759100914001465
17506,train,3.049302339553833
17507,train,3.0398075580596924
17508,train,3.0107779502868652
17509,train,3.068263053894043
17510,train,3.0503597259521484
17511,train,3.036548614501953
17512,train,3.047318458557129
17513,train,3.0378990173339844
17514,train,3.047372579574585
17515,train,3.039555549621582
17516,train,3.01480770111084
17517,train,3.045854091644287
17518,train,3.0129544734954834
17519,train,3.0266921520233154
17520,train,3.0255074501037598
17521,train,3.0532007217407227
17522,train,3.076432943344116
17523,train,3.028881072998047
17524,train,3.027341604232788
17525,train,3.061380624771118
17526,train,3.044893980026245
17527,train,3.075474977493286
17528,train,3.028271198272705
17529,train,3.021618127822876
17530,train,3.0711002349853516
17531,train,3.0225000381469727
17532,train,3.031682014465332
17533,train,3.09067440032959
17534,train,3.0463926792144775
17535,train,3.03844952583313
17536,train,3.0287885665893555
17537,train,3.04191255569458
17538,train,3.049116849899292
17539,train,3.0430212020874023
17540,train,3.0471107959747314
17541,train,3.0257296562194824
17542,train,3.0450656414031982
17543,train,3.017138957977295
17544,train,3.0501503944396973
17545,train,3.0311644077301025
17546,train,3.034346580505371
17547,train,3.076296329498291
17548,train,3.0550787448883057
17549,train,3.0264577865600586
17550,train,3.059619903564453
17551,train,3.0494470596313477
17552,train,3.053926706314087
17553,train,3.0584046840667725
17554,train,3.033163547515869
17555,train,3.0414605140686035
17556,train,3.048333168029785
17557,train,3.0637736320495605
17558,train,3.0686326026916504
17559,train,3.027395486831665
17560,train,3.023867130279541
17561,train,3.082575798034668
17562,train,3.0357298851013184
17563,train,3.009826183319092
17564,train,3.0397419929504395
17565,train,3.0502657890319824
17566,train,3.0474894046783447
17567,train,3.0134947299957275
17568,train,3.0215251445770264
17569,train,3.033951759338379
17570,train,3.0340797901153564
17571,train,3.0759620666503906
17572,train,3.0194811820983887
17573,train,3.0586273670196533
17574,train,3.0545949935913086
17575,train,3.0194756984710693
17576,train,3.0691070556640625
17577,train,3.0374906063079834
17578,train,3.0715060234069824
17579,train,3.0401971340179443
17580,train,3.008479595184326
17581,train,3.030132293701172
17582,train,3.0507330894470215
17583,train,3.056337833404541
17584,train,3.041379928588867
17585,train,3.0393881797790527
17586,train,3.0566539764404297
17587,train,3.0326642990112305
17588,train,3.0507559776306152
17589,train,3.036531925201416
17590,train,3.048309564590454
17591,train,3.0537261962890625
17592,train,3.0460495948791504
17593,train,3.0265533924102783
17594,train,3.024472713470459
17595,train,3.02921462059021
17596,train,3.0402450561523438
17597,train,3.0368638038635254
17598,train,3.003309726715088
17599,train,3.030040740966797
17600,train,3.02949857711792
17600,val,3.024224042892456
17600,hellaswag,0.3036247759410476
17601,train,3.0107674598693848
17602,train,3.0359373092651367
17603,train,3.058124542236328
17604,train,3.0306944847106934
17605,train,3.0383992195129395
17606,train,3.0757510662078857
17607,train,3.0446128845214844
17608,train,3.0272207260131836
17609,train,3.0276131629943848
17610,train,3.0162432193756104
17611,train,2.990670680999756
17612,train,3.0369975566864014
17613,train,3.0770423412323
17614,train,3.0317599773406982
17615,train,3.0309839248657227
17616,train,3.045527219772339
17617,train,3.040348529815674
17618,train,3.044008255004883
17619,train,3.0297694206237793
17620,train,3.035942554473877
17621,train,3.0478897094726562
17622,train,3.062204360961914
17623,train,3.062915325164795
17624,train,3.0228147506713867
17625,train,3.017087459564209
17626,train,3.0184473991394043
17627,train,3.0640902519226074
17628,train,3.0301575660705566
17629,train,3.0658726692199707
17630,train,3.0322465896606445
17631,train,3.028951406478882
17632,train,3.0286145210266113
17633,train,3.0135648250579834
17634,train,3.019474506378174
17635,train,3.014317512512207
17636,train,3.0230906009674072
17637,train,3.0130975246429443
17638,train,3.040065288543701
17639,train,3.068312883377075
17640,train,3.027390956878662
17641,train,3.0524790287017822
17642,train,3.05014705657959
17643,train,3.0468995571136475
17644,train,3.030128002166748
17645,train,3.0418245792388916
17646,train,3.024740695953369
17647,train,3.047664165496826
17648,train,3.040721893310547
17649,train,3.050291061401367
17650,train,3.037684440612793
17651,train,3.0274505615234375
17652,train,3.0312321186065674
17653,train,3.013984441757202
17654,train,3.0204646587371826
17655,train,3.0243372917175293
17656,train,3.0298657417297363
17657,train,3.0096497535705566
17658,train,3.062664747238159
17659,train,3.0402467250823975
17660,train,3.023961305618286
17661,train,3.0340843200683594
17662,train,2.995946168899536
17663,train,3.01456880569458
17664,train,3.054028272628784
17665,train,3.0252699851989746
17666,train,3.05292010307312
17667,train,3.0116055011749268
17668,train,3.059804916381836
17669,train,3.0768117904663086
17670,train,3.026390552520752
17671,train,3.0326571464538574
17672,train,3.032144069671631
17673,train,3.047400951385498
17674,train,3.008640766143799
17675,train,3.010615587234497
17676,train,3.0010223388671875
17677,train,3.0381860733032227
17678,train,3.0427327156066895
17679,train,2.9864602088928223
17680,train,3.038236141204834
17681,train,3.069836378097534
17682,train,3.073305606842041
17683,train,3.0082507133483887
17684,train,3.038832902908325
17685,train,3.0371031761169434
17686,train,3.0379250049591064
17687,train,3.0440163612365723
17688,train,3.031944513320923
17689,train,3.040018320083618
17690,train,3.0450050830841064
17691,train,3.018688201904297
17692,train,3.0780911445617676
17693,train,3.021319627761841
17694,train,3.032762050628662
17695,train,3.027484178543091
17696,train,3.030468463897705
17697,train,3.0408856868743896
17698,train,3.0413856506347656
17699,train,2.996368169784546
17700,train,3.03395938873291
17700,val,3.024348258972168
17700,hellaswag,0.30242979486158134
17701,train,3.0258572101593018
17702,train,3.0503835678100586
17703,train,3.039294481277466
17704,train,3.0476512908935547
17705,train,3.008016586303711
17706,train,3.0168685913085938
17707,train,3.0581564903259277
17708,train,3.038112163543701
17709,train,3.0208020210266113
17710,train,3.028377056121826
17711,train,3.0432910919189453
17712,train,3.0301270484924316
17713,train,3.0680739879608154
17714,train,3.0668368339538574
17715,train,3.0458009243011475
17716,train,3.028165578842163
17717,train,3.027026653289795
17718,train,3.0549604892730713
17719,train,3.0488572120666504
17720,train,2.981123924255371
17721,train,3.0232925415039062
17722,train,3.022369384765625
17723,train,3.0082015991210938
17724,train,3.038393497467041
17725,train,3.042464256286621
17726,train,3.0545783042907715
17727,train,3.050414800643921
17728,train,3.0101070404052734
17729,train,3.0372090339660645
17730,train,3.0305285453796387
17731,train,3.031520366668701
17732,train,3.053523302078247
17733,train,3.0154061317443848
17734,train,3.0366477966308594
17735,train,3.0316789150238037
17736,train,3.030139923095703
17737,train,3.0160365104675293
17738,train,3.0414628982543945
17739,train,3.044095993041992
17740,train,3.020303726196289
17741,train,3.0504441261291504
17742,train,3.038834571838379
17743,train,3.024127960205078
17744,train,3.0405097007751465
17745,train,3.0477819442749023
17746,train,3.057466983795166
17747,train,3.069328784942627
17748,train,3.0376532077789307
17749,train,3.010767936706543
17750,train,2.990666389465332
17751,train,3.0332019329071045
17752,train,3.038808822631836
17753,train,3.0389320850372314
17754,train,3.008829355239868
17755,train,3.028122901916504
17756,train,3.014296531677246
17757,train,3.0624537467956543
17758,train,3.0405545234680176
17759,train,3.047327995300293
17760,train,3.082411766052246
17761,train,3.0631537437438965
17762,train,3.0233242511749268
17763,train,3.074788808822632
17764,train,3.05466628074646
17765,train,3.0394792556762695
17766,train,3.0453968048095703
17767,train,3.0410423278808594
17768,train,3.058347702026367
17769,train,3.040630578994751
17770,train,3.0504748821258545
17771,train,3.021279811859131
17772,train,3.0030336380004883
17773,train,3.039822578430176
17774,train,3.059675693511963
17775,train,3.035278797149658
17776,train,3.0598902702331543
17777,train,3.0407216548919678
17778,train,3.0068275928497314
17779,train,3.0254528522491455
17780,train,3.035639762878418
17781,train,3.0581326484680176
17782,train,3.031200408935547
17783,train,3.0385982990264893
17784,train,3.029470205307007
17785,train,3.0375678539276123
17786,train,3.0221705436706543
17787,train,3.036306858062744
17788,train,3.0514986515045166
17789,train,3.026048183441162
17790,train,3.038902521133423
17791,train,3.0479683876037598
17792,train,3.0316338539123535
17793,train,3.0119526386260986
17794,train,3.019578456878662
17795,train,3.0284013748168945
17796,train,3.034172534942627
17797,train,3.0410590171813965
17798,train,3.0447018146514893
17799,train,3.059755325317383
17800,train,3.052633285522461
17800,val,3.02349853515625
17800,hellaswag,0.30322644891455885
17801,train,3.0343968868255615
17802,train,3.004901170730591
17803,train,3.0455269813537598
17804,train,3.0205001831054688
17805,train,2.9991815090179443
17806,train,2.993637800216675
17807,train,3.0253186225891113
17808,train,3.047849416732788
17809,train,3.0492825508117676
17810,train,3.0480597019195557
17811,train,3.0344767570495605
17812,train,3.011829376220703
17813,train,2.9971351623535156
17814,train,3.030917167663574
17815,train,3.0249710083007812
17816,train,3.0346996784210205
17817,train,3.067328929901123
17818,train,3.0113461017608643
17819,train,3.0278210639953613
17820,train,3.0437684059143066
17821,train,3.0625858306884766
17822,train,3.047612428665161
17823,train,3.017066240310669
17824,train,3.0424976348876953
17825,train,3.029350519180298
17826,train,3.032240629196167
17827,train,3.0219764709472656
17828,train,3.022857904434204
17829,train,3.016798973083496
17830,train,3.041856050491333
17831,train,3.0261807441711426
17832,train,3.045100688934326
17833,train,3.0638105869293213
17834,train,3.0361056327819824
17835,train,3.009160041809082
17836,train,3.0553014278411865
17837,train,3.0502004623413086
17838,train,3.006929397583008
17839,train,3.02909517288208
17840,train,3.0836145877838135
17841,train,3.0105557441711426
17842,train,3.018153190612793
17843,train,3.0226588249206543
17844,train,3.038646697998047
17845,train,3.0596108436584473
17846,train,3.063941478729248
17847,train,3.0441043376922607
17848,train,3.035935878753662
17849,train,3.1089701652526855
17850,train,3.0244624614715576
17851,train,3.0219106674194336
17852,train,3.057183027267456
17853,train,3.041175127029419
17854,train,3.017073631286621
17855,train,3.033729076385498
17856,train,3.0653247833251953
17857,train,3.0448765754699707
17858,train,3.036327600479126
17859,train,3.0507144927978516
17860,train,3.044672966003418
17861,train,3.0146965980529785
17862,train,3.0350027084350586
17863,train,3.0149500370025635
17864,train,3.0330395698547363
17865,train,3.06091570854187
17866,train,2.996091365814209
17867,train,3.0711846351623535
17868,train,3.0230531692504883
17869,train,3.0758488178253174
17870,train,3.048755645751953
17871,train,3.04410719871521
17872,train,3.0410523414611816
17873,train,3.0481672286987305
17874,train,3.029914617538452
17875,train,3.0500192642211914
17876,train,3.0554192066192627
17877,train,2.9919238090515137
17878,train,3.0352532863616943
17879,train,3.0645463466644287
17880,train,3.051227331161499
17881,train,3.0429835319519043
17882,train,3.025603771209717
17883,train,3.0102319717407227
17884,train,3.027228593826294
17885,train,3.063922643661499
17886,train,3.030600070953369
17887,train,3.037104368209839
17888,train,3.038266181945801
17889,train,3.040187120437622
17890,train,3.087149143218994
17891,train,3.030989170074463
17892,train,3.05629825592041
17893,train,3.0563297271728516
17894,train,3.0907135009765625
17895,train,3.0093016624450684
17896,train,3.0550928115844727
17897,train,3.0344367027282715
17898,train,3.0196292400360107
17899,train,3.016169786453247
17900,train,3.0753660202026367
17900,val,3.023268699645996
17900,hellaswag,0.30252937661820356
17901,train,3.0524470806121826
17902,train,3.0420684814453125
17903,train,3.0392441749572754
17904,train,3.0310683250427246
17905,train,3.0583853721618652
17906,train,3.0554375648498535
17907,train,3.0656955242156982
17908,train,3.06221079826355
17909,train,3.044677734375
17910,train,3.0717413425445557
17911,train,3.033449649810791
17912,train,3.0363693237304688
17913,train,3.0043716430664062
17914,train,3.0377633571624756
17915,train,3.073704242706299
17916,train,3.0145750045776367
17917,train,3.034820795059204
17918,train,2.9982566833496094
17919,train,3.032470703125
17920,train,3.055738925933838
17921,train,3.024733543395996
17922,train,3.085012912750244
17923,train,3.05770206451416
17924,train,3.011658191680908
17925,train,3.0781736373901367
17926,train,3.0916123390197754
17927,train,3.0500035285949707
17928,train,3.073920249938965
17929,train,3.049367904663086
17930,train,3.015733003616333
17931,train,3.035172939300537
17932,train,3.0512378215789795
17933,train,3.0200748443603516
17934,train,3.055952548980713
17935,train,3.0729820728302
17936,train,3.053846836090088
17937,train,3.0312976837158203
17938,train,3.0424509048461914
17939,train,3.0599780082702637
17940,train,3.060774564743042
17941,train,3.014341354370117
17942,train,3.0622668266296387
17943,train,3.0328495502471924
17944,train,3.0223324298858643
17945,train,3.038254737854004
17946,train,3.015813112258911
17947,train,3.059828758239746
17948,train,3.0423946380615234
17949,train,3.068286180496216
17950,train,3.056457042694092
17951,train,3.0283567905426025
17952,train,3.006605386734009
17953,train,3.0544815063476562
17954,train,3.0491549968719482
17955,train,3.035069465637207
17956,train,3.0218043327331543
17957,train,3.0279271602630615
17958,train,3.03249454498291
17959,train,3.0161354541778564
17960,train,3.032454013824463
17961,train,3.0738086700439453
17962,train,3.052492380142212
17963,train,3.0446267127990723
17964,train,3.0333001613616943
17965,train,3.042618751525879
17966,train,3.0366551876068115
17967,train,3.0464608669281006
17968,train,3.035855531692505
17969,train,3.0320043563842773
17970,train,3.0394792556762695
17971,train,3.048811912536621
17972,train,3.0152475833892822
17973,train,3.0238304138183594
17974,train,3.065082550048828
17975,train,3.0402848720550537
17976,train,3.0555648803710938
17977,train,3.029787063598633
17978,train,3.0586605072021484
17979,train,3.0457353591918945
17980,train,3.052665948867798
17981,train,3.063678503036499
17982,train,3.0571911334991455
17983,train,3.0550060272216797
17984,train,3.0379750728607178
17985,train,3.068774461746216
17986,train,2.9895055294036865
17987,train,3.033294200897217
17988,train,3.0454578399658203
17989,train,3.000899314880371
17990,train,3.0429954528808594
17991,train,3.0394234657287598
17992,train,3.0409770011901855
17993,train,3.0255215167999268
17994,train,3.0521116256713867
17995,train,3.0508131980895996
17996,train,3.064520835876465
17997,train,3.057140827178955
17998,train,3.025315284729004
17999,train,3.0547051429748535
18000,train,3.026639938354492
18000,val,3.0221359729766846
18000,hellaswag,0.3014339772953595
18001,train,3.046785354614258
18002,train,3.048977851867676
18003,train,3.042067289352417
18004,train,3.0562126636505127
18005,train,3.0254006385803223
18006,train,3.05770206451416
18007,train,3.047834634780884
18008,train,3.0312647819519043
18009,train,3.056459903717041
18010,train,3.021552562713623
18011,train,3.0491421222686768
18012,train,3.043673515319824
18013,train,3.0264103412628174
18014,train,3.037961959838867
18015,train,3.0355701446533203
18016,train,3.0393643379211426
18017,train,3.112311601638794
18018,train,3.097513198852539
18019,train,3.01711368560791
18020,train,3.055938243865967
18021,train,3.0575480461120605
18022,train,3.014285087585449
18023,train,3.0757102966308594
18024,train,3.065218925476074
18025,train,3.056121826171875
18026,train,3.035749673843384
18027,train,3.060126781463623
18028,train,3.0252327919006348
18029,train,3.051663398742676
18030,train,3.0445756912231445
18031,train,3.0598552227020264
18032,train,3.0756006240844727
18033,train,3.0825281143188477
18034,train,3.0637550354003906
18035,train,3.042318820953369
18036,train,3.051497459411621
18037,train,3.0264153480529785
18038,train,3.0402426719665527
18039,train,3.0406570434570312
18040,train,3.0573225021362305
18041,train,3.061375379562378
18042,train,3.0474889278411865
18043,train,3.0624489784240723
18044,train,3.072655200958252
18045,train,3.058459997177124
18046,train,3.052163600921631
18047,train,3.0612735748291016
18048,train,3.032395362854004
18049,train,3.050137758255005
18050,train,3.041133403778076
18051,train,3.058091163635254
18052,train,3.051285743713379
18053,train,3.065282106399536
18054,train,3.054732322692871
18055,train,3.0471303462982178
18056,train,3.0639450550079346
18057,train,3.059776782989502
18058,train,3.03387188911438
18059,train,3.0790891647338867
18060,train,3.0793306827545166
18061,train,3.053457736968994
18062,train,3.0794196128845215
18063,train,3.0436363220214844
18064,train,3.0992960929870605
18065,train,3.0857901573181152
18066,train,3.055786609649658
18067,train,3.065018653869629
18068,train,3.0782501697540283
18069,train,3.054319381713867
18070,train,3.0239603519439697
18071,train,3.042691946029663
18072,train,3.0299317836761475
18073,train,3.05928373336792
18074,train,3.038511276245117
18075,train,3.0472638607025146
18076,train,3.0639359951019287
18077,train,3.077742576599121
18078,train,3.0843236446380615
18079,train,3.0449366569519043
18080,train,3.082641839981079
18081,train,3.050382137298584
18082,train,2.989743232727051
18083,train,3.088709831237793
18084,train,3.0935287475585938
18085,train,3.0469462871551514
18086,train,3.0666327476501465
18087,train,3.077256679534912
18088,train,3.0946240425109863
18089,train,3.0611822605133057
18090,train,3.067474842071533
18091,train,3.0629422664642334
18092,train,3.0287246704101562
18093,train,3.0838093757629395
18094,train,3.0465707778930664
18095,train,3.0541534423828125
18096,train,3.0565011501312256
18097,train,3.0711450576782227
18098,train,3.066640853881836
18099,train,3.0496647357940674
18100,train,3.0717320442199707
18100,val,3.0220699310302734
18100,hellaswag,0.30392352121091415
18101,train,3.040541648864746
18102,train,3.058995485305786
18103,train,3.0450332164764404
18104,train,3.0551204681396484
18105,train,3.0517473220825195
18106,train,3.058162212371826
18107,train,3.0553011894226074
18108,train,3.0513477325439453
18109,train,3.046077251434326
18110,train,3.039409637451172
18111,train,3.043975353240967
18112,train,3.03232741355896
18113,train,3.074678897857666
18114,train,3.087466239929199
18115,train,3.067713737487793
18116,train,3.0290801525115967
18117,train,3.0578012466430664
18118,train,3.053806781768799
18119,train,3.0625882148742676
18120,train,3.0552258491516113
18121,train,3.0347394943237305
18122,train,3.060351610183716
18123,train,3.061286449432373
18124,train,3.0800137519836426
18125,train,3.028832197189331
18126,train,3.065371036529541
18127,train,3.0637574195861816
18128,train,3.0615463256835938
18129,train,3.069730758666992
18130,train,3.0953259468078613
18131,train,3.03576397895813
18132,train,3.0224404335021973
18133,train,3.046844482421875
18134,train,3.0374231338500977
18135,train,3.053042411804199
18136,train,3.053664207458496
18137,train,3.078097343444824
18138,train,3.0185909271240234
18139,train,3.0211563110351562
18140,train,3.083559274673462
18141,train,3.086272716522217
18142,train,3.0360374450683594
18143,train,3.0822269916534424
18144,train,3.078341007232666
18145,train,3.0530483722686768
18146,train,3.051398277282715
18147,train,3.065399169921875
18148,train,3.0394701957702637
18149,train,3.0134267807006836
18150,train,3.052286148071289
18151,train,3.0491960048675537
18152,train,3.0278961658477783
18153,train,3.022151231765747
18154,train,3.0608160495758057
18155,train,3.0723228454589844
18156,train,3.056075096130371
18157,train,3.0413951873779297
18158,train,3.0732922554016113
18159,train,3.0259652137756348
18160,train,3.0487279891967773
18161,train,3.0129902362823486
18162,train,3.061593532562256
18163,train,3.0639543533325195
18164,train,3.0425217151641846
18165,train,3.0407052040100098
18166,train,3.0566623210906982
18167,train,3.081031560897827
18168,train,3.018404960632324
18169,train,3.067368984222412
18170,train,3.0270113945007324
18171,train,3.070979595184326
18172,train,3.0618324279785156
18173,train,3.034414768218994
18174,train,3.036652088165283
18175,train,3.063676357269287
18176,train,3.073143482208252
18177,train,3.0736708641052246
18178,train,3.0865697860717773
18179,train,3.025096893310547
18180,train,3.0564217567443848
18181,train,3.057340383529663
18182,train,3.0423028469085693
18183,train,3.072071075439453
18184,train,3.0441458225250244
18185,train,3.0334198474884033
18186,train,3.0388023853302
18187,train,3.0601773262023926
18188,train,3.0468273162841797
18189,train,3.080392360687256
18190,train,3.018141984939575
18191,train,3.069917678833008
18192,train,3.0554308891296387
18193,train,3.040544033050537
18194,train,3.0389037132263184
18195,train,3.058401584625244
18196,train,3.0681192874908447
18197,train,3.0614757537841797
18198,train,3.0284879207611084
18199,train,3.0498743057250977
18200,train,3.0489864349365234
18200,val,3.0219717025756836
18200,hellaswag,0.3021310495917148
18201,train,3.0446348190307617
18202,train,3.0062038898468018
18203,train,3.0741004943847656
18204,train,3.0462722778320312
18205,train,3.083616018295288
18206,train,3.053612232208252
18207,train,3.0447306632995605
18208,train,3.019033908843994
18209,train,3.043797492980957
18210,train,3.017420768737793
18211,train,3.0204129219055176
18212,train,3.0069169998168945
18213,train,3.054037094116211
18214,train,3.079111099243164
18215,train,3.0489375591278076
18216,train,3.063568592071533
18217,train,3.0228755474090576
18218,train,3.0643651485443115
18219,train,3.0484652519226074
18220,train,3.0548548698425293
18221,train,3.0516743659973145
18222,train,3.0503833293914795
18223,train,3.0223755836486816
18224,train,3.037628412246704
18225,train,3.0075278282165527
18226,train,3.010087490081787
18227,train,3.0017240047454834
18228,train,3.036320686340332
18229,train,3.00028133392334
18230,train,3.0442116260528564
18231,train,3.054612159729004
18232,train,3.029611110687256
18233,train,3.030256748199463
18234,train,2.9837517738342285
18235,train,3.056821346282959
18236,train,3.015357732772827
18237,train,3.057865858078003
18238,train,3.059520721435547
18239,train,3.0138344764709473
18240,train,3.048419237136841
18241,train,3.0064642429351807
18242,train,3.016404628753662
18243,train,3.0138115882873535
18244,train,3.035027027130127
18245,train,3.043856143951416
18246,train,3.05079984664917
18247,train,3.0236287117004395
18248,train,3.0577609539031982
18249,train,3.03589129447937
18250,train,3.0174548625946045
18251,train,3.0264089107513428
18252,train,2.9742565155029297
18253,train,3.054245948791504
18254,train,3.018373966217041
18255,train,3.0466103553771973
18256,train,3.0394840240478516
18257,train,3.0174076557159424
18258,train,3.049659013748169
18259,train,3.0307586193084717
18260,train,3.0292038917541504
18261,train,3.0231449604034424
18262,train,3.0760254859924316
18263,train,2.987997531890869
18264,train,3.014293670654297
18265,train,3.0354104042053223
18266,train,3.075932264328003
18267,train,3.034754514694214
18268,train,3.0455970764160156
18269,train,3.0225770473480225
18270,train,3.0701866149902344
18271,train,3.0337929725646973
18272,train,3.0332961082458496
18273,train,3.055455207824707
18274,train,3.021054744720459
18275,train,2.9861583709716797
18276,train,3.0340285301208496
18277,train,3.052196502685547
18278,train,3.0113978385925293
18279,train,3.0491461753845215
18280,train,3.0171282291412354
18281,train,2.995929718017578
18282,train,3.002483367919922
18283,train,3.041327714920044
18284,train,3.006850242614746
18285,train,3.015965461730957
18286,train,3.0448904037475586
18287,train,2.9901766777038574
18288,train,3.0521059036254883
18289,train,2.9879908561706543
18290,train,3.056922197341919
18291,train,3.0402724742889404
18292,train,3.0337932109832764
18293,train,3.0089187622070312
18294,train,3.0114076137542725
18295,train,2.9984188079833984
18296,train,3.0518994331359863
18297,train,3.0461952686309814
18298,train,3.0233418941497803
18299,train,2.9793901443481445
18300,train,3.0296850204467773
18300,val,3.0210886001586914
18300,hellaswag,0.3020314678350926
18301,train,3.0228192806243896
18302,train,2.9970643520355225
18303,train,2.980724573135376
18304,train,3.004373550415039
18305,train,3.001739978790283
18306,train,3.023534059524536
18307,train,2.997053384780884
18308,train,2.9852707386016846
18309,train,3.020960807800293
18310,train,3.0169553756713867
18311,train,3.009634017944336
18312,train,3.038846969604492
18313,train,3.046980381011963
18314,train,3.056774616241455
18315,train,3.054530143737793
18316,train,3.0123424530029297
18317,train,3.0297374725341797
18318,train,2.998365640640259
18319,train,3.0612807273864746
18320,train,2.9890193939208984
18321,train,3.0570437908172607
18322,train,3.0422873497009277
18323,train,3.0237183570861816
18324,train,3.0222959518432617
18325,train,3.0150723457336426
18326,train,3.0050649642944336
18327,train,3.002683162689209
18328,train,3.022486686706543
18329,train,3.0273523330688477
18330,train,3.0230584144592285
18331,train,3.042715072631836
18332,train,3.0376620292663574
18333,train,3.010690689086914
18334,train,3.052302837371826
18335,train,3.0316171646118164
18336,train,3.040180206298828
18337,train,3.033451557159424
18338,train,3.0497019290924072
18339,train,3.0416970252990723
18340,train,3.0094945430755615
18341,train,2.989920139312744
18342,train,2.990949869155884
18343,train,3.011491060256958
18344,train,3.0290756225585938
18345,train,3.031364679336548
18346,train,3.0731401443481445
18347,train,3.0168724060058594
18348,train,3.0254430770874023
18349,train,3.0302865505218506
18350,train,3.046318769454956
18351,train,2.979557752609253
18352,train,3.0268239974975586
18353,train,3.0167059898376465
18354,train,3.0368494987487793
18355,train,3.0334277153015137
18356,train,3.035719394683838
18357,train,3.032014846801758
18358,train,3.021139144897461
18359,train,2.997466802597046
18360,train,3.0338292121887207
18361,train,3.01625394821167
18362,train,3.0162062644958496
18363,train,3.0307228565216064
18364,train,3.007376194000244
18365,train,3.0108306407928467
18366,train,3.008882999420166
18367,train,3.0505242347717285
18368,train,3.027524709701538
18369,train,3.023716449737549
18370,train,3.052684783935547
18371,train,3.0533812046051025
18372,train,3.0248444080352783
18373,train,3.036470651626587
18374,train,2.994856357574463
18375,train,3.0389063358306885
18376,train,3.04856538772583
18377,train,3.0598464012145996
18378,train,3.0022549629211426
18379,train,3.0407137870788574
18380,train,3.052955150604248
18381,train,3.027820110321045
18382,train,3.0420751571655273
18383,train,3.0216617584228516
18384,train,3.0208728313446045
18385,train,2.993741989135742
18386,train,3.0117039680480957
18387,train,3.0348398685455322
18388,train,3.0448451042175293
18389,train,3.035027503967285
18390,train,3.0079054832458496
18391,train,3.041752576828003
18392,train,3.0252318382263184
18393,train,2.9857730865478516
18394,train,2.991562843322754
18395,train,3.0534706115722656
18396,train,3.043609142303467
18397,train,3.030754566192627
18398,train,3.004417657852173
18399,train,3.0242810249328613
18400,train,3.057121753692627
18400,val,3.0211615562438965
18400,hellaswag,0.30302728540131446
18401,train,3.01902437210083
18402,train,3.033834934234619
18403,train,3.0126285552978516
18404,train,3.0514931678771973
18405,train,3.0316243171691895
18406,train,3.048755645751953
18407,train,3.0192298889160156
18408,train,3.0121541023254395
18409,train,3.038538932800293
18410,train,3.0025277137756348
18411,train,2.994927406311035
18412,train,3.0324337482452393
18413,train,3.0401384830474854
18414,train,3.0393478870391846
18415,train,2.998471736907959
18416,train,3.035569667816162
18417,train,3.011321544647217
18418,train,3.0228192806243896
18419,train,3.016606330871582
18420,train,3.0439109802246094
18421,train,3.0287485122680664
18422,train,3.011262893676758
18423,train,3.0030322074890137
18424,train,3.041417121887207
18425,train,3.022902727127075
18426,train,3.010587692260742
18427,train,3.051626682281494
18428,train,3.025819778442383
18429,train,3.008735418319702
18430,train,3.0241711139678955
18431,train,3.0362484455108643
18432,train,3.0262935161590576
18433,train,3.0359272956848145
18434,train,3.0122528076171875
18435,train,3.043752431869507
18436,train,2.9989564418792725
18437,train,3.012721300125122
18438,train,3.006920099258423
18439,train,3.0251212120056152
18440,train,3.034721851348877
18441,train,3.016965389251709
18442,train,3.0077850818634033
18443,train,3.023646593093872
18444,train,3.0074620246887207
18445,train,2.999518871307373
18446,train,2.9787044525146484
18447,train,3.034562587738037
18448,train,3.031550407409668
18449,train,3.056197166442871
18450,train,3.040456533432007
18451,train,3.0321927070617676
18452,train,3.02567720413208
18453,train,2.994701623916626
18454,train,3.0244946479797363
18455,train,3.025106906890869
18456,train,3.035465717315674
18457,train,2.977080821990967
18458,train,3.017221450805664
18459,train,3.0282950401306152
18460,train,3.0546531677246094
18461,train,3.0501835346221924
18462,train,3.0245323181152344
18463,train,3.020808219909668
18464,train,3.0393033027648926
18465,train,3.0003085136413574
18466,train,3.013993740081787
18467,train,3.014885425567627
18468,train,3.012920379638672
18469,train,3.0708460807800293
18470,train,3.035259246826172
18471,train,2.9862494468688965
18472,train,2.989351272583008
18473,train,2.99979567527771
18474,train,3.01324725151062
18475,train,3.031005859375
18476,train,3.0314526557922363
18477,train,3.0157575607299805
18478,train,3.009608268737793
18479,train,3.004742383956909
18480,train,2.962411403656006
18481,train,3.042402744293213
18482,train,3.016704559326172
18483,train,3.0106725692749023
18484,train,3.037788152694702
18485,train,2.9996955394744873
18486,train,3.0167229175567627
18487,train,3.0043821334838867
18488,train,3.035661220550537
18489,train,3.042945384979248
18490,train,3.022639274597168
18491,train,3.0278682708740234
18492,train,2.981687545776367
18493,train,3.000972032546997
18494,train,3.0002551078796387
18495,train,3.033315420150757
18496,train,3.0055036544799805
18497,train,3.014029026031494
18498,train,3.03623366355896
18499,train,3.0393800735473633
18500,train,3.027087926864624
18500,val,3.020428419113159
18500,hellaswag,0.30252937661820356
18501,train,3.03912353515625
18502,train,3.0188112258911133
18503,train,3.036494493484497
18504,train,3.0337815284729004
18505,train,3.046368360519409
18506,train,3.0567476749420166
18507,train,3.0046029090881348
18508,train,3.062316417694092
18509,train,2.983696460723877
18510,train,3.02498197555542
18511,train,3.017117500305176
18512,train,3.015078544616699
18513,train,3.0244650840759277
18514,train,3.0483481884002686
18515,train,3.021380662918091
18516,train,3.0436153411865234
18517,train,3.0005900859832764
18518,train,3.02565336227417
18519,train,3.030028820037842
18520,train,3.0154504776000977
18521,train,3.0170063972473145
18522,train,2.9920923709869385
18523,train,3.0079922676086426
18524,train,3.0478639602661133
18525,train,3.0251920223236084
18526,train,2.9991767406463623
18527,train,3.0371618270874023
18528,train,3.0397839546203613
18529,train,3.0619518756866455
18530,train,3.0638680458068848
18531,train,3.0195374488830566
18532,train,3.0218682289123535
18533,train,3.024366617202759
18534,train,3.036562919616699
18535,train,2.978576183319092
18536,train,3.0318901538848877
18537,train,3.0280356407165527
18538,train,3.022068500518799
18539,train,3.027461051940918
18540,train,3.013869047164917
18541,train,3.019035577774048
18542,train,3.006410598754883
18543,train,2.969465732574463
18544,train,3.0104188919067383
18545,train,3.0528101921081543
18546,train,3.0206892490386963
18547,train,3.0494942665100098
18548,train,2.9898672103881836
18549,train,3.0369486808776855
18550,train,3.0245137214660645
18551,train,3.024095058441162
18552,train,3.0280237197875977
18553,train,3.016927480697632
18554,train,3.04386043548584
18555,train,3.023902416229248
18556,train,3.041991710662842
18557,train,2.9754772186279297
18558,train,3.0064477920532227
18559,train,3.045774459838867
18560,train,3.0056514739990234
18561,train,2.993417263031006
18562,train,3.0401651859283447
18563,train,3.0184314250946045
18564,train,3.008359909057617
18565,train,2.9915664196014404
18566,train,3.0056936740875244
18567,train,3.0312039852142334
18568,train,3.04084849357605
18569,train,2.9894907474517822
18570,train,3.004169464111328
18571,train,3.0346174240112305
18572,train,3.022923469543457
18573,train,3.047774314880371
18574,train,2.989398717880249
18575,train,3.059903144836426
18576,train,3.0325074195861816
18577,train,2.981443166732788
18578,train,3.040820360183716
18579,train,3.047757625579834
18580,train,3.049118995666504
18581,train,3.031609296798706
18582,train,3.0248641967773438
18583,train,3.0446033477783203
18584,train,3.0042524337768555
18585,train,3.008333683013916
18586,train,3.001014471054077
18587,train,3.0507712364196777
18588,train,3.011678695678711
18589,train,3.0158047676086426
18590,train,3.0306925773620605
18591,train,3.0178422927856445
18592,train,3.0162315368652344
18593,train,3.0621814727783203
18594,train,3.0372462272644043
18595,train,3.006564140319824
18596,train,3.014603614807129
18597,train,2.989912986755371
18598,train,3.0411908626556396
18599,train,3.026007652282715
18600,train,3.0507280826568604
18600,val,3.0199995040893555
18600,hellaswag,0.3015335590519817
18601,train,3.0269410610198975
18602,train,2.9897844791412354
18603,train,2.9998619556427
18604,train,3.0430400371551514
18605,train,3.0511515140533447
18606,train,3.0057225227355957
18607,train,3.025376319885254
18608,train,3.0213499069213867
18609,train,3.0096023082733154
18610,train,3.052851915359497
18611,train,3.0240375995635986
18612,train,3.030644416809082
18613,train,3.049699068069458
18614,train,3.0567970275878906
18615,train,3.0682482719421387
18616,train,3.0118470191955566
18617,train,3.027677536010742
18618,train,3.045044422149658
18619,train,3.0407254695892334
18620,train,3.0452709197998047
18621,train,3.04945707321167
18622,train,3.0219106674194336
18623,train,3.0502071380615234
18624,train,3.0437228679656982
18625,train,3.001460313796997
18626,train,3.02097225189209
18627,train,3.047616481781006
18628,train,3.045376777648926
18629,train,3.041417121887207
18630,train,3.0553171634674072
18631,train,3.0495100021362305
18632,train,3.006035804748535
18633,train,3.046143054962158
18634,train,3.030193328857422
18635,train,3.0244791507720947
18636,train,3.051452159881592
18637,train,3.0647506713867188
18638,train,3.0243396759033203
18639,train,3.0632591247558594
18640,train,2.9957568645477295
18641,train,3.047088623046875
18642,train,3.017967462539673
18643,train,3.0569469928741455
18644,train,3.0680832862854004
18645,train,3.038398265838623
18646,train,3.03568172454834
18647,train,3.04018235206604
18648,train,3.008847713470459
18649,train,3.0322818756103516
18650,train,3.005378246307373
18651,train,3.0184617042541504
18652,train,3.0223419666290283
18653,train,3.0277347564697266
18654,train,3.01347017288208
18655,train,3.023102283477783
18656,train,3.033595561981201
18657,train,3.031815528869629
18658,train,3.0532779693603516
18659,train,3.033884048461914
18660,train,3.0426814556121826
18661,train,3.0344033241271973
18662,train,3.004199266433716
18663,train,3.0130395889282227
18664,train,2.979727268218994
18665,train,3.025207042694092
18666,train,3.0323715209960938
18667,train,2.9881975650787354
18668,train,3.0114455223083496
18669,train,3.055095911026001
18670,train,2.9990530014038086
18671,train,3.0232889652252197
18672,train,3.0189731121063232
18673,train,3.0538742542266846
18674,train,3.0331554412841797
18675,train,3.025611400604248
18676,train,3.0547938346862793
18677,train,3.0162739753723145
18678,train,3.0073962211608887
18679,train,3.03080677986145
18680,train,2.9876232147216797
18681,train,3.017665147781372
18682,train,3.0442490577697754
18683,train,2.965923309326172
18684,train,3.049495220184326
18685,train,3.0274085998535156
18686,train,3.014148235321045
18687,train,3.0019161701202393
18688,train,3.056492567062378
18689,train,3.0257818698883057
18690,train,3.0413711071014404
18691,train,2.985278606414795
18692,train,3.0080742835998535
18693,train,3.000703811645508
18694,train,2.9907500743865967
18695,train,3.0465855598449707
18696,train,2.991577625274658
18697,train,3.0282742977142334
18698,train,3.003249168395996
18699,train,3.0433905124664307
18700,train,3.067589282989502
18700,val,3.0194928646087646
18700,hellaswag,0.3027285401314479
18701,train,3.037459373474121
18702,train,2.9857370853424072
18703,train,3.0470998287200928
18704,train,3.028303861618042
18705,train,3.0224390029907227
18706,train,3.0182414054870605
18707,train,3.063176155090332
18708,train,3.0202791690826416
18709,train,3.0421957969665527
18710,train,2.97917103767395
18711,train,3.0143518447875977
18712,train,3.0301878452301025
18713,train,3.091993808746338
18714,train,3.0197691917419434
18715,train,3.0157699584960938
18716,train,3.023162603378296
18717,train,3.0953845977783203
18718,train,3.0334713459014893
18719,train,3.013561248779297
18720,train,3.023845672607422
18721,train,3.018662691116333
18722,train,3.005664587020874
18723,train,3.0107038021087646
18724,train,3.0355982780456543
18725,train,3.0263190269470215
18726,train,3.006065845489502
18727,train,3.0301578044891357
18728,train,3.0221734046936035
18729,train,3.039923667907715
18730,train,3.033705711364746
18731,train,3.01645827293396
18732,train,2.9958174228668213
18733,train,3.0290415287017822
18734,train,3.005415916442871
18735,train,3.0441410541534424
18736,train,3.0298049449920654
18737,train,2.998814582824707
18738,train,3.023606538772583
18739,train,3.033700942993164
18740,train,3.025050640106201
18741,train,3.010049819946289
18742,train,3.0006065368652344
18743,train,3.0221714973449707
18744,train,3.0466175079345703
18745,train,3.029745578765869
18746,train,3.028073787689209
18747,train,2.9955737590789795
18748,train,3.0519609451293945
18749,train,3.034618854522705
18750,train,3.002376079559326
18751,train,3.0191330909729004
18752,train,3.0598418712615967
18753,train,3.037611961364746
18754,train,3.0028605461120605
18755,train,2.9965860843658447
18756,train,3.03344988822937
18757,train,3.015354633331299
18758,train,2.9951438903808594
18759,train,3.024531126022339
18760,train,3.02886962890625
18761,train,2.9733667373657227
18762,train,3.0373799800872803
18763,train,2.965836763381958
18764,train,3.0293264389038086
18765,train,3.0038671493530273
18766,train,3.0273382663726807
18767,train,3.039076566696167
18768,train,3.0226285457611084
18769,train,3.0313096046447754
18770,train,3.0203254222869873
18771,train,3.0272128582000732
18772,train,3.0218887329101562
18773,train,3.039133310317993
18774,train,3.0084989070892334
18775,train,3.0092668533325195
18776,train,3.0734236240386963
18777,train,3.0507121086120605
18778,train,3.0585155487060547
18779,train,3.03887939453125
18780,train,3.0394158363342285
18781,train,2.998352289199829
18782,train,3.026564121246338
18783,train,3.015744209289551
18784,train,3.0126285552978516
18785,train,3.0032143592834473
18786,train,2.987790584564209
18787,train,3.030099391937256
18788,train,2.996690273284912
18789,train,2.992828369140625
18790,train,3.0059733390808105
18791,train,3.056215524673462
18792,train,3.0219805240631104
18793,train,3.0026326179504395
18794,train,3.002366065979004
18795,train,3.010376214981079
