step,split,value
1,train,2.451129913330078
2,train,2.356020927429199
3,train,2.353936195373535
4,train,2.4214847087860107
5,train,2.3987464904785156
6,train,2.253554105758667
7,train,2.326345920562744
8,train,2.3424129486083984
9,train,2.306267738342285
10,train,2.4050350189208984
11,train,2.293950319290161
12,train,2.227996826171875
13,train,2.3450558185577393
14,train,2.2069804668426514
15,train,2.285191059112549
16,train,2.175598382949829
17,train,2.1500117778778076
18,train,2.224656343460083
19,train,2.2109949588775635
20,train,2.0767290592193604
21,train,2.198131799697876
22,train,2.1493752002716064
23,train,2.1175742149353027
24,train,2.3339080810546875
25,train,2.1085782051086426
26,train,2.2457833290100098
27,train,2.1951563358306885
28,train,2.0676937103271484
29,train,2.058014392852783
30,train,2.1704277992248535
31,train,2.124673366546631
32,train,2.1507413387298584
33,train,2.0920772552490234
34,train,2.0990757942199707
35,train,2.138967514038086
36,train,2.174208879470825
37,train,2.0956273078918457
38,train,2.094971179962158
39,train,2.1795451641082764
40,train,2.0818397998809814
41,train,2.064236879348755
42,train,2.0994150638580322
43,train,2.081260919570923
44,train,2.0828285217285156
45,train,2.0780601501464844
46,train,2.084228754043579
47,train,2.0915770530700684
48,train,1.9933058023452759
49,train,2.1614983081817627
50,train,1.9984850883483887
50,val,2.031050443649292
51,train,2.0038399696350098
52,train,2.1034059524536133
53,train,2.0218191146850586
54,train,2.013551950454712
55,train,1.9600026607513428
56,train,2.083653450012207
57,train,1.8647146224975586
58,train,1.9846068620681763
59,train,2.0288100242614746
60,train,1.9905157089233398
61,train,1.8864550590515137
62,train,1.9989194869995117
63,train,2.0668270587921143
64,train,1.9716567993164062
65,train,2.02158784866333
66,train,1.9319905042648315
67,train,2.0713119506835938
68,train,2.072144031524658
69,train,1.9268555641174316
70,train,1.9361470937728882
71,train,2.0085768699645996
72,train,1.923220157623291
73,train,1.9007433652877808
74,train,2.0379912853240967
75,train,1.8629964590072632
76,train,1.9695647954940796
77,train,1.904694676399231
78,train,1.8729439973831177
79,train,1.9786940813064575
80,train,2.111642360687256
81,train,2.0438477993011475
82,train,2.0280399322509766
83,train,1.9358407258987427
84,train,1.985953450202942
85,train,2.001673460006714
86,train,1.8509272336959839
87,train,2.015855550765991
88,train,1.7885886430740356
89,train,1.876783013343811
90,train,1.951683521270752
91,train,1.9087316989898682
92,train,2.0393264293670654
93,train,1.9580011367797852
94,train,1.8996434211730957
95,train,1.902747392654419
96,train,1.9225189685821533
97,train,1.949788212776184
98,train,1.8956297636032104
99,train,1.9953306913375854
100,train,1.8960639238357544
100,val,1.9272252321243286
101,train,2.0059871673583984
102,train,1.8996872901916504
103,train,1.9313843250274658
104,train,1.9648330211639404
105,train,1.9890367984771729
106,train,1.9402912855148315
107,train,1.8276597261428833
108,train,1.8266701698303223
109,train,1.8578969240188599
110,train,1.9479646682739258
111,train,1.93533456325531
112,train,2.061892509460449
113,train,1.9521061182022095
114,train,1.961456537246704
115,train,1.8802318572998047
116,train,1.9716840982437134
117,train,1.855437994003296
118,train,1.9883854389190674
119,train,1.9023669958114624
120,train,1.947218418121338
121,train,1.9052976369857788
122,train,1.910738468170166
123,train,1.9072843790054321
124,train,1.855015516281128
125,train,1.8465524911880493
126,train,1.8992130756378174
127,train,1.863676905632019
128,train,1.959448218345642
129,train,1.9606482982635498
130,train,1.9264802932739258
131,train,1.8320364952087402
132,train,1.8398000001907349
133,train,1.8100191354751587
134,train,1.9178576469421387
135,train,1.7938075065612793
136,train,1.8475117683410645
137,train,1.7912859916687012
138,train,1.9046355485916138
139,train,1.8605399131774902
140,train,1.820978045463562
141,train,1.8464381694793701
142,train,1.916883945465088
143,train,1.8166205883026123
144,train,1.907149076461792
145,train,1.915371298789978
146,train,1.8851356506347656
147,train,1.8641068935394287
148,train,1.8802247047424316
149,train,1.8572132587432861
150,train,1.9160305261611938
150,val,1.873426914215088
151,train,1.832364797592163
152,train,1.9232358932495117
153,train,1.8807322978973389
154,train,1.8687782287597656
155,train,1.9262524843215942
156,train,1.8137593269348145
157,train,1.9250746965408325
158,train,1.8731791973114014
159,train,1.9675874710083008
160,train,1.9148080348968506
161,train,1.9072279930114746
162,train,1.8099822998046875
163,train,1.8910703659057617
164,train,1.912412166595459
165,train,1.8075251579284668
166,train,1.837814211845398
167,train,1.8023734092712402
168,train,1.8123352527618408
169,train,1.9039580821990967
170,train,1.819623351097107
171,train,1.8598737716674805
172,train,1.929945707321167
173,train,1.9085832834243774
174,train,1.9216307401657104
175,train,1.9054765701293945
176,train,1.9301930665969849
177,train,1.9519842863082886
178,train,1.7985451221466064
179,train,1.8586746454238892
180,train,1.7345194816589355
181,train,1.9025280475616455
182,train,1.7510812282562256
183,train,1.8451354503631592
184,train,1.8322921991348267
185,train,1.9392911195755005
186,train,1.9146215915679932
187,train,1.8625564575195312
188,train,1.819250464439392
189,train,1.8175601959228516
190,train,1.8370929956436157
191,train,1.9561816453933716
192,train,1.8194624185562134
193,train,1.7870781421661377
194,train,1.7807551622390747
195,train,1.8977539539337158
196,train,1.8377944231033325
197,train,1.7646963596343994
198,train,1.7968153953552246
199,train,1.8773137331008911
200,train,1.8248927593231201
200,val,1.832334280014038
201,train,1.8118135929107666
202,train,1.9064427614212036
203,train,1.8683151006698608
204,train,1.8684639930725098
205,train,1.7951977252960205
206,train,1.8143776655197144
207,train,1.8843613862991333
208,train,1.846038818359375
209,train,1.8448410034179688
210,train,1.744621992111206
211,train,1.8485671281814575
212,train,1.8268171548843384
213,train,1.7956130504608154
214,train,1.8369660377502441
215,train,1.7901179790496826
216,train,1.9040004014968872
217,train,1.8489876985549927
218,train,1.718206524848938
219,train,1.852563500404358
220,train,1.8529738187789917
221,train,1.7983371019363403
222,train,1.8682053089141846
223,train,1.8602468967437744
224,train,1.706116795539856
225,train,1.7777074575424194
226,train,1.7383091449737549
227,train,1.8148540258407593
228,train,1.8307280540466309
229,train,1.8292847871780396
230,train,1.828061819076538
231,train,1.7076082229614258
232,train,1.8816319704055786
233,train,1.7598780393600464
234,train,1.7602295875549316
235,train,1.78110933303833
236,train,1.824446439743042
237,train,1.70319664478302
238,train,1.7320011854171753
239,train,1.718044400215149
240,train,1.7099090814590454
241,train,1.8449984788894653
242,train,1.7282284498214722
243,train,1.7378933429718018
244,train,1.849441409111023
245,train,1.8965532779693604
246,train,1.7434251308441162
247,train,1.857217788696289
248,train,1.793227195739746
249,train,1.9099721908569336
250,train,1.806586742401123
250,val,1.8060345649719238
251,train,1.7422600984573364
252,train,1.7783761024475098
253,train,1.7997814416885376
254,train,1.904232382774353
255,train,1.7412575483322144
256,train,1.8463577032089233
257,train,1.8362977504730225
258,train,1.8626372814178467
259,train,1.8179935216903687
260,train,1.7509541511535645
261,train,1.8492529392242432
262,train,1.7881371974945068
263,train,1.7711143493652344
264,train,1.8732084035873413
265,train,1.8238098621368408
266,train,1.7757095098495483
267,train,1.7691564559936523
268,train,1.73426353931427
269,train,1.8622570037841797
270,train,1.8105010986328125
271,train,1.8116012811660767
272,train,1.8974614143371582
273,train,1.7887697219848633
274,train,1.8217320442199707
275,train,1.8235002756118774
276,train,1.7284224033355713
277,train,1.7677438259124756
278,train,1.7607336044311523
279,train,1.8096730709075928
280,train,1.6945340633392334
281,train,1.8096638917922974
282,train,1.7100023031234741
283,train,1.7876636981964111
284,train,1.883081316947937
285,train,1.7819089889526367
286,train,1.859898328781128
287,train,1.7926757335662842
288,train,1.7370128631591797
289,train,1.7147727012634277
290,train,1.759674310684204
291,train,1.7061741352081299
292,train,1.8675345182418823
293,train,1.713875651359558
294,train,1.8407235145568848
295,train,1.7207542657852173
296,train,1.7889935970306396
297,train,1.6756569147109985
298,train,1.8372631072998047
299,train,1.6976544857025146
300,train,1.680245041847229
300,val,1.785136342048645
301,train,1.8173458576202393
302,train,1.7771408557891846
303,train,1.8111177682876587
304,train,1.8206911087036133
305,train,1.7169489860534668
306,train,1.8047022819519043
307,train,1.7382147312164307
308,train,1.758388876914978
309,train,1.748992681503296
310,train,1.7795075178146362
311,train,1.7977046966552734
312,train,1.8923046588897705
313,train,1.7683918476104736
314,train,1.7063504457473755
315,train,1.7885949611663818
316,train,1.6322158575057983
317,train,1.8652842044830322
318,train,1.750727891921997
319,train,1.7140371799468994
320,train,1.7285988330841064
321,train,1.8295608758926392
322,train,1.7765717506408691
323,train,1.711469292640686
324,train,1.7372909784317017
325,train,1.6772058010101318
326,train,1.9108693599700928
327,train,1.69102942943573
328,train,1.8360810279846191
329,train,1.7114261388778687
330,train,1.7998701333999634
331,train,1.7606053352355957
332,train,1.8349940776824951
333,train,1.8480980396270752
334,train,1.850175142288208
335,train,1.783336877822876
336,train,1.78857421875
337,train,1.786091923713684
338,train,1.8059375286102295
339,train,1.8223925828933716
340,train,1.7190654277801514
341,train,1.795204758644104
342,train,1.8082363605499268
343,train,1.7908438444137573
344,train,1.8323571681976318
345,train,1.8106434345245361
346,train,1.7449406385421753
347,train,1.8024907112121582
348,train,1.679518461227417
349,train,1.8169670104980469
350,train,1.896506428718567
350,val,1.7707595825195312
351,train,1.8209112882614136
352,train,1.7750332355499268
353,train,1.756385087966919
354,train,1.7719447612762451
355,train,1.7265286445617676
356,train,1.873450517654419
357,train,1.781299114227295
358,train,1.7404705286026
359,train,1.8181159496307373
360,train,1.7262768745422363
361,train,1.6573374271392822
362,train,1.8126859664916992
363,train,1.8794864416122437
364,train,1.7592923641204834
365,train,1.815218448638916
366,train,1.7782248258590698
367,train,1.8957185745239258
368,train,1.8020991086959839
369,train,1.5517882108688354
370,train,1.8163731098175049
371,train,1.7294197082519531
372,train,1.7513954639434814
373,train,1.647416353225708
374,train,1.8286805152893066
375,train,1.7175720930099487
376,train,1.7006131410598755
377,train,1.6432112455368042
378,train,1.6652140617370605
379,train,1.7756534814834595
380,train,1.6756365299224854
381,train,1.736618995666504
382,train,1.803986668586731
383,train,1.7843096256256104
384,train,1.7087424993515015
385,train,1.7594293355941772
386,train,1.7381932735443115
387,train,1.6579008102416992
388,train,1.8258612155914307
389,train,1.7562118768692017
390,train,1.836215853691101
391,train,1.7327719926834106
392,train,1.7582385540008545
393,train,1.6865739822387695
394,train,1.6202051639556885
395,train,1.6323374509811401
396,train,1.741945505142212
397,train,1.6403775215148926
398,train,1.871582269668579
399,train,1.7550055980682373
400,train,1.815941572189331
400,val,1.761901617050171
401,train,1.6586018800735474
402,train,1.6456174850463867
403,train,1.7352362871170044
404,train,1.6587934494018555
405,train,1.7001926898956299
406,train,1.759598970413208
407,train,1.676903247833252
408,train,1.7400922775268555
409,train,1.760910987854004
410,train,1.7872332334518433
411,train,1.5959033966064453
412,train,1.7755206823349
413,train,1.6977347135543823
414,train,1.7009674310684204
415,train,1.6430962085723877
416,train,1.7570720911026
417,train,1.7301651239395142
418,train,1.7185741662979126
419,train,1.7989192008972168
420,train,1.6684638261795044
421,train,1.6476879119873047
422,train,1.6621272563934326
423,train,1.7778295278549194
424,train,1.788070797920227
425,train,1.709246039390564
426,train,1.6499137878417969
427,train,1.703050136566162
428,train,1.7959966659545898
429,train,1.8075566291809082
430,train,1.7809245586395264
431,train,1.6696604490280151
432,train,1.8593486547470093
433,train,1.7174692153930664
434,train,1.78432035446167
435,train,1.7799172401428223
436,train,1.7025315761566162
437,train,1.6783795356750488
438,train,1.8875482082366943
439,train,1.7714533805847168
440,train,1.7831989526748657
441,train,1.7715187072753906
442,train,1.7811471223831177
443,train,1.721153736114502
444,train,1.72588312625885
445,train,1.7327442169189453
446,train,1.6987738609313965
447,train,1.7493565082550049
448,train,1.693549394607544
449,train,1.679787039756775
450,train,1.59942626953125
450,val,1.7461295127868652
451,train,1.8171420097351074
452,train,1.679687261581421
453,train,1.827039361000061
454,train,1.7758305072784424
455,train,1.6359273195266724
456,train,1.709743857383728
457,train,1.8272093534469604
458,train,1.6004185676574707
459,train,1.805894136428833
460,train,1.7272670269012451
461,train,1.7681621313095093
462,train,1.7736212015151978
463,train,1.7826963663101196
464,train,1.6759061813354492
465,train,1.814175009727478
466,train,1.6981114149093628
467,train,1.7523990869522095
468,train,1.6534643173217773
469,train,1.8069437742233276
470,train,1.6671082973480225
471,train,1.7658605575561523
472,train,1.8667528629302979
473,train,1.7960383892059326
474,train,1.7841814756393433
475,train,1.7867183685302734
476,train,1.8365041017532349
477,train,1.7956163883209229
478,train,1.7223296165466309
479,train,1.6631593704223633
480,train,1.630223035812378
481,train,1.7501565217971802
482,train,1.8167706727981567
483,train,1.6940102577209473
484,train,1.7277138233184814
485,train,1.7734735012054443
486,train,1.7447328567504883
487,train,1.6671388149261475
488,train,1.7401118278503418
489,train,1.5660427808761597
490,train,1.7276196479797363
491,train,1.611816644668579
492,train,1.720375418663025
493,train,1.6489468812942505
494,train,1.7320201396942139
495,train,1.7878272533416748
496,train,1.6299471855163574
497,train,1.7334388494491577
498,train,1.8224573135375977
499,train,1.6028110980987549
500,train,1.7898268699645996
500,val,1.7350068092346191
501,train,1.7587296962738037
502,train,1.7737157344818115
503,train,1.7525516748428345
504,train,1.7663198709487915
505,train,1.7444535493850708
506,train,1.6716817617416382
507,train,1.7429633140563965
508,train,1.7398393154144287
509,train,1.8174902200698853
510,train,1.5830010175704956
511,train,1.57487154006958
512,train,1.6863375902175903
513,train,1.6597890853881836
514,train,1.672296166419983
515,train,1.7784134149551392
516,train,1.7563717365264893
517,train,1.7751127481460571
518,train,1.7194900512695312
519,train,1.7013676166534424
520,train,1.7483785152435303
521,train,1.69429349899292
522,train,1.7125800848007202
523,train,1.6172678470611572
524,train,1.771846055984497
525,train,1.8480110168457031
526,train,1.8154981136322021
527,train,1.7897709608078003
528,train,1.701054334640503
529,train,1.8511003255844116
530,train,1.688276767730713
531,train,1.745627999305725
532,train,1.7420611381530762
533,train,1.754482388496399
534,train,1.708902359008789
535,train,1.6382662057876587
536,train,1.685579538345337
537,train,1.6428745985031128
538,train,1.7371137142181396
539,train,1.7649891376495361
540,train,1.656482219696045
541,train,1.686224102973938
542,train,1.715212345123291
543,train,1.7252142429351807
544,train,1.5292991399765015
545,train,1.670814871788025
546,train,1.8170762062072754
547,train,1.8149932622909546
548,train,1.7330403327941895
549,train,1.7891172170639038
550,train,1.63406503200531
550,val,1.7251653671264648
551,train,1.766189694404602
552,train,1.7242387533187866
553,train,1.5601407289505005
554,train,1.5811233520507812
555,train,1.6093313694000244
556,train,1.597196340560913
557,train,1.705506682395935
558,train,1.7355797290802002
559,train,1.7261006832122803
560,train,1.7347320318222046
561,train,1.7567349672317505
562,train,1.694993019104004
563,train,1.7293986082077026
564,train,1.7592271566390991
565,train,1.7897076606750488
566,train,1.8598952293395996
567,train,1.7789626121520996
568,train,1.7250736951828003
569,train,1.6707967519760132
570,train,1.827354073524475
571,train,1.7193994522094727
572,train,1.7604612112045288
573,train,1.7540254592895508
574,train,1.7826036214828491
575,train,1.741703987121582
576,train,1.7425425052642822
577,train,1.7570936679840088
578,train,1.7529702186584473
579,train,1.6179308891296387
580,train,1.7438238859176636
581,train,1.7938251495361328
582,train,1.7704806327819824
583,train,1.5835305452346802
584,train,1.6135587692260742
585,train,1.7446050643920898
586,train,1.5821751356124878
587,train,1.6342723369598389
588,train,1.8474669456481934
589,train,1.7784231901168823
590,train,1.7493946552276611
591,train,1.787984848022461
592,train,1.6004756689071655
593,train,1.674216628074646
594,train,1.6077810525894165
595,train,1.7165617942810059
596,train,1.6964459419250488
597,train,1.7075817584991455
598,train,1.5806635618209839
599,train,1.5860093832015991
600,train,1.7440252304077148
600,val,1.7147998809814453
601,train,1.6178150177001953
602,train,1.7063055038452148
603,train,1.5651609897613525
604,train,1.683037281036377
605,train,1.6226030588150024
606,train,1.5863298177719116
607,train,1.6815111637115479
608,train,1.675342321395874
609,train,1.6732953786849976
610,train,1.7253382205963135
611,train,1.6640902757644653
612,train,1.6611659526824951
613,train,1.709465503692627
614,train,1.7049119472503662
615,train,1.7146501541137695
616,train,1.7019237279891968
617,train,1.7440356016159058
618,train,1.7189736366271973
619,train,1.6011176109313965
620,train,1.7649952173233032
621,train,1.6042492389678955
622,train,1.7433005571365356
623,train,1.6039340496063232
624,train,1.7457340955734253
625,train,1.6077964305877686
626,train,1.7304625511169434
627,train,1.6846216917037964
628,train,1.477146863937378
629,train,1.6832681894302368
630,train,1.699342131614685
631,train,1.7162424325942993
632,train,1.7476532459259033
633,train,1.762877345085144
634,train,1.6927881240844727
635,train,1.716059923171997
636,train,1.7116937637329102
637,train,1.703291416168213
638,train,1.7722134590148926
639,train,1.7208821773529053
640,train,1.7948459386825562
641,train,1.6812306642532349
642,train,1.741457223892212
643,train,1.7325785160064697
644,train,1.701865553855896
645,train,1.6869901418685913
646,train,1.7745084762573242
647,train,1.7217860221862793
648,train,1.636871099472046
649,train,1.553896427154541
650,train,1.772712230682373
650,val,1.7058355808258057
651,train,1.7646352052688599
652,train,1.6578823328018188
653,train,1.6404166221618652
654,train,1.6768704652786255
655,train,1.684675931930542
656,train,1.814296007156372
657,train,1.656888723373413
658,train,1.6773624420166016
659,train,1.6403826475143433
660,train,1.7580721378326416
661,train,1.6288403272628784
662,train,1.7716401815414429
663,train,1.7331531047821045
664,train,1.6942334175109863
665,train,1.8571277856826782
666,train,1.768633484840393
667,train,1.5685869455337524
668,train,1.77043879032135
669,train,1.762494683265686
670,train,1.6391937732696533
671,train,1.7240617275238037
672,train,1.6604552268981934
673,train,1.6388461589813232
674,train,1.6831552982330322
675,train,1.6848762035369873
676,train,1.654192566871643
677,train,1.7249455451965332
678,train,1.7877742052078247
679,train,1.623000144958496
680,train,1.6536998748779297
681,train,1.8506958484649658
682,train,1.6851736307144165
683,train,1.6615469455718994
684,train,1.7405227422714233
685,train,1.617040753364563
686,train,1.8010585308074951
687,train,1.697770595550537
688,train,1.6433422565460205
689,train,1.612057089805603
690,train,1.5812933444976807
691,train,1.6710655689239502
692,train,1.713874340057373
693,train,1.6585025787353516
694,train,1.6001795530319214
695,train,1.7577483654022217
696,train,1.704216718673706
697,train,1.6053636074066162
698,train,1.662498950958252
699,train,1.600646734237671
700,train,1.6644777059555054
700,val,1.6990700960159302
701,train,1.7843713760375977
702,train,1.7058480978012085
703,train,1.7079228162765503
704,train,1.6425734758377075
705,train,1.766148567199707
706,train,1.8108328580856323
707,train,1.7138867378234863
708,train,1.678810715675354
709,train,1.7218621969223022
710,train,1.6740986108779907
711,train,1.6920363903045654
712,train,1.6917870044708252
713,train,1.8469784259796143
714,train,1.606013536453247
715,train,1.6670308113098145
716,train,1.6791003942489624
717,train,1.7195520401000977
718,train,1.5853826999664307
719,train,1.6021087169647217
720,train,1.7001597881317139
721,train,1.80928635597229
722,train,1.8362118005752563
723,train,1.6658138036727905
724,train,1.4927451610565186
725,train,1.697394609451294
726,train,1.6650118827819824
727,train,1.7573323249816895
728,train,1.64420747756958
729,train,1.5793455839157104
730,train,1.7540422677993774
731,train,1.6596425771713257
732,train,1.630401372909546
733,train,1.6799964904785156
734,train,1.5664820671081543
735,train,1.5336847305297852
736,train,1.7560675144195557
737,train,1.6308412551879883
738,train,1.6046627759933472
739,train,1.6658515930175781
740,train,1.6336596012115479
741,train,1.5292032957077026
742,train,1.771772027015686
743,train,1.7168689966201782
744,train,1.5955696105957031
745,train,1.614544153213501
746,train,1.5593394041061401
747,train,1.7161774635314941
748,train,1.7013051509857178
749,train,1.775526762008667
750,train,1.5820143222808838
750,val,1.6909836530685425
751,train,1.5930734872817993
752,train,1.6195658445358276
753,train,1.8231202363967896
754,train,1.560091257095337
755,train,1.6858456134796143
756,train,1.74837327003479
757,train,1.640227198600769
758,train,1.6288257837295532
759,train,1.5734310150146484
760,train,1.7260717153549194
761,train,1.7260680198669434
762,train,1.8210959434509277
763,train,1.6804481744766235
764,train,1.730853796005249
765,train,1.64166259765625
766,train,1.5684162378311157
767,train,1.7595545053482056
768,train,1.6427059173583984
769,train,1.6428606510162354
770,train,1.7154501676559448
771,train,1.637030839920044
772,train,1.6413564682006836
773,train,1.5895226001739502
774,train,1.6303542852401733
775,train,1.4620838165283203
776,train,1.6931997537612915
777,train,1.7035884857177734
778,train,1.7515172958374023
779,train,1.8194153308868408
780,train,1.6109602451324463
781,train,1.6201286315917969
782,train,1.604212999343872
783,train,1.647539496421814
784,train,1.6680443286895752
785,train,1.5575287342071533
786,train,1.6600794792175293
787,train,1.7995275259017944
788,train,1.6748639345169067
789,train,1.7000539302825928
790,train,1.639223575592041
791,train,1.697040319442749
792,train,1.5094407796859741
793,train,1.592292070388794
794,train,1.657602071762085
795,train,1.6735342741012573
796,train,1.6593928337097168
797,train,1.704509973526001
798,train,1.7228584289550781
799,train,1.6840864419937134
800,train,1.6078070402145386
800,val,1.6838322877883911
801,train,1.6533349752426147
802,train,1.7312041521072388
803,train,1.6919645071029663
804,train,1.6388057470321655
805,train,1.5226471424102783
806,train,1.7212157249450684
807,train,1.7025787830352783
808,train,1.6582467555999756
809,train,1.7654387950897217
810,train,1.670623779296875
811,train,1.5934158563613892
812,train,1.6358048915863037
813,train,1.6217293739318848
814,train,1.6011629104614258
815,train,1.7522847652435303
816,train,1.6888896226882935
817,train,1.5899474620819092
818,train,1.683742880821228
819,train,1.5807983875274658
820,train,1.5361307859420776
821,train,1.5917022228240967
822,train,1.6794542074203491
823,train,1.6380137205123901
824,train,1.7105989456176758
825,train,1.6408674716949463
826,train,1.6783373355865479
827,train,1.587933897972107
828,train,1.6964255571365356
829,train,1.6355171203613281
830,train,1.8475182056427002
831,train,1.6931581497192383
832,train,1.5896046161651611
833,train,1.5677807331085205
834,train,1.573615550994873
835,train,1.7130439281463623
836,train,1.6962919235229492
837,train,1.70875883102417
838,train,1.5153253078460693
839,train,1.5576773881912231
840,train,1.6165361404418945
841,train,1.672672986984253
842,train,1.7209782600402832
843,train,1.67465341091156
844,train,1.645896553993225
845,train,1.5364110469818115
846,train,1.6772491931915283
847,train,1.589789867401123
848,train,1.5486390590667725
849,train,1.5550849437713623
850,train,1.7795231342315674
850,val,1.6802690029144287
851,train,1.5911507606506348
852,train,1.6925837993621826
853,train,1.6908178329467773
854,train,1.5926105976104736
855,train,1.7709890604019165
856,train,1.7250806093215942
857,train,1.6068652868270874
858,train,1.6544408798217773
859,train,1.7301061153411865
860,train,1.5932221412658691
861,train,1.811264991760254
862,train,1.6068614721298218
863,train,1.5969876050949097
864,train,1.7029926776885986
865,train,1.6777105331420898
866,train,1.6727858781814575
867,train,1.7011299133300781
868,train,1.6566208600997925
869,train,1.681146264076233
870,train,1.7047713994979858
871,train,1.7039732933044434
872,train,1.6445997953414917
873,train,1.579962134361267
874,train,1.6671651601791382
875,train,1.5223581790924072
876,train,1.8261516094207764
877,train,1.7341476678848267
878,train,1.6060620546340942
879,train,1.6846098899841309
880,train,1.699718952178955
881,train,1.5726816654205322
882,train,1.6519403457641602
883,train,1.6232752799987793
884,train,1.6193288564682007
885,train,1.6660534143447876
886,train,1.6477863788604736
887,train,1.6863429546356201
888,train,1.5674917697906494
889,train,1.6638102531433105
890,train,1.6245067119598389
891,train,1.7247412204742432
892,train,1.5062510967254639
893,train,1.7730380296707153
894,train,1.5683706998825073
895,train,1.521559476852417
896,train,1.6114963293075562
897,train,1.7002309560775757
898,train,1.638381004333496
899,train,1.655251145362854
900,train,1.6724752187728882
900,val,1.6707407236099243
901,train,1.4981721639633179
902,train,1.6574499607086182
903,train,1.6361031532287598
904,train,1.6845641136169434
905,train,1.6300747394561768
906,train,1.6560462713241577
907,train,1.5548197031021118
908,train,1.6334271430969238
909,train,1.5536961555480957
910,train,1.6700246334075928
911,train,1.5298879146575928
912,train,1.7271760702133179
913,train,1.6446235179901123
914,train,1.6736301183700562
915,train,1.6968579292297363
916,train,1.6524657011032104
917,train,1.6353241205215454
918,train,1.7138166427612305
919,train,1.6969974040985107
920,train,1.7794069051742554
921,train,1.695793867111206
922,train,1.6839897632598877
923,train,1.5958815813064575
924,train,1.6653993129730225
925,train,1.7068021297454834
926,train,1.5906410217285156
927,train,1.5984060764312744
928,train,1.7536067962646484
929,train,1.6498997211456299
930,train,1.6734516620635986
931,train,1.794262409210205
932,train,1.6909735202789307
933,train,1.7530066967010498
934,train,1.6421375274658203
935,train,1.6706979274749756
936,train,1.6511883735656738
937,train,1.6540536880493164
938,train,1.5971908569335938
939,train,1.592146396636963
940,train,1.595890760421753
941,train,1.8058691024780273
942,train,1.687951922416687
943,train,1.6026527881622314
944,train,1.65474271774292
945,train,1.6876620054244995
946,train,1.634777307510376
947,train,1.693297266960144
948,train,1.702157974243164
949,train,1.6579368114471436
950,train,1.575746774673462
950,val,1.664716362953186
951,train,1.6684523820877075
952,train,1.7186064720153809
953,train,1.5918790102005005
954,train,1.4975696802139282
955,train,1.6492270231246948
956,train,1.733934998512268
957,train,1.5175750255584717
958,train,1.6105998754501343
959,train,1.675099492073059
960,train,1.5818836688995361
961,train,1.7469024658203125
962,train,1.6572058200836182
963,train,1.6658315658569336
964,train,1.5469346046447754
965,train,1.5576021671295166
966,train,1.5952504873275757
967,train,1.700206995010376
968,train,1.6352825164794922
969,train,1.6510287523269653
970,train,1.571793794631958
971,train,1.6733653545379639
972,train,1.6240538358688354
973,train,1.5774213075637817
974,train,1.6897814273834229
975,train,1.6616064310073853
976,train,1.5361547470092773
977,train,1.6243698596954346
978,train,1.7048413753509521
979,train,1.5211122035980225
980,train,1.607810378074646
981,train,1.671894907951355
982,train,1.6432244777679443
983,train,1.7462434768676758
984,train,1.6203505992889404
985,train,1.6799964904785156
986,train,1.604970932006836
987,train,1.6678508520126343
988,train,1.5722006559371948
989,train,1.7146104574203491
990,train,1.668954610824585
991,train,1.6125657558441162
992,train,1.7805367708206177
993,train,1.6167114973068237
994,train,1.7748191356658936
995,train,1.6558208465576172
996,train,1.7627211809158325
997,train,1.6879973411560059
998,train,1.634644865989685
999,train,1.706516981124878
1000,train,1.6453289985656738
1000,val,1.6580877304077148
1001,train,1.6021264791488647
1002,train,1.5717750787734985
1003,train,1.6477001905441284
1004,train,1.5759203433990479
1005,train,1.6956816911697388
1006,train,1.6448580026626587
1007,train,1.6749407052993774
1008,train,1.6210472583770752
1009,train,1.7053169012069702
1010,train,1.638556957244873
1011,train,1.7086269855499268
1012,train,1.6028138399124146
1013,train,1.5737208127975464
1014,train,1.4478631019592285
1015,train,1.6049044132232666
1016,train,1.6232860088348389
1017,train,1.6114048957824707
1018,train,1.7220454216003418
1019,train,1.6277742385864258
1020,train,1.6366019248962402
1021,train,1.6437351703643799
1022,train,1.5819451808929443
1023,train,1.639612078666687
1024,train,1.7569135427474976
1025,train,1.8534674644470215
1026,train,1.577895164489746
1027,train,1.674694538116455
1028,train,1.6343885660171509
1029,train,1.5435175895690918
1030,train,1.6510553359985352
1031,train,1.7442752122879028
1032,train,1.5709314346313477
1033,train,1.567283272743225
1034,train,1.723891258239746
1035,train,1.658867359161377
1036,train,1.5828499794006348
1037,train,1.5038065910339355
1038,train,1.8329567909240723
1039,train,1.7141021490097046
1040,train,1.6084591150283813
1041,train,1.6312826871871948
1042,train,1.7729029655456543
1043,train,1.668304681777954
1044,train,1.5069200992584229
1045,train,1.6423401832580566
1046,train,1.5891883373260498
1047,train,1.6689536571502686
1048,train,1.752526879310608
1049,train,1.6271419525146484
1050,train,1.580751895904541
1050,val,1.6550555229187012
1051,train,1.6450449228286743
1052,train,1.5971028804779053
1053,train,1.579210877418518
1054,train,1.6231086254119873
1055,train,1.6693522930145264
1056,train,1.6397085189819336
1057,train,1.5532190799713135
1058,train,1.5569875240325928
1059,train,1.7613390684127808
1060,train,1.693893313407898
1061,train,1.6077054738998413
1062,train,1.615342617034912
1063,train,1.5863418579101562
1064,train,1.6605541706085205
1065,train,1.6307849884033203
1066,train,1.679740309715271
1067,train,1.6933821439743042
1068,train,1.674033284187317
1069,train,1.6688311100006104
1070,train,1.62647545337677
1071,train,1.5005137920379639
1072,train,1.6776633262634277
1073,train,1.627048134803772
1074,train,1.6181015968322754
1075,train,1.6769970655441284
1076,train,1.5157082080841064
1077,train,1.647200345993042
1078,train,1.583264708518982
1079,train,1.6518902778625488
1080,train,1.6274815797805786
1081,train,1.724571943283081
1082,train,1.6982381343841553
1083,train,1.4979021549224854
1084,train,1.5385233163833618
1085,train,1.5597249269485474
1086,train,1.680161476135254
1087,train,1.7082664966583252
1088,train,1.6280736923217773
1089,train,1.685577392578125
1090,train,1.6993366479873657
1091,train,1.6285455226898193
1092,train,1.6005659103393555
1093,train,1.615584135055542
1094,train,1.586648941040039
1095,train,1.7001655101776123
1096,train,1.608405590057373
1097,train,1.5892266035079956
1098,train,1.6468124389648438
1099,train,1.6533920764923096
1100,train,1.57581627368927
1100,val,1.64960777759552
1101,train,1.6364068984985352
1102,train,1.6892589330673218
1103,train,1.6695904731750488
1104,train,1.5727221965789795
1105,train,1.5828913450241089
1106,train,1.6022439002990723
1107,train,1.8131203651428223
1108,train,1.6495686769485474
1109,train,1.7127037048339844
1110,train,1.6971238851547241
1111,train,1.5430017709732056
1112,train,1.6798239946365356
1113,train,1.6867930889129639
1114,train,1.5980818271636963
1115,train,1.5947964191436768
1116,train,1.494239091873169
1117,train,1.6124088764190674
1118,train,1.677727222442627
1119,train,1.643768072128296
1120,train,1.5639474391937256
1121,train,1.6860867738723755
1122,train,1.5916039943695068
1123,train,1.611879825592041
1124,train,1.4471023082733154
1125,train,1.5701019763946533
1126,train,1.6559014320373535
1127,train,1.6981297731399536
1128,train,1.5659300088882446
1129,train,1.6106665134429932
1130,train,1.5461361408233643
1131,train,1.675407886505127
1132,train,1.6721662282943726
1133,train,1.5904645919799805
1134,train,1.6513862609863281
1135,train,1.7005616426467896
1136,train,1.5662733316421509
1137,train,1.6989758014678955
1138,train,1.6984236240386963
1139,train,1.5764682292938232
1140,train,1.783385992050171
1141,train,1.4718226194381714
1142,train,1.5927578210830688
1143,train,1.5975463390350342
1144,train,1.6998810768127441
1145,train,1.6211020946502686
1146,train,1.609352707862854
1147,train,1.6141425371170044
1148,train,1.6024870872497559
1149,train,1.664182424545288
1150,train,1.5816152095794678
1150,val,1.6475372314453125
1151,train,1.5515989065170288
1152,train,1.5917854309082031
1153,train,1.7619835138320923
1154,train,1.6048742532730103
1155,train,1.5991291999816895
1156,train,1.6925759315490723
1157,train,1.6848762035369873
1158,train,1.6952698230743408
1159,train,1.6158361434936523
1160,train,1.617027759552002
1161,train,1.6314597129821777
1162,train,1.6921405792236328
1163,train,1.6038771867752075
1164,train,1.6251004934310913
1165,train,1.6590278148651123
1166,train,1.4850201606750488
1167,train,1.5741679668426514
1168,train,1.629425287246704
1169,train,1.7143144607543945
1170,train,1.6427702903747559
1171,train,1.550406575202942
1172,train,1.5780234336853027
1173,train,1.406325101852417
1174,train,1.7561324834823608
1175,train,1.6369354724884033
1176,train,1.604143500328064
1177,train,1.6216495037078857
1178,train,1.6304162740707397
1179,train,1.6056568622589111
1180,train,1.6120564937591553
1181,train,1.7198338508605957
1182,train,1.707711935043335
1183,train,1.7682454586029053
1184,train,1.7034378051757812
1185,train,1.7295855283737183
1186,train,1.6548552513122559
1187,train,1.6750822067260742
1188,train,1.6250249147415161
1189,train,1.6295017004013062
1190,train,1.574084758758545
1191,train,1.541764497756958
1192,train,1.742648959159851
1193,train,1.747294306755066
1194,train,1.650970458984375
1195,train,1.5416252613067627
1196,train,1.644673466682434
1197,train,1.6701593399047852
1198,train,1.6586620807647705
1199,train,1.6372497081756592
1200,train,1.7358381748199463
1200,val,1.6418635845184326
1201,train,1.6079564094543457
1202,train,1.7510511875152588
1203,train,1.4606540203094482
1204,train,1.6913574934005737
1205,train,1.5812740325927734
1206,train,1.6130231618881226
1207,train,1.6329686641693115
1208,train,1.6497989892959595
1209,train,1.7328745126724243
1210,train,1.7275968790054321
1211,train,1.565380573272705
1212,train,1.531814694404602
1213,train,1.5927691459655762
1214,train,1.473381757736206
1215,train,1.6507648229599
1216,train,1.593447208404541
1217,train,1.624470829963684
1218,train,1.7615282535552979
1219,train,1.6431264877319336
1220,train,1.6458340883255005
1221,train,1.4835789203643799
1222,train,1.6306958198547363
1223,train,1.7265609502792358
1224,train,1.6459276676177979
1225,train,1.5780137777328491
1226,train,1.6976122856140137
1227,train,1.5077261924743652
1228,train,1.6032434701919556
1229,train,1.649910569190979
1230,train,1.6543704271316528
1231,train,1.5198450088500977
1232,train,1.7170994281768799
1233,train,1.5892281532287598
1234,train,1.620743751525879
1235,train,1.630988597869873
1236,train,1.5805811882019043
1237,train,1.4957783222198486
1238,train,1.682229995727539
1239,train,1.5859925746917725
1240,train,1.5812450647354126
1241,train,1.6814405918121338
1242,train,1.6110866069793701
1243,train,1.6157394647598267
1244,train,1.6342439651489258
1245,train,1.5389933586120605
1246,train,1.7055147886276245
1247,train,1.6403921842575073
1248,train,1.593935489654541
1249,train,1.5191471576690674
1250,train,1.605561375617981
1250,val,1.638740062713623
1251,train,1.5896532535552979
1252,train,1.671521782875061
1253,train,1.6241271495819092
1254,train,1.6374764442443848
1255,train,1.5392816066741943
1256,train,1.5598584413528442
1257,train,1.5990867614746094
1258,train,1.6736538410186768
1259,train,1.6834132671356201
1260,train,1.6737492084503174
1261,train,1.5626311302185059
1262,train,1.652151107788086
1263,train,1.6992548704147339
1264,train,1.5271722078323364
1265,train,1.5738394260406494
1266,train,1.6328808069229126
1267,train,1.6590049266815186
1268,train,1.6343492269515991
1269,train,1.706773042678833
1270,train,1.6113147735595703
1271,train,1.5802556276321411
1272,train,1.5912601947784424
1273,train,1.6720962524414062
1274,train,1.719081997871399
1275,train,1.5561895370483398
1276,train,1.715794324874878
1277,train,1.662613868713379
1278,train,1.6229740381240845
1279,train,1.5276896953582764
1280,train,1.6225614547729492
1281,train,1.5800740718841553
1282,train,1.705399751663208
1283,train,1.5287470817565918
1284,train,1.5554001331329346
1285,train,1.7451094388961792
1286,train,1.5303624868392944
1287,train,1.6276845932006836
1288,train,1.643648386001587
1289,train,1.685645580291748
1290,train,1.6927958726882935
1291,train,1.6976292133331299
1292,train,1.6127151250839233
1293,train,1.5722382068634033
1294,train,1.708164095878601
1295,train,1.6528949737548828
1296,train,1.7080585956573486
1297,train,1.562408208847046
1298,train,1.5820375680923462
1299,train,1.6450656652450562
1300,train,1.629836916923523
1300,val,1.6321370601654053
1301,train,1.6121512651443481
1302,train,1.6633661985397339
1303,train,1.598967432975769
1304,train,1.623590350151062
1305,train,1.6170029640197754
1306,train,1.561797857284546
1307,train,1.6830326318740845
1308,train,1.5684294700622559
1309,train,1.6693778038024902
1310,train,1.6725399494171143
1311,train,1.5535016059875488
1312,train,1.565549373626709
1313,train,1.5405818223953247
1314,train,1.5940181016921997
1315,train,1.606632113456726
1316,train,1.6923675537109375
1317,train,1.5351829528808594
1318,train,1.5328161716461182
1319,train,1.5691912174224854
1320,train,1.5630521774291992
1321,train,1.563205599784851
1322,train,1.6453166007995605
1323,train,1.6020960807800293
1324,train,1.4972808361053467
1325,train,1.6773945093154907
1326,train,1.6388143301010132
1327,train,1.4729318618774414
1328,train,1.6290645599365234
1329,train,1.508715033531189
1330,train,1.6115336418151855
1331,train,1.64572012424469
1332,train,1.5741435289382935
1333,train,1.6157450675964355
1334,train,1.6170048713684082
1335,train,1.7147409915924072
1336,train,1.7517791986465454
1337,train,1.764387607574463
1338,train,1.5845105648040771
1339,train,1.7755284309387207
1340,train,1.6364631652832031
1341,train,1.728880524635315
1342,train,1.6564403772354126
1343,train,1.6509110927581787
1344,train,1.7358461618423462
1345,train,1.5365232229232788
1346,train,1.5335273742675781
1347,train,1.64638090133667
1348,train,1.5505841970443726
1349,train,1.6248135566711426
1350,train,1.5678602457046509
1350,val,1.627964735031128
1351,train,1.7411634922027588
1352,train,1.7153921127319336
1353,train,1.6808488368988037
1354,train,1.547766089439392
1355,train,1.6310884952545166
1356,train,1.6530470848083496
1357,train,1.6059448719024658
1358,train,1.6290169954299927
1359,train,1.7342803478240967
1360,train,1.5703082084655762
1361,train,1.680284023284912
1362,train,1.5969152450561523
1363,train,1.5906680822372437
1364,train,1.575415015220642
1365,train,1.7079517841339111
1366,train,1.7105742692947388
1367,train,1.5792063474655151
1368,train,1.5003300905227661
1369,train,1.5556769371032715
1370,train,1.5830177068710327
1371,train,1.567786455154419
1372,train,1.5795949697494507
1373,train,1.6634011268615723
1374,train,1.578011393547058
1375,train,1.6472090482711792
1376,train,1.734420895576477
1377,train,1.5938355922698975
1378,train,1.5977256298065186
1379,train,1.6127172708511353
1380,train,1.6413708925247192
1381,train,1.591299295425415
1382,train,1.6074743270874023
1383,train,1.5067319869995117
1384,train,1.411555290222168
1385,train,1.621774673461914
1386,train,1.5517382621765137
1387,train,1.4634954929351807
1388,train,1.6024001836776733
1389,train,1.693248987197876
1390,train,1.6097173690795898
1391,train,1.724632740020752
1392,train,1.6698981523513794
1393,train,1.6684786081314087
1394,train,1.6453146934509277
1395,train,1.5984086990356445
1396,train,1.488195538520813
1397,train,1.6293679475784302
1398,train,1.576028823852539
1399,train,1.680129885673523
1400,train,1.6221060752868652
1400,val,1.625718116760254
1401,train,1.633711814880371
1402,train,1.5290510654449463
1403,train,1.5648123025894165
1404,train,1.6026949882507324
1405,train,1.5922229290008545
1406,train,1.7173693180084229
1407,train,1.5956435203552246
1408,train,1.60500967502594
1409,train,1.5920380353927612
1410,train,1.517072081565857
1411,train,1.6375529766082764
1412,train,1.5003584623336792
1413,train,1.5047781467437744
1414,train,1.5864248275756836
1415,train,1.5927376747131348
1416,train,1.6978861093521118
1417,train,1.5177853107452393
1418,train,1.5943533182144165
1419,train,1.6027767658233643
1420,train,1.6366842985153198
1421,train,1.6047983169555664
1422,train,1.670068621635437
1423,train,1.6619805097579956
1424,train,1.4750690460205078
1425,train,1.577118158340454
1426,train,1.670573353767395
1427,train,1.7031981945037842
1428,train,1.5555232763290405
1429,train,1.6085834503173828
1430,train,1.5683043003082275
1431,train,1.6473866701126099
1432,train,1.5699124336242676
1433,train,1.5961124897003174
1434,train,1.6796846389770508
1435,train,1.6556806564331055
1436,train,1.6853071451187134
1437,train,1.5856375694274902
1438,train,1.6266939640045166
1439,train,1.592707872390747
1440,train,1.5739096403121948
1441,train,1.5299105644226074
1442,train,1.6105157136917114
1443,train,1.6125214099884033
1444,train,1.5595803260803223
1445,train,1.5474638938903809
1446,train,1.7109867334365845
1447,train,1.5946993827819824
1448,train,1.6061954498291016
1449,train,1.6203569173812866
1450,train,1.7112151384353638
1450,val,1.6199707984924316
1451,train,1.8024251461029053
1452,train,1.5820386409759521
1453,train,1.5195409059524536
1454,train,1.7280319929122925
1455,train,1.671518087387085
1456,train,1.4643548727035522
1457,train,1.618838906288147
1458,train,1.5772852897644043
1459,train,1.6497410535812378
1460,train,1.5372545719146729
1461,train,1.5759124755859375
1462,train,1.555236577987671
1463,train,1.5621806383132935
1464,train,1.6822205781936646
1465,train,1.5935834646224976
1466,train,1.4909164905548096
1467,train,1.545383095741272
1468,train,1.7502447366714478
1469,train,1.6077802181243896
1470,train,1.5367422103881836
1471,train,1.6165879964828491
1472,train,1.5333876609802246
1473,train,1.5460402965545654
1474,train,1.5298142433166504
1475,train,1.5617932081222534
1476,train,1.5923789739608765
1477,train,1.4820493459701538
1478,train,1.618444800376892
1479,train,1.4811153411865234
1480,train,1.4759215116500854
1481,train,1.7144157886505127
1482,train,1.5845024585723877
1483,train,1.592063546180725
1484,train,1.5746055841445923
1485,train,1.7527786493301392
1486,train,1.5581034421920776
1487,train,1.5311788320541382
1488,train,1.5390987396240234
1489,train,1.5310649871826172
1490,train,1.6793025732040405
1491,train,1.6273235082626343
1492,train,1.6404478549957275
1493,train,1.572554111480713
1494,train,1.6072492599487305
1495,train,1.438157081604004
1496,train,1.61513352394104
1497,train,1.7078537940979004
1498,train,1.6296160221099854
1499,train,1.6577122211456299
1500,train,1.5440049171447754
1500,val,1.6184488534927368
1501,train,1.5439502000808716
1502,train,1.6093037128448486
1503,train,1.641028642654419
1504,train,1.5777645111083984
1505,train,1.6579396724700928
1506,train,1.6231675148010254
1507,train,1.5837370157241821
1508,train,1.6055855751037598
1509,train,1.5759263038635254
1510,train,1.4847291707992554
1511,train,1.646087884902954
1512,train,1.5649958848953247
1513,train,1.649636149406433
1514,train,1.6077802181243896
1515,train,1.5962899923324585
1516,train,1.6991889476776123
1517,train,1.6587042808532715
1518,train,1.518653154373169
1519,train,1.605566382408142
1520,train,1.6212109327316284
1521,train,1.6414504051208496
1522,train,1.5719025135040283
1523,train,1.5363070964813232
1524,train,1.6751117706298828
1525,train,1.5007575750350952
1526,train,1.5410640239715576
1527,train,1.5980775356292725
1528,train,1.6367690563201904
1529,train,1.522315502166748
1530,train,1.596045970916748
1531,train,1.6679421663284302
1532,train,1.5360621213912964
1533,train,1.600709319114685
1534,train,1.5581856966018677
1535,train,1.62087082862854
1536,train,1.5389714241027832
1537,train,1.5694984197616577
1538,train,1.5961724519729614
1539,train,1.5396268367767334
1540,train,1.5184013843536377
1541,train,1.5810551643371582
1542,train,1.6860899925231934
1543,train,1.5724174976348877
1544,train,1.715145230293274
1545,train,1.6293253898620605
1546,train,1.5888341665267944
1547,train,1.5050842761993408
1548,train,1.6513131856918335
1549,train,1.488264560699463
1550,train,1.5124590396881104
1550,val,1.613173007965088
1551,train,1.7010098695755005
1552,train,1.463972806930542
1553,train,1.6585590839385986
1554,train,1.497044563293457
1555,train,1.668433427810669
1556,train,1.6242852210998535
1557,train,1.6272305250167847
1558,train,1.4011402130126953
1559,train,1.6207680702209473
1560,train,1.5400245189666748
1561,train,1.4970006942749023
1562,train,1.7025015354156494
1563,train,1.517038106918335
1564,train,1.687357783317566
1565,train,1.5668847560882568
1566,train,1.5626463890075684
1567,train,1.6343340873718262
1568,train,1.6055331230163574
1569,train,1.5392429828643799
1570,train,1.6686288118362427
1571,train,1.531367540359497
1572,train,1.4787023067474365
1573,train,1.6422724723815918
1574,train,1.5522854328155518
1575,train,1.555373191833496
1576,train,1.6807172298431396
1577,train,1.6221681833267212
1578,train,1.5479106903076172
1579,train,1.6469757556915283
1580,train,1.6060435771942139
1581,train,1.6286612749099731
1582,train,1.6102588176727295
1583,train,1.566589593887329
1584,train,1.5554444789886475
1585,train,1.5337445735931396
1586,train,1.6009362936019897
1587,train,1.5987420082092285
1588,train,1.4908580780029297
1589,train,1.5925650596618652
1590,train,1.5646519660949707
1591,train,1.4962842464447021
1592,train,1.5343282222747803
1593,train,1.612779974937439
1594,train,1.6119526624679565
1595,train,1.5399329662322998
1596,train,1.5459654331207275
1597,train,1.6341428756713867
1598,train,1.4918022155761719
1599,train,1.5516879558563232
1600,train,1.665114164352417
1600,val,1.6112499237060547
1601,train,1.6096827983856201
1602,train,1.6431877613067627
1603,train,1.5031965970993042
1604,train,1.5076717138290405
1605,train,1.643903374671936
1606,train,1.5563721656799316
1607,train,1.5849952697753906
1608,train,1.6698811054229736
1609,train,1.571282148361206
1610,train,1.5322556495666504
1611,train,1.6691961288452148
1612,train,1.5679984092712402
1613,train,1.528608798980713
1614,train,1.6007897853851318
1615,train,1.6797759532928467
1616,train,1.4949110746383667
1617,train,1.4298017024993896
1618,train,1.5810564756393433
1619,train,1.5919954776763916
1620,train,1.5862689018249512
1621,train,1.6547062397003174
1622,train,1.5593323707580566
1623,train,1.5026187896728516
1624,train,1.6627428531646729
1625,train,1.5067414045333862
1626,train,1.5521327257156372
1627,train,1.6602897644042969
1628,train,1.671640396118164
1629,train,1.6454442739486694
1630,train,1.7029834985733032
1631,train,1.5994184017181396
1632,train,1.5741872787475586
1633,train,1.583845853805542
1634,train,1.6413371562957764
1635,train,1.6566962003707886
1636,train,1.5996578931808472
1637,train,1.5097248554229736
1638,train,1.6572226285934448
1639,train,1.5699641704559326
1640,train,1.513724684715271
1641,train,1.5087239742279053
1642,train,1.5742038488388062
1643,train,1.4805784225463867
1644,train,1.6569490432739258
1645,train,1.5771318674087524
1646,train,1.5879260301589966
1647,train,1.611307144165039
1648,train,1.6188335418701172
1649,train,1.6133911609649658
1650,train,1.6519383192062378
1650,val,1.6071369647979736
1651,train,1.5358891487121582
1652,train,1.6776971817016602
1653,train,1.5359678268432617
1654,train,1.5065983533859253
1655,train,1.7095152139663696
1656,train,1.4834411144256592
1657,train,1.6385053396224976
1658,train,1.5135080814361572
1659,train,1.7004587650299072
1660,train,1.5620567798614502
1661,train,1.6225049495697021
1662,train,1.6479856967926025
1663,train,1.653615117073059
1664,train,1.4787633419036865
1665,train,1.5997878313064575
1666,train,1.660944938659668
1667,train,1.554744839668274
1668,train,1.5482118129730225
1669,train,1.6522685289382935
1670,train,1.702153205871582
1671,train,1.6065298318862915
1672,train,1.6956919431686401
1673,train,1.607339859008789
1674,train,1.563267469406128
1675,train,1.6084946393966675
1676,train,1.625875473022461
1677,train,1.598476529121399
1678,train,1.6226645708084106
1679,train,1.5289887189865112
1680,train,1.6462759971618652
1681,train,1.5760072469711304
1682,train,1.5072343349456787
1683,train,1.591822862625122
1684,train,1.6120885610580444
1685,train,1.4027769565582275
1686,train,1.5498186349868774
1687,train,1.5168794393539429
1688,train,1.641088843345642
1689,train,1.5544853210449219
1690,train,1.6130973100662231
1691,train,1.6259980201721191
1692,train,1.5915316343307495
1693,train,1.553997278213501
1694,train,1.7058788537979126
1695,train,1.5670980215072632
1696,train,1.6996713876724243
1697,train,1.5430759191513062
1698,train,1.5794637203216553
1699,train,1.50426185131073
1700,train,1.5590914487838745
1700,val,1.6042581796646118
1701,train,1.517022967338562
1702,train,1.616987943649292
1703,train,1.6211990118026733
1704,train,1.555478572845459
1705,train,1.5754704475402832
1706,train,1.4822288751602173
1707,train,1.6489650011062622
1708,train,1.4039781093597412
1709,train,1.5284894704818726
1710,train,1.6094952821731567
1711,train,1.4424601793289185
1712,train,1.5561881065368652
1713,train,1.6309940814971924
1714,train,1.6306403875350952
1715,train,1.5447485446929932
1716,train,1.6342202425003052
1717,train,1.6270922422409058
1718,train,1.4160101413726807
1719,train,1.54831862449646
1720,train,1.4214104413986206
1721,train,1.5350818634033203
1722,train,1.6311064958572388
1723,train,1.5736827850341797
1724,train,1.5832092761993408
1725,train,1.5496406555175781
1726,train,1.6389877796173096
1727,train,1.5318087339401245
1728,train,1.5102818012237549
1729,train,1.5141713619232178
1730,train,1.6023505926132202
1731,train,1.6398485898971558
1732,train,1.5918362140655518
1733,train,1.618326187133789
1734,train,1.6727523803710938
1735,train,1.469667673110962
1736,train,1.5222798585891724
1737,train,1.4633805751800537
1738,train,1.4749232530593872
1739,train,1.4263561964035034
1740,train,1.5900673866271973
1741,train,1.5778629779815674
1742,train,1.6487630605697632
1743,train,1.6079069375991821
1744,train,1.4949508905410767
1745,train,1.6344548463821411
1746,train,1.4700334072113037
1747,train,1.6298201084136963
1748,train,1.6234140396118164
1749,train,1.6595025062561035
1750,train,1.6168116331100464
1750,val,1.6018471717834473
1751,train,1.6226333379745483
1752,train,1.5816800594329834
1753,train,1.626064658164978
1754,train,1.587611198425293
1755,train,1.521146297454834
1756,train,1.6204264163970947
1757,train,1.5043166875839233
1758,train,1.5424224138259888
1759,train,1.5947061777114868
1760,train,1.6164295673370361
1761,train,1.5974109172821045
1762,train,1.5517098903656006
1763,train,1.5643377304077148
1764,train,1.5916166305541992
1765,train,1.6096856594085693
1766,train,1.486986517906189
1767,train,1.5225650072097778
1768,train,1.5847400426864624
1769,train,1.5709275007247925
1770,train,1.6885740756988525
1771,train,1.743786096572876
1772,train,1.6246715784072876
1773,train,1.5115472078323364
1774,train,1.5772349834442139
1775,train,1.5086417198181152
1776,train,1.623347520828247
1777,train,1.5717507600784302
1778,train,1.5864789485931396
1779,train,1.4580050706863403
1780,train,1.6238622665405273
1781,train,1.5849701166152954
1782,train,1.5376367568969727
1783,train,1.5145137310028076
1784,train,1.7089502811431885
1785,train,1.627882957458496
1786,train,1.5929137468338013
1787,train,1.4738889932632446
1788,train,1.4733985662460327
1789,train,1.6144025325775146
1790,train,1.4993698596954346
1791,train,1.6513357162475586
1792,train,1.455369472503662
1793,train,1.5670524835586548
1794,train,1.6462535858154297
1795,train,1.5136467218399048
1796,train,1.5420633554458618
1797,train,1.5641511678695679
1798,train,1.601423740386963
1799,train,1.5260004997253418
1800,train,1.561161994934082
1800,val,1.5960735082626343
1801,train,1.4953725337982178
1802,train,1.6551718711853027
1803,train,1.4683318138122559
1804,train,1.714372992515564
1805,train,1.6088083982467651
1806,train,1.6739716529846191
1807,train,1.6330273151397705
1808,train,1.5383532047271729
1809,train,1.504629373550415
1810,train,1.632067084312439
1811,train,1.6237081289291382
1812,train,1.5728423595428467
1813,train,1.7008187770843506
1814,train,1.6876988410949707
1815,train,1.506377100944519
1816,train,1.6125181913375854
1817,train,1.6359105110168457
1818,train,1.543260931968689
1819,train,1.5132126808166504
1820,train,1.600986361503601
1821,train,1.6067231893539429
1822,train,1.5443305969238281
1823,train,1.6105436086654663
1824,train,1.6202976703643799
1825,train,1.564731478691101
1826,train,1.625079870223999
1827,train,1.608342170715332
1828,train,1.5206210613250732
1829,train,1.6079100370407104
1830,train,1.578198790550232
1831,train,1.5718538761138916
1832,train,1.666908621788025
1833,train,1.5828310251235962
1834,train,1.5739083290100098
1835,train,1.518080234527588
1836,train,1.534746766090393
1837,train,1.6203945875167847
1838,train,1.4455320835113525
1839,train,1.5274113416671753
1840,train,1.6402431726455688
1841,train,1.5119214057922363
1842,train,1.5225234031677246
1843,train,1.5937700271606445
1844,train,1.629204511642456
1845,train,1.4459660053253174
1846,train,1.535507321357727
1847,train,1.5681047439575195
1848,train,1.589706301689148
1849,train,1.5166418552398682
1850,train,1.5828850269317627
1850,val,1.5944147109985352
1851,train,1.5603227615356445
1852,train,1.6044025421142578
1853,train,1.4802721738815308
1854,train,1.5834801197052002
1855,train,1.7077999114990234
1856,train,1.574056625366211
1857,train,1.6082485914230347
1858,train,1.5147761106491089
1859,train,1.5579015016555786
1860,train,1.586969017982483
1861,train,1.5661191940307617
1862,train,1.4950791597366333
1863,train,1.512505054473877
1864,train,1.4972362518310547
1865,train,1.5504653453826904
1866,train,1.5243878364562988
1867,train,1.5525439977645874
1868,train,1.4634976387023926
1869,train,1.3959832191467285
1870,train,1.6465500593185425
1871,train,1.5211671590805054
1872,train,1.6292767524719238
1873,train,1.6045069694519043
1874,train,1.4896764755249023
1875,train,1.4942314624786377
1876,train,1.5082716941833496
1877,train,1.6534911394119263
1878,train,1.4791674613952637
1879,train,1.515242576599121
1880,train,1.7059870958328247
1881,train,1.4968438148498535
1882,train,1.5377156734466553
1883,train,1.7013942003250122
1884,train,1.5310636758804321
1885,train,1.5609651803970337
1886,train,1.5293455123901367
1887,train,1.5706361532211304
1888,train,1.5456525087356567
1889,train,1.5674362182617188
1890,train,1.6109821796417236
1891,train,1.5195722579956055
1892,train,1.4884507656097412
1893,train,1.5003516674041748
1894,train,1.5269560813903809
1895,train,1.5437750816345215
1896,train,1.6221671104431152
1897,train,1.5957658290863037
1898,train,1.650880217552185
1899,train,1.6650657653808594
1900,train,1.5807572603225708
1900,val,1.5897397994995117
1901,train,1.4623184204101562
1902,train,1.5443718433380127
1903,train,1.457129716873169
1904,train,1.4943727254867554
1905,train,1.5876091718673706
1906,train,1.488907814025879
1907,train,1.4394538402557373
1908,train,1.641512155532837
1909,train,1.4221575260162354
1910,train,1.495886206626892
1911,train,1.6875865459442139
1912,train,1.656813144683838
1913,train,1.5892603397369385
1914,train,1.5396804809570312
1915,train,1.6343257427215576
1916,train,1.6162148714065552
1917,train,1.5725393295288086
1918,train,1.693463683128357
1919,train,1.6003837585449219
1920,train,1.6391700506210327
1921,train,1.5922328233718872
1922,train,1.5943580865859985
1923,train,1.5728037357330322
1924,train,1.4771482944488525
1925,train,1.6204833984375
1926,train,1.600579023361206
1927,train,1.5518286228179932
1928,train,1.6484702825546265
1929,train,1.6224048137664795
1930,train,1.5605413913726807
1931,train,1.6390225887298584
1932,train,1.722219705581665
1933,train,1.5664385557174683
1934,train,1.595773696899414
1935,train,1.5757520198822021
1936,train,1.6024479866027832
1937,train,1.5728023052215576
1938,train,1.7605626583099365
1939,train,1.6821426153182983
1940,train,1.5007996559143066
1941,train,1.5599371194839478
1942,train,1.4640259742736816
1943,train,1.5016615390777588
1944,train,1.5806678533554077
1945,train,1.5176883935928345
1946,train,1.5133743286132812
1947,train,1.4692227840423584
1948,train,1.6153299808502197
1949,train,1.605825424194336
1950,train,1.5566391944885254
1950,val,1.5890122652053833
1951,train,1.5483815670013428
1952,train,1.6156337261199951
1953,train,1.4680023193359375
1954,train,1.5592228174209595
1955,train,1.6795458793640137
1956,train,1.6451427936553955
1957,train,1.619521141052246
1958,train,1.5868372917175293
1959,train,1.510020136833191
1960,train,1.5476170778274536
1961,train,1.5288692712783813
1962,train,1.538655161857605
1963,train,1.5026447772979736
1964,train,1.5033388137817383
1965,train,1.4841407537460327
1966,train,1.540252923965454
1967,train,1.6210229396820068
1968,train,1.5661125183105469
1969,train,1.5747754573822021
1970,train,1.544214129447937
1971,train,1.6400128602981567
1972,train,1.4751560688018799
1973,train,1.6338262557983398
1974,train,1.5749387741088867
1975,train,1.5575942993164062
1976,train,1.4596960544586182
1977,train,1.6235758066177368
1978,train,1.442009687423706
1979,train,1.585825800895691
1980,train,1.5950777530670166
1981,train,1.5712618827819824
1982,train,1.7272039651870728
1983,train,1.4657790660858154
1984,train,1.6204168796539307
1985,train,1.6536779403686523
1986,train,1.5462630987167358
1987,train,1.497762680053711
1988,train,1.545466661453247
1989,train,1.715991735458374
1990,train,1.5815390348434448
1991,train,1.532439112663269
1992,train,1.4884202480316162
1993,train,1.6027181148529053
1994,train,1.5386202335357666
1995,train,1.5918002128601074
1996,train,1.6525508165359497
1997,train,1.6286853551864624
1998,train,1.509095549583435
1999,train,1.567805528640747
2000,train,1.541861891746521
2000,val,1.5870895385742188
2001,train,1.5365450382232666
2002,train,1.676515817642212
2003,train,1.5195229053497314
2004,train,1.5631687641143799
2005,train,1.6156394481658936
2006,train,1.5052919387817383
2007,train,1.5134241580963135
2008,train,1.5224539041519165
2009,train,1.537592887878418
2010,train,1.5516026020050049
2011,train,1.608908772468567
2012,train,1.5341212749481201
2013,train,1.537722110748291
2014,train,1.5453964471817017
2015,train,1.667290449142456
2016,train,1.6766809225082397
2017,train,1.598561406135559
2018,train,1.3574416637420654
2019,train,1.4903761148452759
2020,train,1.5907082557678223
2021,train,1.53236722946167
2022,train,1.441378116607666
2023,train,1.5116339921951294
2024,train,1.5160861015319824
2025,train,1.4770100116729736
2026,train,1.5420550107955933
2027,train,1.5279974937438965
2028,train,1.5464187860488892
2029,train,1.568528413772583
2030,train,1.6108354330062866
2031,train,1.6865044832229614
2032,train,1.4886670112609863
2033,train,1.4842075109481812
2034,train,1.6883293390274048
2035,train,1.518784523010254
2036,train,1.5576601028442383
2037,train,1.6092731952667236
2038,train,1.7138240337371826
2039,train,1.5194486379623413
2040,train,1.7311758995056152
2041,train,1.756948709487915
2042,train,1.5062227249145508
2043,train,1.661710262298584
2044,train,1.4864941835403442
2045,train,1.6709786653518677
2046,train,1.6433241367340088
2047,train,1.5000803470611572
2048,train,1.3864574432373047
2049,train,1.5945156812667847
2050,train,1.4970942735671997
2050,val,1.583583950996399
2051,train,1.5988842248916626
2052,train,1.5278568267822266
2053,train,1.5477120876312256
2054,train,1.5007579326629639
2055,train,1.5735752582550049
2056,train,1.7207413911819458
2057,train,1.529274344444275
2058,train,1.6051640510559082
2059,train,1.5594110488891602
2060,train,1.5612679719924927
2061,train,1.5410010814666748
2062,train,1.6416821479797363
2063,train,1.6364412307739258
2064,train,1.5034887790679932
2065,train,1.6089640855789185
2066,train,1.4469568729400635
2067,train,1.6930453777313232
2068,train,1.5301268100738525
2069,train,1.5464115142822266
2070,train,1.5602800846099854
2071,train,1.5967977046966553
2072,train,1.5268919467926025
2073,train,1.5194439888000488
2074,train,1.5183079242706299
2075,train,1.6639753580093384
2076,train,1.5485180616378784
2077,train,1.5878560543060303
2078,train,1.5829918384552002
2079,train,1.547694206237793
2080,train,1.6336628198623657
2081,train,1.6888949871063232
2082,train,1.505964994430542
2083,train,1.68216872215271
2084,train,1.3379273414611816
2085,train,1.551730990409851
2086,train,1.6127797365188599
2087,train,1.499280333518982
2088,train,1.4132790565490723
2089,train,1.5541490316390991
2090,train,1.497359037399292
2091,train,1.4464726448059082
2092,train,1.6246819496154785
2093,train,1.5959067344665527
2094,train,1.6286754608154297
2095,train,1.4713850021362305
2096,train,1.7218077182769775
2097,train,1.586570382118225
2098,train,1.493552565574646
2099,train,1.5603876113891602
2100,train,1.5551955699920654
2100,val,1.5818543434143066
2101,train,1.501816987991333
2102,train,1.4336912631988525
2103,train,1.5472999811172485
2104,train,1.4683688879013062
2105,train,1.6441915035247803
2106,train,1.5104780197143555
2107,train,1.5257346630096436
2108,train,1.4053398370742798
2109,train,1.5392638444900513
2110,train,1.5875431299209595
2111,train,1.659788966178894
2112,train,1.6102811098098755
2113,train,1.610229253768921
2114,train,1.6110601425170898
2115,train,1.3942177295684814
2116,train,1.4679021835327148
2117,train,1.4631115198135376
2118,train,1.635558009147644
2119,train,1.6230335235595703
2120,train,1.5343071222305298
2121,train,1.602735996246338
2122,train,1.6382050514221191
2123,train,1.6314743757247925
2124,train,1.5007340908050537
2125,train,1.5315852165222168
2126,train,1.5843634605407715
2127,train,1.5069165229797363
2128,train,1.5995343923568726
2129,train,1.6435670852661133
2130,train,1.6014986038208008
2131,train,1.5808236598968506
2132,train,1.5603734254837036
2133,train,1.5247069597244263
2134,train,1.517933964729309
2135,train,1.7462190389633179
2136,train,1.5189497470855713
2137,train,1.5111544132232666
2138,train,1.5383840799331665
2139,train,1.5999841690063477
2140,train,1.5161312818527222
2141,train,1.3890032768249512
2142,train,1.5531986951828003
2143,train,1.4948704242706299
2144,train,1.6079447269439697
2145,train,1.6164917945861816
2146,train,1.518315076828003
2147,train,1.6172552108764648
2148,train,1.4898464679718018
2149,train,1.5776463747024536
2150,train,1.690076470375061
2150,val,1.5785291194915771
2151,train,1.39383864402771
2152,train,1.6023294925689697
2153,train,1.5676000118255615
2154,train,1.6341114044189453
2155,train,1.6478357315063477
2156,train,1.5059847831726074
2157,train,1.6005702018737793
2158,train,1.591400384902954
2159,train,1.5443464517593384
2160,train,1.676609754562378
2161,train,1.5095152854919434
2162,train,1.4234553575515747
2163,train,1.550147294998169
2164,train,1.5781151056289673
2165,train,1.6720935106277466
2166,train,1.5515549182891846
2167,train,1.5910365581512451
2168,train,1.6263161897659302
2169,train,1.518747091293335
2170,train,1.530418038368225
2171,train,1.5633397102355957
2172,train,1.5287699699401855
2173,train,1.5438953638076782
2174,train,1.632197380065918
2175,train,1.6229017972946167
2176,train,1.3801295757293701
2177,train,1.4751626253128052
2178,train,1.508583903312683
2179,train,1.4639363288879395
2180,train,1.5600228309631348
2181,train,1.4900785684585571
2182,train,1.5882163047790527
2183,train,1.465018391609192
2184,train,1.696916103363037
2185,train,1.5462486743927002
2186,train,1.560826301574707
2187,train,1.5225439071655273
2188,train,1.5414235591888428
2189,train,1.6289397478103638
2190,train,1.5279457569122314
2191,train,1.580999732017517
2192,train,1.6045969724655151
2193,train,1.5766633749008179
2194,train,1.5355827808380127
2195,train,1.5654610395431519
2196,train,1.5241646766662598
2197,train,1.5586390495300293
2198,train,1.675559401512146
2199,train,1.5122201442718506
2200,train,1.4376294612884521
2200,val,1.576898217201233
2201,train,1.5263326168060303
2202,train,1.531801462173462
2203,train,1.6369030475616455
2204,train,1.6255879402160645
2205,train,1.4079869985580444
2206,train,1.5830824375152588
2207,train,1.5772446393966675
2208,train,1.7543137073516846
2209,train,1.503649115562439
2210,train,1.540497899055481
2211,train,1.5402987003326416
2212,train,1.5890800952911377
2213,train,1.4856500625610352
2214,train,1.586555004119873
2215,train,1.430525541305542
2216,train,1.5441055297851562
2217,train,1.5526179075241089
2218,train,1.6216366291046143
2219,train,1.5247604846954346
2220,train,1.5134843587875366
2221,train,1.6020190715789795
2222,train,1.5085736513137817
2223,train,1.5696461200714111
2224,train,1.5727988481521606
2225,train,1.533804178237915
2226,train,1.6087093353271484
2227,train,1.5321874618530273
2228,train,1.5014159679412842
2229,train,1.5576889514923096
2230,train,1.6025750637054443
2231,train,1.674241065979004
2232,train,1.4912687540054321
2233,train,1.5662187337875366
2234,train,1.500435471534729
2235,train,1.5841137170791626
2236,train,1.5011626482009888
2237,train,1.5889828205108643
2238,train,1.5683456659317017
2239,train,1.5395663976669312
2240,train,1.5499062538146973
2241,train,1.5739390850067139
2242,train,1.4918519258499146
2243,train,1.4637868404388428
2244,train,1.658869981765747
2245,train,1.5683611631393433
2246,train,1.5828393697738647
2247,train,1.4768041372299194
2248,train,1.4611446857452393
2249,train,1.6070396900177002
2250,train,1.5288759469985962
2250,val,1.5743563175201416
2251,train,1.5063828229904175
2252,train,1.6482195854187012
2253,train,1.5713738203048706
2254,train,1.5499945878982544
2255,train,1.532178521156311
2256,train,1.5781267881393433
2257,train,1.4835870265960693
2258,train,1.4963737726211548
2259,train,1.569754958152771
2260,train,1.5666568279266357
2261,train,1.5734138488769531
2262,train,1.5613093376159668
2263,train,1.5469764471054077
2264,train,1.6423283815383911
2265,train,1.4963622093200684
2266,train,1.4888633489608765
2267,train,1.671339750289917
2268,train,1.5625909566879272
2269,train,1.5253933668136597
2270,train,1.4810541868209839
2271,train,1.5211777687072754
2272,train,1.59975266456604
2273,train,1.629199743270874
2274,train,1.5223784446716309
2275,train,1.4685355424880981
2276,train,1.4450982809066772
2277,train,1.5996615886688232
2278,train,1.560632348060608
2279,train,1.4556375741958618
2280,train,1.5826579332351685
2281,train,1.4080626964569092
2282,train,1.6355857849121094
2283,train,1.5722931623458862
2284,train,1.4699305295944214
2285,train,1.658292531967163
2286,train,1.451779842376709
2287,train,1.5428941249847412
2288,train,1.6850451231002808
2289,train,1.5439858436584473
2290,train,1.5128586292266846
2291,train,1.6020044088363647
2292,train,1.5721765756607056
2293,train,1.4826195240020752
2294,train,1.545688509941101
2295,train,1.6377158164978027
2296,train,1.5598204135894775
2297,train,1.5458015203475952
2298,train,1.6137855052947998
2299,train,1.4954861402511597
2300,train,1.5733861923217773
2300,val,1.5733871459960938
2301,train,1.5376887321472168
2302,train,1.5874764919281006
2303,train,1.5274291038513184
2304,train,1.5368131399154663
2305,train,1.5696821212768555
2306,train,1.4646759033203125
2307,train,1.544111728668213
2308,train,1.5120303630828857
2309,train,1.6782608032226562
2310,train,1.5084493160247803
2311,train,1.5723602771759033
2312,train,1.6847224235534668
2313,train,1.538434624671936
2314,train,1.479034185409546
2315,train,1.6284581422805786
2316,train,1.6031527519226074
2317,train,1.5556864738464355
2318,train,1.595956802368164
2319,train,1.5337953567504883
2320,train,1.6527743339538574
2321,train,1.4991633892059326
2322,train,1.594838261604309
2323,train,1.5606952905654907
2324,train,1.712020754814148
2325,train,1.5629183053970337
2326,train,1.654473900794983
2327,train,1.5363125801086426
2328,train,1.4921261072158813
2329,train,1.5485551357269287
2330,train,1.4319981336593628
2331,train,1.57535982131958
2332,train,1.553647756576538
2333,train,1.5322808027267456
2334,train,1.5985279083251953
2335,train,1.4572274684906006
2336,train,1.4635066986083984
2337,train,1.481876254081726
2338,train,1.43975031375885
2339,train,1.5582813024520874
2340,train,1.4037076234817505
2341,train,1.3839703798294067
2342,train,1.4339039325714111
2343,train,1.549634575843811
2344,train,1.5302557945251465
2345,train,1.5177960395812988
2346,train,1.6332591772079468
2347,train,1.4767900705337524
2348,train,1.5898301601409912
2349,train,1.508865475654602
2350,train,1.6374177932739258
2350,val,1.5692192316055298
2351,train,1.5413002967834473
2352,train,1.5696812868118286
2353,train,1.5126545429229736
2354,train,1.5500808954238892
2355,train,1.5262336730957031
2356,train,1.515742540359497
2357,train,1.6854772567749023
2358,train,1.6257798671722412
2359,train,1.6013981103897095
2360,train,1.7350516319274902
2361,train,1.472055196762085
2362,train,1.5590095520019531
2363,train,1.6106643676757812
2364,train,1.699129343032837
2365,train,1.491598129272461
2366,train,1.585748553276062
2367,train,1.51180100440979
2368,train,1.5847865343093872
2369,train,1.5386674404144287
2370,train,1.5461726188659668
2371,train,1.5870563983917236
2372,train,1.5684913396835327
2373,train,1.6318079233169556
2374,train,1.6478283405303955
2375,train,1.6032706499099731
2376,train,1.6367015838623047
2377,train,1.500295639038086
2378,train,1.6568570137023926
2379,train,1.609893560409546
2380,train,1.4713993072509766
2381,train,1.5989205837249756
2382,train,1.5913408994674683
2383,train,1.4957081079483032
2384,train,1.4950826168060303
2385,train,1.5774388313293457
2386,train,1.595091700553894
2387,train,1.5865769386291504
2388,train,1.4750951528549194
2389,train,1.5145337581634521
2390,train,1.497024655342102
2391,train,1.668035864830017
2392,train,1.5937381982803345
2393,train,1.6625964641571045
2394,train,1.5672187805175781
2395,train,1.602897047996521
2396,train,1.5155205726623535
2397,train,1.6422951221466064
2398,train,1.5072740316390991
2399,train,1.499205231666565
2400,train,1.4391459226608276
2400,val,1.5674465894699097
2401,train,1.386669635772705
2402,train,1.501108169555664
2403,train,1.633514165878296
2404,train,1.5629065036773682
2405,train,1.5833635330200195
2406,train,1.5312514305114746
2407,train,1.6355016231536865
2408,train,1.5006544589996338
2409,train,1.5234304666519165
2410,train,1.4609978199005127
2411,train,1.5415245294570923
2412,train,1.572516918182373
2413,train,1.671464204788208
2414,train,1.6506563425064087
2415,train,1.5244121551513672
2416,train,1.5576906204223633
2417,train,1.588440179824829
2418,train,1.5132935047149658
2419,train,1.4964412450790405
2420,train,1.4796844720840454
2421,train,1.5956573486328125
2422,train,1.6366167068481445
2423,train,1.608450174331665
2424,train,1.5570461750030518
2425,train,1.4584248065948486
2426,train,1.4695677757263184
2427,train,1.441800594329834
2428,train,1.5182291269302368
2429,train,1.4218745231628418
2430,train,1.499911904335022
2431,train,1.6206845045089722
2432,train,1.472943902015686
2433,train,1.5040006637573242
2434,train,1.500896692276001
2435,train,1.4961657524108887
2436,train,1.5341969728469849
2437,train,1.4261829853057861
2438,train,1.6945902109146118
2439,train,1.5139483213424683
2440,train,1.598783016204834
2441,train,1.6876702308654785
2442,train,1.552183985710144
2443,train,1.4686980247497559
2444,train,1.5914876461029053
2445,train,1.56962251663208
2446,train,1.572535514831543
2447,train,1.5008435249328613
2448,train,1.5911450386047363
2449,train,1.5142894983291626
2450,train,1.563480257987976
2450,val,1.5643424987792969
2451,train,1.476269006729126
2452,train,1.4509578943252563
2453,train,1.6744372844696045
2454,train,1.489590048789978
2455,train,1.5272281169891357
2456,train,1.4501926898956299
2457,train,1.4970604181289673
2458,train,1.5050733089447021
2459,train,1.6316978931427002
2460,train,1.5609391927719116
2461,train,1.492846965789795
2462,train,1.6243093013763428
2463,train,1.4944502115249634
2464,train,1.4651038646697998
2465,train,1.4738715887069702
2466,train,1.6223771572113037
2467,train,1.4659655094146729
2468,train,1.4269160032272339
2469,train,1.5636461973190308
2470,train,1.5174459218978882
2471,train,1.542502760887146
2472,train,1.5324935913085938
2473,train,1.5197935104370117
2474,train,1.5886536836624146
2475,train,1.4581935405731201
2476,train,1.5237988233566284
2477,train,1.5353577136993408
2478,train,1.5558780431747437
2479,train,1.5173144340515137
2480,train,1.5679550170898438
2481,train,1.5354957580566406
2482,train,1.6396782398223877
2483,train,1.6154595613479614
2484,train,1.6288639307022095
2485,train,1.558740258216858
2486,train,1.5086562633514404
2487,train,1.4305561780929565
2488,train,1.5374436378479004
2489,train,1.5449755191802979
2490,train,1.3281238079071045
2491,train,1.5366966724395752
2492,train,1.5912704467773438
2493,train,1.4033071994781494
2494,train,1.510299563407898
2495,train,1.5432488918304443
2496,train,1.566861867904663
2497,train,1.534214973449707
2498,train,1.5039355754852295
2499,train,1.5494959354400635
2500,train,1.6205017566680908
2500,val,1.565156102180481
2501,train,1.599610447883606
2502,train,1.5790857076644897
2503,train,1.6276741027832031
2504,train,1.5596891641616821
2505,train,1.4649603366851807
2506,train,1.6211189031600952
2507,train,1.4777002334594727
2508,train,1.4459766149520874
2509,train,1.4760559797286987
2510,train,1.5262165069580078
2511,train,1.5041251182556152
2512,train,1.539278268814087
2513,train,1.6982773542404175
2514,train,1.4691683053970337
2515,train,1.4727575778961182
2516,train,1.5557854175567627
2517,train,1.6316803693771362
2518,train,1.673279047012329
2519,train,1.5879908800125122
2520,train,1.655511736869812
2521,train,1.6004960536956787
2522,train,1.5130183696746826
2523,train,1.6028153896331787
2524,train,1.5572288036346436
2525,train,1.491858959197998
2526,train,1.4485615491867065
2527,train,1.4873695373535156
2528,train,1.6520469188690186
2529,train,1.615748643875122
2530,train,1.5344051122665405
2531,train,1.6018874645233154
2532,train,1.5471771955490112
2533,train,1.6649158000946045
2534,train,1.4708869457244873
2535,train,1.5714855194091797
2536,train,1.6438863277435303
2537,train,1.5663937330245972
2538,train,1.3979740142822266
2539,train,1.5632320642471313
2540,train,1.420554757118225
2541,train,1.6288201808929443
2542,train,1.513055682182312
2543,train,1.5575350522994995
2544,train,1.3734335899353027
2545,train,1.5035483837127686
2546,train,1.5687317848205566
2547,train,1.5683412551879883
2548,train,1.4973008632659912
2549,train,1.660332202911377
2550,train,1.6101839542388916
2550,val,1.5608973503112793
2551,train,1.5299091339111328
2552,train,1.5885790586471558
2553,train,1.4203460216522217
2554,train,1.5298298597335815
2555,train,1.6516802310943604
2556,train,1.5609668493270874
2557,train,1.5785713195800781
2558,train,1.5341843366622925
2559,train,1.5473133325576782
2560,train,1.5477346181869507
2561,train,1.5541788339614868
2562,train,1.5728849172592163
2563,train,1.604415774345398
2564,train,1.578368902206421
2565,train,1.5384759902954102
2566,train,1.5031012296676636
2567,train,1.4458972215652466
2568,train,1.591753602027893
2569,train,1.54035484790802
2570,train,1.5593215227127075
2571,train,1.4658440351486206
2572,train,1.532400131225586
2573,train,1.5876613855361938
2574,train,1.4998699426651
2575,train,1.6673191785812378
2576,train,1.40768301486969
2577,train,1.6922223567962646
2578,train,1.5201321840286255
2579,train,1.4099712371826172
2580,train,1.4748578071594238
2581,train,1.5264720916748047
2582,train,1.6342685222625732
2583,train,1.6756525039672852
2584,train,1.4399484395980835
2585,train,1.5941169261932373
2586,train,1.5168933868408203
2587,train,1.372207522392273
2588,train,1.5415983200073242
2589,train,1.5589627027511597
2590,train,1.5420840978622437
2591,train,1.4990835189819336
2592,train,1.5060755014419556
2593,train,1.5870048999786377
2594,train,1.5186065435409546
2595,train,1.4777612686157227
2596,train,1.545232892036438
2597,train,1.5203237533569336
2598,train,1.4665933847427368
2599,train,1.4819879531860352
2600,train,1.4940743446350098
2600,val,1.5587502717971802
2601,train,1.583342432975769
2602,train,1.587221384048462
2603,train,1.5092439651489258
2604,train,1.580424427986145
2605,train,1.4545807838439941
2606,train,1.5715408325195312
2607,train,1.516245722770691
2608,train,1.6582770347595215
2609,train,1.5571119785308838
2610,train,1.4474401473999023
2611,train,1.5135260820388794
2612,train,1.5411112308502197
2613,train,1.5922576189041138
2614,train,1.4388740062713623
2615,train,1.6359546184539795
2616,train,1.5818674564361572
2617,train,1.5481306314468384
2618,train,1.4784739017486572
2619,train,1.5687977075576782
2620,train,1.497184157371521
2621,train,1.5868184566497803
2622,train,1.5641694068908691
2623,train,1.516835331916809
2624,train,1.581905484199524
2625,train,1.5515506267547607
2626,train,1.6522294282913208
2627,train,1.5095547437667847
2628,train,1.5213000774383545
2629,train,1.5349866151809692
2630,train,1.526899814605713
2631,train,1.561221718788147
2632,train,1.6725757122039795
2633,train,1.5232725143432617
2634,train,1.5723059177398682
2635,train,1.5596356391906738
2636,train,1.4011142253875732
2637,train,1.6228044033050537
2638,train,1.570218563079834
2639,train,1.5360982418060303
2640,train,1.4776333570480347
2641,train,1.5370357036590576
2642,train,1.589090347290039
2643,train,1.4377810955047607
2644,train,1.4350781440734863
2645,train,1.5173708200454712
2646,train,1.5402864217758179
2647,train,1.5140522718429565
2648,train,1.589327096939087
2649,train,1.6031880378723145
2650,train,1.5327619314193726
2650,val,1.5569603443145752
2651,train,1.611022710800171
2652,train,1.5357657670974731
2653,train,1.5475139617919922
2654,train,1.5855579376220703
2655,train,1.5833786725997925
2656,train,1.6250406503677368
2657,train,1.4264695644378662
2658,train,1.424235463142395
2659,train,1.3672341108322144
2660,train,1.5100475549697876
2661,train,1.610239028930664
2662,train,1.4191231727600098
2663,train,1.5667961835861206
2664,train,1.4370450973510742
2665,train,1.4245299100875854
2666,train,1.4671533107757568
2667,train,1.550951361656189
2668,train,1.5370842218399048
2669,train,1.5895802974700928
2670,train,1.4668458700180054
2671,train,1.643049716949463
2672,train,1.4089610576629639
2673,train,1.3886953592300415
2674,train,1.483755111694336
2675,train,1.464507818222046
2676,train,1.4491842985153198
2677,train,1.67986261844635
2678,train,1.5324513912200928
2679,train,1.5486193895339966
2680,train,1.4893608093261719
2681,train,1.516692042350769
2682,train,1.369171142578125
2683,train,1.5663145780563354
2684,train,1.5092202425003052
2685,train,1.5831910371780396
2686,train,1.5933951139450073
2687,train,1.4859062433242798
2688,train,1.522273302078247
2689,train,1.516562581062317
2690,train,1.5517261028289795
2691,train,1.4922714233398438
2692,train,1.5435965061187744
2693,train,1.5326565504074097
2694,train,1.476212978363037
2695,train,1.5250808000564575
2696,train,1.5369879007339478
2697,train,1.5650306940078735
2698,train,1.5953463315963745
2699,train,1.6063662767410278
2700,train,1.4369109869003296
2700,val,1.555370807647705
2701,train,1.6038036346435547
2702,train,1.5763096809387207
2703,train,1.5303598642349243
2704,train,1.6104323863983154
2705,train,1.6830123662948608
2706,train,1.5969372987747192
2707,train,1.3663026094436646
2708,train,1.561145544052124
2709,train,1.4857105016708374
2710,train,1.6124171018600464
2711,train,1.6235337257385254
2712,train,1.6015138626098633
2713,train,1.4522716999053955
2714,train,1.3994884490966797
2715,train,1.5363215208053589
2716,train,1.6088588237762451
2717,train,1.6287325620651245
2718,train,1.4860388040542603
2719,train,1.5359838008880615
2720,train,1.5709943771362305
2721,train,1.5032169818878174
2722,train,1.4701056480407715
2723,train,1.4998705387115479
2724,train,1.5787543058395386
2725,train,1.4298144578933716
2726,train,1.4940216541290283
2727,train,1.599381923675537
2728,train,1.3580656051635742
2729,train,1.4718871116638184
2730,train,1.5511770248413086
2731,train,1.614520788192749
2732,train,1.517632007598877
2733,train,1.6006324291229248
2734,train,1.4425723552703857
2735,train,1.5863187313079834
2736,train,1.5195035934448242
2737,train,1.4835996627807617
2738,train,1.4505345821380615
2739,train,1.5596251487731934
2740,train,1.5737392902374268
2741,train,1.4960120916366577
2742,train,1.5105764865875244
2743,train,1.512891411781311
2744,train,1.5977379083633423
2745,train,1.5302634239196777
2746,train,1.4737517833709717
2747,train,1.5177403688430786
2748,train,1.523664951324463
2749,train,1.407443642616272
2750,train,1.5825281143188477
2750,val,1.55289626121521
2751,train,1.4621583223342896
2752,train,1.7407959699630737
2753,train,1.5038691759109497
2754,train,1.6573268175125122
2755,train,1.5341637134552002
2756,train,1.5128248929977417
2757,train,1.359377145767212
2758,train,1.5915379524230957
2759,train,1.5032920837402344
2760,train,1.456458568572998
2761,train,1.4917949438095093
2762,train,1.5385230779647827
2763,train,1.4982142448425293
2764,train,1.5923891067504883
2765,train,1.4685752391815186
2766,train,1.6098215579986572
2767,train,1.596631407737732
2768,train,1.59653639793396
2769,train,1.4465631246566772
2770,train,1.4284648895263672
2771,train,1.5623586177825928
2772,train,1.5452755689620972
2773,train,1.5166730880737305
2774,train,1.5585832595825195
2775,train,1.378449559211731
2776,train,1.4807502031326294
2777,train,1.521273136138916
2778,train,1.5629703998565674
2779,train,1.4852713346481323
2780,train,1.4551360607147217
2781,train,1.438124418258667
2782,train,1.415436863899231
2783,train,1.409480094909668
2784,train,1.3715957403182983
2785,train,1.718355417251587
2786,train,1.5195690393447876
2787,train,1.583155870437622
2788,train,1.5028244256973267
2789,train,1.4637820720672607
2790,train,1.6256648302078247
2791,train,1.401229739189148
2792,train,1.47868812084198
2793,train,1.4969791173934937
2794,train,1.531446099281311
2795,train,1.5578315258026123
2796,train,1.4926966428756714
2797,train,1.6470469236373901
2798,train,1.4818925857543945
2799,train,1.579189658164978
2800,train,1.5599398612976074
2800,val,1.5511298179626465
2801,train,1.6264629364013672
2802,train,1.5889434814453125
2803,train,1.4445362091064453
2804,train,1.3800857067108154
2805,train,1.4998418092727661
2806,train,1.4088274240493774
2807,train,1.6835700273513794
2808,train,1.5146143436431885
2809,train,1.4190046787261963
2810,train,1.444665789604187
2811,train,1.5626198053359985
2812,train,1.4431049823760986
2813,train,1.4807438850402832
2814,train,1.6047029495239258
2815,train,1.4871826171875
2816,train,1.5699217319488525
2817,train,1.6287428140640259
2818,train,1.5358831882476807
2819,train,1.412096619606018
2820,train,1.5407350063323975
2821,train,1.4134016036987305
2822,train,1.52326238155365
2823,train,1.553830623626709
2824,train,1.458578109741211
2825,train,1.5787420272827148
2826,train,1.4918900728225708
2827,train,1.5935099124908447
2828,train,1.3776534795761108
2829,train,1.472956657409668
2830,train,1.4985525608062744
2831,train,1.5245957374572754
2832,train,1.4704006910324097
2833,train,1.4416557550430298
2834,train,1.4647133350372314
2835,train,1.4594709873199463
2836,train,1.5129401683807373
2837,train,1.4737414121627808
2838,train,1.439870834350586
2839,train,1.525432825088501
2840,train,1.52140212059021
2841,train,1.7151528596878052
2842,train,1.4434385299682617
2843,train,1.5271300077438354
2844,train,1.5324723720550537
2845,train,1.5518180131912231
2846,train,1.605342149734497
2847,train,1.5661988258361816
2848,train,1.49494469165802
2849,train,1.5175106525421143
2850,train,1.3723244667053223
2850,val,1.5502879619598389
2851,train,1.497758388519287
2852,train,1.445425033569336
2853,train,1.469700574874878
2854,train,1.5185130834579468
2855,train,1.518383264541626
2856,train,1.5799914598464966
2857,train,1.5389795303344727
2858,train,1.537501573562622
2859,train,1.4050862789154053
2860,train,1.5182393789291382
2861,train,1.5536811351776123
2862,train,1.5583000183105469
2863,train,1.5007765293121338
2864,train,1.6765615940093994
2865,train,1.5757708549499512
2866,train,1.4140836000442505
2867,train,1.4726346731185913
2868,train,1.458383560180664
2869,train,1.53962242603302
2870,train,1.5507631301879883
2871,train,1.5490682125091553
2872,train,1.534163475036621
2873,train,1.5135270357131958
2874,train,1.566992998123169
2875,train,1.466249942779541
2876,train,1.507730484008789
2877,train,1.483984112739563
2878,train,1.4938164949417114
2879,train,1.5601390600204468
2880,train,1.6107481718063354
2881,train,1.5381057262420654
2882,train,1.5536519289016724
2883,train,1.612133502960205
2884,train,1.4524636268615723
2885,train,1.5532013177871704
2886,train,1.4254577159881592
2887,train,1.4808634519577026
2888,train,1.5212661027908325
2889,train,1.5053330659866333
2890,train,1.5599960088729858
2891,train,1.464796781539917
2892,train,1.473638892173767
2893,train,1.5563864707946777
2894,train,1.4118261337280273
2895,train,1.6100800037384033
2896,train,1.4983155727386475
2897,train,1.4478650093078613
2898,train,1.5312244892120361
2899,train,1.6032975912094116
2900,train,1.5293259620666504
2900,val,1.5476765632629395
2901,train,1.5705434083938599
2902,train,1.4465572834014893
2903,train,1.6406707763671875
2904,train,1.6659061908721924
2905,train,1.5498249530792236
2906,train,1.5424113273620605
2907,train,1.4631744623184204
2908,train,1.5067102909088135
2909,train,1.396182894706726
2910,train,1.5462005138397217
2911,train,1.6556425094604492
2912,train,1.4643549919128418
2913,train,1.5531604290008545
2914,train,1.582572340965271
2915,train,1.6346323490142822
2916,train,1.5872375965118408
2917,train,1.4758185148239136
2918,train,1.5378426313400269
2919,train,1.4708797931671143
2920,train,1.5069003105163574
2921,train,1.3994046449661255
2922,train,1.5245143175125122
2923,train,1.512322187423706
2924,train,1.5962705612182617
2925,train,1.511913776397705
2926,train,1.4240155220031738
2927,train,1.4689091444015503
2928,train,1.4306999444961548
2929,train,1.6048797369003296
2930,train,1.540190577507019
2931,train,1.5314306020736694
2932,train,1.5265607833862305
2933,train,1.6575603485107422
2934,train,1.6136986017227173
2935,train,1.4661734104156494
2936,train,1.6194684505462646
2937,train,1.4257328510284424
2938,train,1.5145080089569092
2939,train,1.467482089996338
2940,train,1.5431787967681885
2941,train,1.5033243894577026
2942,train,1.546722173690796
2943,train,1.4384324550628662
2944,train,1.529541015625
2945,train,1.4056172370910645
2946,train,1.5078271627426147
2947,train,1.414344072341919
2948,train,1.5239328145980835
2949,train,1.466320514678955
2950,train,1.501823902130127
2950,val,1.5462799072265625
2951,train,1.6452243328094482
2952,train,1.4773465394973755
2953,train,1.4932769536972046
2954,train,1.4902966022491455
2955,train,1.536525011062622
2956,train,1.512113332748413
2957,train,1.477164626121521
2958,train,1.5770995616912842
2959,train,1.561261534690857
2960,train,1.5825109481811523
2961,train,1.5100054740905762
2962,train,1.5637460947036743
2963,train,1.522943377494812
2964,train,1.4434176683425903
2965,train,1.4353106021881104
2966,train,1.5515605211257935
2967,train,1.5410884618759155
2968,train,1.620089054107666
2969,train,1.5325160026550293
2970,train,1.5741994380950928
2971,train,1.5710089206695557
2972,train,1.5897988080978394
2973,train,1.493289828300476
2974,train,1.6341376304626465
2975,train,1.5970234870910645
2976,train,1.580968976020813
2977,train,1.4605411291122437
2978,train,1.5053764581680298
2979,train,1.4671401977539062
2980,train,1.5012885332107544
2981,train,1.5798184871673584
2982,train,1.7069894075393677
2983,train,1.5304672718048096
2984,train,1.6073275804519653
2985,train,1.44014310836792
2986,train,1.3270705938339233
2987,train,1.5976320505142212
2988,train,1.5226584672927856
2989,train,1.4711848497390747
2990,train,1.4765937328338623
2991,train,1.538952350616455
2992,train,1.5315592288970947
2993,train,1.5456856489181519
2994,train,1.5280355215072632
2995,train,1.4764790534973145
2996,train,1.550363540649414
2997,train,1.5529524087905884
2998,train,1.4715112447738647
2999,train,1.568211317062378
3000,train,1.4221067428588867
3000,val,1.5467751026153564
3001,train,1.4953721761703491
3002,train,1.5493062734603882
3003,train,1.4987465143203735
3004,train,1.5086114406585693
3005,train,1.5984148979187012
3006,train,1.500349760055542
3007,train,1.5834208726882935
3008,train,1.5497430562973022
3009,train,1.4591715335845947
3010,train,1.5156900882720947
3011,train,1.6507936716079712
3012,train,1.4581923484802246
3013,train,1.5815414190292358
3014,train,1.5091004371643066
3015,train,1.5419573783874512
3016,train,1.5044441223144531
3017,train,1.5068764686584473
3018,train,1.5022385120391846
3019,train,1.5854425430297852
3020,train,1.4793102741241455
3021,train,1.4213602542877197
3022,train,1.4939405918121338
3023,train,1.4221909046173096
3024,train,1.4811902046203613
3025,train,1.5687966346740723
3026,train,1.4589977264404297
3027,train,1.5449292659759521
3028,train,1.4665961265563965
3029,train,1.6415605545043945
3030,train,1.506692886352539
3031,train,1.477881908416748
3032,train,1.5352537631988525
3033,train,1.4924662113189697
3034,train,1.5472437143325806
3035,train,1.6351428031921387
3036,train,1.4049420356750488
3037,train,1.5090854167938232
3038,train,1.461178183555603
3039,train,1.5221271514892578
3040,train,1.5161792039871216
3041,train,1.4431743621826172
3042,train,1.4811229705810547
3043,train,1.5763287544250488
3044,train,1.516466498374939
3045,train,1.5291885137557983
3046,train,1.5724221467971802
3047,train,1.5662832260131836
3048,train,1.520510196685791
3049,train,1.50586998462677
3050,train,1.537257194519043
3050,val,1.544583797454834
3051,train,1.5231094360351562
3052,train,1.4568450450897217
3053,train,1.5849454402923584
3054,train,1.4912796020507812
3055,train,1.6426327228546143
3056,train,1.5371348857879639
3057,train,1.4806187152862549
3058,train,1.4395668506622314
3059,train,1.6582597494125366
3060,train,1.5700665712356567
3061,train,1.5730856657028198
3062,train,1.6311602592468262
3063,train,1.470209002494812
3064,train,1.4655051231384277
3065,train,1.5439248085021973
3066,train,1.4687695503234863
3067,train,1.4818363189697266
3068,train,1.5308820009231567
3069,train,1.385741949081421
3070,train,1.5019371509552002
3071,train,1.5081157684326172
3072,train,1.5858702659606934
3073,train,1.5577577352523804
3074,train,1.5489351749420166
3075,train,1.5265918970108032
3076,train,1.494483470916748
3077,train,1.5065524578094482
3078,train,1.5038405656814575
3079,train,1.6145925521850586
3080,train,1.483059287071228
3081,train,1.5492479801177979
3082,train,1.5546513795852661
3083,train,1.4402066469192505
3084,train,1.6354657411575317
3085,train,1.5053589344024658
3086,train,1.4205296039581299
3087,train,1.5689082145690918
3088,train,1.4182929992675781
3089,train,1.5860567092895508
3090,train,1.5045857429504395
3091,train,1.4679720401763916
3092,train,1.5225985050201416
3093,train,1.5536688566207886
3094,train,1.482405424118042
3095,train,1.5155961513519287
3096,train,1.5685737133026123
3097,train,1.5432766675949097
3098,train,1.5804469585418701
3099,train,1.4664052724838257
3100,train,1.4732391834259033
3100,val,1.5405383110046387
3101,train,1.4258872270584106
3102,train,1.4075090885162354
3103,train,1.5114248991012573
3104,train,1.5973472595214844
3105,train,1.548391342163086
3106,train,1.5381261110305786
3107,train,1.5384188890457153
3108,train,1.5042128562927246
3109,train,1.5915207862854004
3110,train,1.4811956882476807
3111,train,1.6136152744293213
3112,train,1.6139676570892334
3113,train,1.3489323854446411
3114,train,1.498065710067749
3115,train,1.4819012880325317
3116,train,1.4808892011642456
3117,train,1.490293264389038
3118,train,1.5770666599273682
3119,train,1.6249926090240479
3120,train,1.5224413871765137
3121,train,1.6880369186401367
3122,train,1.5017374753952026
3123,train,1.5336214303970337
3124,train,1.5205457210540771
3125,train,1.4499881267547607
3126,train,1.5422450304031372
3127,train,1.5163689851760864
3128,train,1.4031140804290771
3129,train,1.5461372137069702
3130,train,1.4395065307617188
3131,train,1.6436668634414673
3132,train,1.5957196950912476
3133,train,1.6400625705718994
3134,train,1.5221179723739624
3135,train,1.5222665071487427
3136,train,1.5474759340286255
3137,train,1.5741859674453735
3138,train,1.5828453302383423
3139,train,1.4797965288162231
3140,train,1.6531641483306885
3141,train,1.486485481262207
3142,train,1.6270534992218018
3143,train,1.5499322414398193
3144,train,1.5360934734344482
3145,train,1.5050437450408936
3146,train,1.5473378896713257
3147,train,1.4073272943496704
3148,train,1.4999635219573975
3149,train,1.5131770372390747
3150,train,1.4277980327606201
3150,val,1.538906455039978
3151,train,1.590226411819458
3152,train,1.5084651708602905
3153,train,1.527968168258667
3154,train,1.5027328729629517
3155,train,1.5154324769973755
3156,train,1.5174267292022705
3157,train,1.4769121408462524
3158,train,1.4439122676849365
3159,train,1.5707013607025146
3160,train,1.5493603944778442
3161,train,1.6623386144638062
3162,train,1.4939560890197754
3163,train,1.4274282455444336
3164,train,1.5583977699279785
3165,train,1.4464294910430908
3166,train,1.6359888315200806
3167,train,1.5410367250442505
3168,train,1.5160846710205078
3169,train,1.6015737056732178
3170,train,1.4748326539993286
3171,train,1.5609925985336304
3172,train,1.38419771194458
3173,train,1.5088592767715454
3174,train,1.5093183517456055
3175,train,1.443280577659607
3176,train,1.5912814140319824
3177,train,1.5044035911560059
3178,train,1.5111783742904663
3179,train,1.5316214561462402
3180,train,1.5187010765075684
3181,train,1.5425350666046143
3182,train,1.581493854522705
3183,train,1.4076818227767944
3184,train,1.5314972400665283
3185,train,1.535984754562378
3186,train,1.5780261754989624
3187,train,1.510133981704712
3188,train,1.6093089580535889
3189,train,1.4339394569396973
3190,train,1.5902166366577148
3191,train,1.4908483028411865
3192,train,1.4984108209609985
3193,train,1.530404806137085
3194,train,1.473771572113037
3195,train,1.4967666864395142
3196,train,1.5896599292755127
3197,train,1.3909854888916016
3198,train,1.5703173875808716
3199,train,1.3503589630126953
3200,train,1.3586572408676147
3200,val,1.5375041961669922
3201,train,1.4156196117401123
3202,train,1.5559724569320679
3203,train,1.6021349430084229
3204,train,1.5368945598602295
3205,train,1.6170995235443115
3206,train,1.549174189567566
3207,train,1.5224751234054565
3208,train,1.4787712097167969
3209,train,1.4678702354431152
3210,train,1.5346803665161133
3211,train,1.579336166381836
3212,train,1.4696755409240723
3213,train,1.5566291809082031
3214,train,1.3946629762649536
3215,train,1.473268985748291
3216,train,1.5421533584594727
3217,train,1.5042588710784912
3218,train,1.5366402864456177
3219,train,1.5757479667663574
3220,train,1.4389348030090332
3221,train,1.6074986457824707
3222,train,1.4814105033874512
3223,train,1.3812832832336426
3224,train,1.5140999555587769
3225,train,1.5999019145965576
3226,train,1.3899438381195068
3227,train,1.4262892007827759
3228,train,1.4179643392562866
3229,train,1.486994743347168
3230,train,1.5325310230255127
3231,train,1.5811508893966675
3232,train,1.3683867454528809
3233,train,1.6243945360183716
3234,train,1.6256906986236572
3235,train,1.5617592334747314
3236,train,1.4757972955703735
3237,train,1.550791621208191
3238,train,1.62691068649292
3239,train,1.6237802505493164
3240,train,1.4258878231048584
3241,train,1.488189697265625
3242,train,1.4451130628585815
3243,train,1.59088134765625
3244,train,1.4239617586135864
3245,train,1.5215100049972534
3246,train,1.4511809349060059
3247,train,1.4748852252960205
3248,train,1.4520994424819946
3249,train,1.4642683267593384
3250,train,1.3630220890045166
3250,val,1.5360609292984009
3251,train,1.4743362665176392
3252,train,1.4962824583053589
3253,train,1.4083633422851562
3254,train,1.54780113697052
3255,train,1.4338245391845703
3256,train,1.502592921257019
3257,train,1.5230345726013184
3258,train,1.339367389678955
3259,train,1.5518124103546143
3260,train,1.5260891914367676
3261,train,1.5446555614471436
3262,train,1.4703145027160645
3263,train,1.520555019378662
3264,train,1.5920312404632568
3265,train,1.5696206092834473
3266,train,1.4780431985855103
3267,train,1.442426323890686
3268,train,1.4214462041854858
3269,train,1.4739034175872803
3270,train,1.596134066581726
3271,train,1.55133855342865
3272,train,1.4318151473999023
3273,train,1.4989516735076904
3274,train,1.5939664840698242
3275,train,1.5030498504638672
3276,train,1.4870858192443848
3277,train,1.476635456085205
3278,train,1.4163527488708496
3279,train,1.3978883028030396
3280,train,1.4785220623016357
3281,train,1.5623047351837158
3282,train,1.6118963956832886
3283,train,1.5432438850402832
3284,train,1.472813367843628
3285,train,1.515481948852539
3286,train,1.524165391921997
3287,train,1.4641507863998413
3288,train,1.384372353553772
3289,train,1.417111873626709
3290,train,1.4789350032806396
3291,train,1.5341261625289917
3292,train,1.5155577659606934
3293,train,1.5236473083496094
3294,train,1.4820430278778076
3295,train,1.548004388809204
3296,train,1.3874717950820923
3297,train,1.5162434577941895
3298,train,1.5177900791168213
3299,train,1.6088718175888062
3300,train,1.6364519596099854
3300,val,1.5355231761932373
3301,train,1.5307575464248657
3302,train,1.626819372177124
3303,train,1.5372390747070312
3304,train,1.447523832321167
3305,train,1.4227781295776367
3306,train,1.5588895082473755
3307,train,1.4513299465179443
3308,train,1.430824875831604
3309,train,1.4757161140441895
3310,train,1.3618676662445068
3311,train,1.523745059967041
3312,train,1.395995855331421
3313,train,1.542069435119629
3314,train,1.5966436862945557
3315,train,1.552192211151123
3316,train,1.488839864730835
3317,train,1.5117965936660767
3318,train,1.5202367305755615
3319,train,1.5737872123718262
3320,train,1.6273860931396484
3321,train,1.5296554565429688
3322,train,1.4263231754302979
3323,train,1.402485728263855
3324,train,1.523280382156372
3325,train,1.5122644901275635
3326,train,1.564499020576477
3327,train,1.4558091163635254
3328,train,1.5543943643569946
3329,train,1.5403484106063843
3330,train,1.5573045015335083
3331,train,1.3072741031646729
3332,train,1.5218942165374756
3333,train,1.4698288440704346
3334,train,1.5610740184783936
3335,train,1.5337337255477905
3336,train,1.4717750549316406
3337,train,1.6226322650909424
3338,train,1.6323126554489136
3339,train,1.410872459411621
3340,train,1.5202502012252808
3341,train,1.5599358081817627
3342,train,1.6232569217681885
3343,train,1.5837225914001465
3344,train,1.5886949300765991
3345,train,1.4780012369155884
3346,train,1.511271595954895
3347,train,1.6379773616790771
3348,train,1.4638242721557617
3349,train,1.5667043924331665
3350,train,1.4657983779907227
3350,val,1.5338618755340576
3351,train,1.4938348531723022
3352,train,1.5428696870803833
3353,train,1.5699955224990845
3354,train,1.480991244316101
3355,train,1.576687216758728
3356,train,1.4252099990844727
3357,train,1.5634238719940186
3358,train,1.4958813190460205
3359,train,1.5135774612426758
3360,train,1.6028656959533691
3361,train,1.4726427793502808
3362,train,1.48704195022583
3363,train,1.6066784858703613
3364,train,1.555361270904541
3365,train,1.4949114322662354
3366,train,1.5257985591888428
3367,train,1.5020867586135864
3368,train,1.4689568281173706
3369,train,1.5247554779052734
3370,train,1.5551319122314453
3371,train,1.438593864440918
3372,train,1.4915125370025635
3373,train,1.5960192680358887
3374,train,1.5936992168426514
3375,train,1.531336784362793
3376,train,1.6334651708602905
3377,train,1.5099749565124512
3378,train,1.5144803524017334
3379,train,1.6264503002166748
3380,train,1.4965914487838745
3381,train,1.5491267442703247
3382,train,1.5782140493392944
3383,train,1.6367820501327515
3384,train,1.4637858867645264
3385,train,1.5858149528503418
3386,train,1.5001939535140991
3387,train,1.5060298442840576
3388,train,1.5412853956222534
3389,train,1.517902135848999
3390,train,1.4596291780471802
3391,train,1.5170434713363647
3392,train,1.48244309425354
3393,train,1.4509919881820679
3394,train,1.4468914270401
3395,train,1.5323078632354736
3396,train,1.4903600215911865
3397,train,1.4655894041061401
3398,train,1.4568202495574951
3399,train,1.483467936515808
3400,train,1.5417486429214478
3400,val,1.5320641994476318
3401,train,1.5240564346313477
3402,train,1.486151933670044
3403,train,1.3791245222091675
3404,train,1.494107961654663
3405,train,1.341881275177002
3406,train,1.4446780681610107
3407,train,1.397631049156189
3408,train,1.592035174369812
3409,train,1.4357413053512573
3410,train,1.5305392742156982
3411,train,1.3839526176452637
3412,train,1.5129988193511963
3413,train,1.555678129196167
3414,train,1.4876866340637207
3415,train,1.4546990394592285
3416,train,1.535310983657837
3417,train,1.483934760093689
3418,train,1.494377851486206
3419,train,1.4190748929977417
3420,train,1.5478657484054565
3421,train,1.5070935487747192
3422,train,1.486051321029663
3423,train,1.5153266191482544
3424,train,1.5133408308029175
3425,train,1.5627903938293457
3426,train,1.506860613822937
3427,train,1.524121642112732
3428,train,1.6051445007324219
3429,train,1.474467158317566
3430,train,1.6476446390151978
3431,train,1.5961042642593384
3432,train,1.5953081846237183
3433,train,1.5192461013793945
3434,train,1.540644645690918
3435,train,1.622788906097412
3436,train,1.5750670433044434
3437,train,1.547284483909607
3438,train,1.5130140781402588
3439,train,1.3953419923782349
3440,train,1.5311814546585083
3441,train,1.40199613571167
3442,train,1.5542986392974854
3443,train,1.4587405920028687
3444,train,1.478546380996704
3445,train,1.5232925415039062
3446,train,1.5545613765716553
3447,train,1.4731289148330688
3448,train,1.5166449546813965
3449,train,1.6023961305618286
3450,train,1.4608650207519531
3450,val,1.5306494235992432
3451,train,1.5447895526885986
3452,train,1.4801743030548096
3453,train,1.4649847745895386
3454,train,1.525808572769165
3455,train,1.6234371662139893
3456,train,1.472499132156372
3457,train,1.6264177560806274
3458,train,1.46720290184021
3459,train,1.4820034503936768
3460,train,1.5194939374923706
3461,train,1.4908421039581299
3462,train,1.5382587909698486
3463,train,1.511359691619873
3464,train,1.385886788368225
3465,train,1.5424412488937378
3466,train,1.5479226112365723
3467,train,1.4966669082641602
3468,train,1.5890216827392578
3469,train,1.4873747825622559
3470,train,1.5097275972366333
3471,train,1.6187548637390137
3472,train,1.435433030128479
3473,train,1.4839907884597778
3474,train,1.4645687341690063
3475,train,1.4854456186294556
3476,train,1.4274744987487793
3477,train,1.5156439542770386
3478,train,1.4653120040893555
3479,train,1.5370839834213257
3480,train,1.611702799797058
3481,train,1.4095301628112793
3482,train,1.525864839553833
3483,train,1.55367112159729
3484,train,1.4155118465423584
3485,train,1.4345215559005737
3486,train,1.5017527341842651
3487,train,1.4787466526031494
3488,train,1.5924549102783203
3489,train,1.4135186672210693
3490,train,1.4530726671218872
3491,train,1.4078056812286377
3492,train,1.4485008716583252
3493,train,1.4904810190200806
3494,train,1.5855939388275146
3495,train,1.4295142889022827
3496,train,1.5361175537109375
3497,train,1.6165138483047485
3498,train,1.555680274963379
3499,train,1.503876805305481
3500,train,1.5091006755828857
3500,val,1.529281735420227
3501,train,1.5216100215911865
3502,train,1.4047961235046387
3503,train,1.5427805185317993
3504,train,1.5829967260360718
3505,train,1.5548404455184937
3506,train,1.4929695129394531
3507,train,1.5856239795684814
3508,train,1.6645413637161255
3509,train,1.5403326749801636
3510,train,1.4802870750427246
3511,train,1.5293409824371338
3512,train,1.4414772987365723
3513,train,1.5848369598388672
3514,train,1.612866997718811
3515,train,1.4130500555038452
3516,train,1.3961904048919678
3517,train,1.6077316999435425
3518,train,1.5134824514389038
3519,train,1.563441276550293
3520,train,1.5609084367752075
3521,train,1.4053877592086792
3522,train,1.4715653657913208
3523,train,1.559723138809204
3524,train,1.4516725540161133
3525,train,1.5712718963623047
3526,train,1.538577675819397
3527,train,1.5604677200317383
3528,train,1.5047647953033447
3529,train,1.4335598945617676
3530,train,1.6125866174697876
3531,train,1.4505815505981445
3532,train,1.5985851287841797
3533,train,1.4902801513671875
3534,train,1.4717994928359985
3535,train,1.4529865980148315
3536,train,1.532267451286316
3537,train,1.4903978109359741
3538,train,1.5043015480041504
3539,train,1.471609354019165
3540,train,1.5412547588348389
3541,train,1.5010261535644531
3542,train,1.4873218536376953
3543,train,1.5421981811523438
3544,train,1.3781437873840332
3545,train,1.4943475723266602
3546,train,1.4647388458251953
3547,train,1.4204579591751099
3548,train,1.6243582963943481
3549,train,1.485987663269043
3550,train,1.622675895690918
3550,val,1.5294549465179443
3551,train,1.5376800298690796
3552,train,1.445397138595581
3553,train,1.46816086769104
3554,train,1.4424387216567993
3555,train,1.5915356874465942
3556,train,1.56932532787323
3557,train,1.4415552616119385
3558,train,1.5491610765457153
3559,train,1.6269044876098633
3560,train,1.493325114250183
3561,train,1.4683481454849243
3562,train,1.5188734531402588
3563,train,1.4489929676055908
3564,train,1.4876887798309326
3565,train,1.5871514081954956
3566,train,1.4955081939697266
3567,train,1.6189380884170532
3568,train,1.412588357925415
3569,train,1.5113475322723389
3570,train,1.4391810894012451
3571,train,1.4947550296783447
3572,train,1.427384376525879
3573,train,1.5362132787704468
3574,train,1.4666264057159424
3575,train,1.5942468643188477
3576,train,1.5448905229568481
3577,train,1.525753140449524
3578,train,1.5465540885925293
3579,train,1.5098793506622314
3580,train,1.6058573722839355
3581,train,1.4961814880371094
3582,train,1.458611249923706
3583,train,1.5285899639129639
3584,train,1.5674514770507812
3585,train,1.529703140258789
3586,train,1.4095512628555298
3587,train,1.4714539051055908
3588,train,1.571732521057129
3589,train,1.600428819656372
3590,train,1.3960323333740234
3591,train,1.374116063117981
3592,train,1.5532937049865723
3593,train,1.4509501457214355
3594,train,1.5946249961853027
3595,train,1.3799495697021484
3596,train,1.544176459312439
3597,train,1.544413685798645
3598,train,1.6056872606277466
3599,train,1.4376778602600098
3600,train,1.4478222131729126
3600,val,1.5274953842163086
3601,train,1.5106843709945679
3602,train,1.542471170425415
3603,train,1.5209535360336304
3604,train,1.4244458675384521
3605,train,1.446157455444336
3606,train,1.6865429878234863
3607,train,1.4534029960632324
3608,train,1.5495582818984985
3609,train,1.4729363918304443
3610,train,1.494342565536499
3611,train,1.5578758716583252
3612,train,1.5042146444320679
3613,train,1.4620885848999023
3614,train,1.5437060594558716
3615,train,1.475769281387329
3616,train,1.5753458738327026
3617,train,1.5261694192886353
3618,train,1.5253853797912598
3619,train,1.446915626525879
3620,train,1.6288206577301025
3621,train,1.5724183320999146
3622,train,1.457589030265808
3623,train,1.49098801612854
3624,train,1.5446137189865112
3625,train,1.5628739595413208
3626,train,1.4610673189163208
3627,train,1.462078332901001
3628,train,1.3804067373275757
3629,train,1.5236482620239258
3630,train,1.5175678730010986
3631,train,1.4761863946914673
3632,train,1.5745173692703247
3633,train,1.4864803552627563
3634,train,1.447157859802246
3635,train,1.3687256574630737
3636,train,1.5053492784500122
3637,train,1.6223913431167603
3638,train,1.4348758459091187
3639,train,1.3979759216308594
3640,train,1.6686608791351318
3641,train,1.501760721206665
3642,train,1.4824256896972656
3643,train,1.5005966424942017
3644,train,1.485838532447815
3645,train,1.5526838302612305
3646,train,1.480513572692871
3647,train,1.5447235107421875
3648,train,1.5389231443405151
3649,train,1.523948073387146
3650,train,1.4895392656326294
3650,val,1.5274243354797363
3651,train,1.3428492546081543
3652,train,1.5256786346435547
3653,train,1.367099642753601
3654,train,1.4937703609466553
3655,train,1.5625853538513184
3656,train,1.4701210260391235
3657,train,1.4903826713562012
3658,train,1.589677095413208
3659,train,1.427548885345459
3660,train,1.491385817527771
3661,train,1.5457476377487183
3662,train,1.4995243549346924
3663,train,1.4821829795837402
3664,train,1.5180026292800903
3665,train,1.420865774154663
3666,train,1.5494771003723145
3667,train,1.4224623441696167
3668,train,1.4875156879425049
3669,train,1.4772393703460693
3670,train,1.575939416885376
3671,train,1.426891803741455
3672,train,1.547149896621704
3673,train,1.499599575996399
3674,train,1.5433403253555298
3675,train,1.5663483142852783
3676,train,1.5462554693222046
3677,train,1.478517770767212
3678,train,1.2977488040924072
3679,train,1.5433266162872314
3680,train,1.6616963148117065
3681,train,1.5105901956558228
3682,train,1.485898733139038
3683,train,1.4637782573699951
3684,train,1.5611262321472168
3685,train,1.5173072814941406
3686,train,1.528692364692688
3687,train,1.446686863899231
3688,train,1.562337875366211
3689,train,1.5256657600402832
3690,train,1.4617279767990112
3691,train,1.5803272724151611
3692,train,1.468353271484375
3693,train,1.4720228910446167
3694,train,1.5673246383666992
3695,train,1.38735032081604
3696,train,1.5963801145553589
3697,train,1.4316778182983398
3698,train,1.4670747518539429
3699,train,1.4234857559204102
3700,train,1.5326586961746216
3700,val,1.5245498418807983
3701,train,1.6517599821090698
3702,train,1.4410898685455322
3703,train,1.524776816368103
3704,train,1.6096768379211426
3705,train,1.4665124416351318
3706,train,1.454785943031311
3707,train,1.513332724571228
3708,train,1.468909740447998
3709,train,1.5870131254196167
3710,train,1.473127007484436
3711,train,1.5112375020980835
3712,train,1.4685089588165283
3713,train,1.454819679260254
3714,train,1.5603476762771606
3715,train,1.4769790172576904
3716,train,1.5412577390670776
3717,train,1.497156023979187
3718,train,1.4844964742660522
3719,train,1.5195376873016357
3720,train,1.6195638179779053
3721,train,1.5994787216186523
3722,train,1.406327247619629
3723,train,1.5790703296661377
3724,train,1.4749685525894165
3725,train,1.4611029624938965
3726,train,1.4485626220703125
3727,train,1.584223985671997
3728,train,1.5126508474349976
3729,train,1.5917267799377441
3730,train,1.5556601285934448
3731,train,1.4430186748504639
3732,train,1.5506131649017334
3733,train,1.4339635372161865
3734,train,1.5534312725067139
3735,train,1.3365652561187744
3736,train,1.362294316291809
3737,train,1.4989584684371948
3738,train,1.4950895309448242
3739,train,1.5806365013122559
3740,train,1.4803664684295654
3741,train,1.3815535306930542
3742,train,1.5461974143981934
3743,train,1.4757962226867676
3744,train,1.5676677227020264
3745,train,1.4586265087127686
3746,train,1.4290244579315186
3747,train,1.5469236373901367
3748,train,1.6423602104187012
3749,train,1.567592978477478
3750,train,1.5116567611694336
3750,val,1.5230222940444946
3751,train,1.492872714996338
3752,train,1.570780634880066
3753,train,1.499718189239502
3754,train,1.5541054010391235
3755,train,1.401342749595642
3756,train,1.4540495872497559
3757,train,1.4514044523239136
3758,train,1.5546586513519287
3759,train,1.4877135753631592
3760,train,1.579764723777771
3761,train,1.5139002799987793
3762,train,1.493446946144104
3763,train,1.4837214946746826
3764,train,1.7240045070648193
3765,train,1.4360557794570923
3766,train,1.4779102802276611
3767,train,1.365959882736206
3768,train,1.5175663232803345
3769,train,1.584240198135376
3770,train,1.5314732789993286
3771,train,1.4769508838653564
3772,train,1.5122036933898926
3773,train,1.498002052307129
3774,train,1.573603630065918
3775,train,1.6006810665130615
3776,train,1.4910063743591309
3777,train,1.5428180694580078
3778,train,1.5326062440872192
3779,train,1.4523167610168457
3780,train,1.5997607707977295
3781,train,1.4386956691741943
3782,train,1.4796828031539917
3783,train,1.5049891471862793
3784,train,1.505117416381836
3785,train,1.5439929962158203
3786,train,1.4340860843658447
3787,train,1.386083722114563
3788,train,1.539467215538025
3789,train,1.4689321517944336
3790,train,1.3489797115325928
3791,train,1.4289244413375854
3792,train,1.4846724271774292
3793,train,1.455572485923767
3794,train,1.6024646759033203
3795,train,1.5146522521972656
3796,train,1.6634548902511597
3797,train,1.6242992877960205
3798,train,1.5267105102539062
3799,train,1.5860942602157593
3800,train,1.4834429025650024
3800,val,1.5235222578048706
3801,train,1.4494857788085938
3802,train,1.55145263671875
3803,train,1.5353127717971802
3804,train,1.3980352878570557
3805,train,1.5579309463500977
3806,train,1.47651207447052
3807,train,1.3941673040390015
3808,train,1.5712089538574219
3809,train,1.3358341455459595
3810,train,1.4295305013656616
3811,train,1.4476467370986938
3812,train,1.5441067218780518
3813,train,1.5886350870132446
3814,train,1.5153224468231201
3815,train,1.4182697534561157
3816,train,1.4836125373840332
3817,train,1.4729559421539307
3818,train,1.6181758642196655
3819,train,1.445401668548584
3820,train,1.372597575187683
3821,train,1.5086236000061035
3822,train,1.493947982788086
3823,train,1.5268791913986206
3824,train,1.5304150581359863
3825,train,1.5226068496704102
3826,train,1.6058403253555298
3827,train,1.567030906677246
3828,train,1.392679214477539
3829,train,1.553908348083496
3830,train,1.4724948406219482
3831,train,1.4870481491088867
3832,train,1.4274102449417114
3833,train,1.3626947402954102
3834,train,1.4706841707229614
3835,train,1.543819785118103
3836,train,1.5179002285003662
3837,train,1.4672807455062866
3838,train,1.5076910257339478
3839,train,1.514449119567871
3840,train,1.5783146619796753
3841,train,1.5898975133895874
3842,train,1.481287956237793
3843,train,1.461869716644287
3844,train,1.4226911067962646
3845,train,1.4937156438827515
3846,train,1.4861820936203003
3847,train,1.5087474584579468
3848,train,1.5889015197753906
3849,train,1.475248098373413
3850,train,1.5427985191345215
3850,val,1.5218403339385986
3851,train,1.5098419189453125
3852,train,1.5222760438919067
3853,train,1.603091835975647
3854,train,1.5966321229934692
3855,train,1.4647771120071411
3856,train,1.4355218410491943
3857,train,1.4857771396636963
3858,train,1.403378963470459
3859,train,1.5404589176177979
3860,train,1.5097512006759644
3861,train,1.528135061264038
3862,train,1.4694900512695312
3863,train,1.4525279998779297
3864,train,1.652583360671997
3865,train,1.5043368339538574
3866,train,1.5649681091308594
3867,train,1.5064958333969116
3868,train,1.6241563558578491
3869,train,1.48612380027771
3870,train,1.540028691291809
3871,train,1.3917810916900635
3872,train,1.5008095502853394
3873,train,1.4405434131622314
3874,train,1.4201394319534302
3875,train,1.5588330030441284
3876,train,1.5949667692184448
3877,train,1.5501586198806763
3878,train,1.496930480003357
3879,train,1.579113245010376
3880,train,1.4625169038772583
3881,train,1.5471405982971191
3882,train,1.5350794792175293
3883,train,1.4756183624267578
3884,train,1.5328178405761719
3885,train,1.4002056121826172
3886,train,1.4273712635040283
3887,train,1.404752254486084
3888,train,1.4264209270477295
3889,train,1.4779558181762695
3890,train,1.4467878341674805
3891,train,1.5543427467346191
3892,train,1.4335317611694336
3893,train,1.4920157194137573
3894,train,1.4554417133331299
3895,train,1.4493266344070435
3896,train,1.4630919694900513
3897,train,1.552449107170105
3898,train,1.4830257892608643
3899,train,1.4390101432800293
3900,train,1.5328525304794312
3900,val,1.5221151113510132
3901,train,1.4367097616195679
3902,train,1.474990725517273
3903,train,1.4770269393920898
3904,train,1.5091214179992676
3905,train,1.588632583618164
3906,train,1.5752028226852417
3907,train,1.540947437286377
3908,train,1.579325556755066
3909,train,1.53910493850708
3910,train,1.4888694286346436
3911,train,1.5226612091064453
3912,train,1.5616780519485474
3913,train,1.6063587665557861
3914,train,1.5854713916778564
3915,train,1.5637931823730469
3916,train,1.5136957168579102
3917,train,1.5173715353012085
3918,train,1.6043705940246582
3919,train,1.5078073740005493
3920,train,1.4409679174423218
3921,train,1.488209843635559
3922,train,1.4266119003295898
3923,train,1.3987536430358887
3924,train,1.5453039407730103
3925,train,1.5266547203063965
3926,train,1.5413562059402466
3927,train,1.3410184383392334
3928,train,1.5127816200256348
3929,train,1.6373317241668701
3930,train,1.4521690607070923
3931,train,1.4916799068450928
3932,train,1.471850037574768
3933,train,1.5288562774658203
3934,train,1.5089614391326904
3935,train,1.6074516773223877
3936,train,1.4369069337844849
3937,train,1.6025782823562622
3938,train,1.5624074935913086
3939,train,1.4952164888381958
3940,train,1.4116082191467285
3941,train,1.4601263999938965
3942,train,1.4638516902923584
3943,train,1.4609968662261963
3944,train,1.5394688844680786
3945,train,1.5379419326782227
3946,train,1.5776302814483643
3947,train,1.4088399410247803
3948,train,1.5617903470993042
3949,train,1.4566322565078735
3950,train,1.409885048866272
3950,val,1.5215662717819214
3951,train,1.5605785846710205
3952,train,1.6503281593322754
3953,train,1.4867480993270874
3954,train,1.615612506866455
3955,train,1.530189871788025
3956,train,1.456153154373169
3957,train,1.4749109745025635
3958,train,1.5493277311325073
3959,train,1.5509260892868042
3960,train,1.4209574460983276
3961,train,1.463890552520752
3962,train,1.5224452018737793
3963,train,1.5391072034835815
3964,train,1.5722755193710327
3965,train,1.455698013305664
3966,train,1.4686167240142822
3967,train,1.3397743701934814
3968,train,1.5015020370483398
3969,train,1.5396158695220947
3970,train,1.525956392288208
3971,train,1.3147176504135132
3972,train,1.3790416717529297
3973,train,1.448373794555664
3974,train,1.5152900218963623
3975,train,1.436335802078247
3976,train,1.420112133026123
3977,train,1.4861540794372559
3978,train,1.7101436853408813
3979,train,1.4525411128997803
3980,train,1.5349574089050293
3981,train,1.3504674434661865
3982,train,1.5562961101531982
3983,train,1.4175794124603271
3984,train,1.5683810710906982
3985,train,1.5288118124008179
3986,train,1.4811482429504395
3987,train,1.509758472442627
3988,train,1.489854335784912
3989,train,1.4635528326034546
3990,train,1.5965348482131958
3991,train,1.3961913585662842
3992,train,1.5419583320617676
3993,train,1.5256094932556152
3994,train,1.489225149154663
3995,train,1.6379247903823853
3996,train,1.4574127197265625
3997,train,1.4395833015441895
3998,train,1.4162741899490356
3999,train,1.4441924095153809
4000,train,1.5787477493286133
4000,val,1.5201044082641602
4001,train,1.4166146516799927
4002,train,1.5267400741577148
4003,train,1.5331553220748901
4004,train,1.2866544723510742
4005,train,1.4578378200531006
4006,train,1.5012151002883911
4007,train,1.5221819877624512
4008,train,1.4547703266143799
4009,train,1.6424121856689453
4010,train,1.427452802658081
4011,train,1.6245877742767334
4012,train,1.3157434463500977
4013,train,1.4057844877243042
4014,train,1.4512649774551392
4015,train,1.4995516538619995
4016,train,1.4752774238586426
4017,train,1.4610557556152344
4018,train,1.4754949808120728
4019,train,1.5151922702789307
4020,train,1.6849417686462402
4021,train,1.4973301887512207
4022,train,1.4757356643676758
4023,train,1.5131726264953613
4024,train,1.481250524520874
4025,train,1.3866595029830933
4026,train,1.5809667110443115
4027,train,1.4543218612670898
4028,train,1.5705002546310425
4029,train,1.5655146837234497
4030,train,1.5036438703536987
4031,train,1.5297449827194214
4032,train,1.6479231119155884
4033,train,1.4640969038009644
4034,train,1.4801115989685059
4035,train,1.493861198425293
4036,train,1.5150381326675415
4037,train,1.5279524326324463
4038,train,1.5390467643737793
4039,train,1.478913426399231
4040,train,1.579285979270935
4041,train,1.4650042057037354
4042,train,1.6973057985305786
4043,train,1.5130350589752197
4044,train,1.3793715238571167
4045,train,1.5220487117767334
4046,train,1.5948514938354492
4047,train,1.5660836696624756
4048,train,1.3674079179763794
4049,train,1.360424518585205
4050,train,1.3658252954483032
4050,val,1.5195987224578857
4051,train,1.437186360359192
4052,train,1.4911223649978638
4053,train,1.4825429916381836
4054,train,1.512245774269104
4055,train,1.4631378650665283
4056,train,1.3442167043685913
4057,train,1.3918195962905884
4058,train,1.5165328979492188
4059,train,1.4890003204345703
4060,train,1.4108760356903076
4061,train,1.635792851448059
4062,train,1.553462266921997
4063,train,1.5360113382339478
4064,train,1.5714635848999023
4065,train,1.4777238368988037
4066,train,1.3676090240478516
4067,train,1.495298981666565
4068,train,1.6036337614059448
4069,train,1.4080724716186523
4070,train,1.4188506603240967
4071,train,1.4702625274658203
4072,train,1.5173430442810059
4073,train,1.5953681468963623
4074,train,1.5578033924102783
4075,train,1.528943419456482
4076,train,1.46121346950531
4077,train,1.6051336526870728
4078,train,1.4521312713623047
4079,train,1.5325415134429932
4080,train,1.510925531387329
4081,train,1.4728341102600098
4082,train,1.5075445175170898
4083,train,1.5512094497680664
4084,train,1.4674566984176636
4085,train,1.4517282247543335
4086,train,1.4862940311431885
4087,train,1.4554426670074463
4088,train,1.3970810174942017
4089,train,1.5040498971939087
4090,train,1.4378316402435303
4091,train,1.4193978309631348
4092,train,1.4766590595245361
4093,train,1.4347620010375977
4094,train,1.544478178024292
4095,train,1.4097731113433838
4096,train,1.5483711957931519
4097,train,1.4456522464752197
4098,train,1.6095575094223022
4099,train,1.5890432596206665
4100,train,1.515740156173706
4100,val,1.5160831212997437
4101,train,1.5122708082199097
4102,train,1.6275604963302612
4103,train,1.39516019821167
4104,train,1.564112663269043
4105,train,1.436781883239746
4106,train,1.5296027660369873
4107,train,1.4741301536560059
4108,train,1.4873311519622803
4109,train,1.4321300983428955
4110,train,1.6032665967941284
4111,train,1.7071254253387451
4112,train,1.3677784204483032
4113,train,1.5053709745407104
4114,train,1.5956411361694336
4115,train,1.5820941925048828
4116,train,1.4771175384521484
4117,train,1.531167984008789
4118,train,1.538253903388977
4119,train,1.5179383754730225
4120,train,1.5861061811447144
4121,train,1.4955804347991943
4122,train,1.5629591941833496
4123,train,1.5526182651519775
4124,train,1.553419828414917
4125,train,1.4375052452087402
4126,train,1.4659075736999512
4127,train,1.529088020324707
4128,train,1.4776471853256226
4129,train,1.7305219173431396
4130,train,1.4310210943222046
4131,train,1.3994104862213135
4132,train,1.5972068309783936
4133,train,1.3998126983642578
4134,train,1.4913220405578613
4135,train,1.5092663764953613
4136,train,1.4671828746795654
4137,train,1.4848785400390625
4138,train,1.5931018590927124
4139,train,1.505102276802063
4140,train,1.3650507926940918
4141,train,1.4655370712280273
4142,train,1.3959894180297852
4143,train,1.547719955444336
4144,train,1.473932147026062
4145,train,1.4939124584197998
4146,train,1.487164855003357
4147,train,1.4732800722122192
4148,train,1.5535242557525635
4149,train,1.4356892108917236
4150,train,1.4687474966049194
4150,val,1.515918254852295
4151,train,1.5377806425094604
4152,train,1.471534252166748
4153,train,1.5294020175933838
4154,train,1.4951348304748535
4155,train,1.3936930894851685
4156,train,1.415682315826416
4157,train,1.4978588819503784
4158,train,1.4601001739501953
4159,train,1.4733037948608398
4160,train,1.3246545791625977
4161,train,1.4752891063690186
4162,train,1.4519954919815063
4163,train,1.6226375102996826
4164,train,1.4805232286453247
4165,train,1.5164762735366821
4166,train,1.4233694076538086
4167,train,1.4536802768707275
4168,train,1.4739388227462769
4169,train,1.5168536901474
4170,train,1.468483567237854
4171,train,1.559769630432129
4172,train,1.5079683065414429
4173,train,1.447261929512024
4174,train,1.4797453880310059
4175,train,1.5611443519592285
4176,train,1.490000605583191
4177,train,1.6110607385635376
4178,train,1.5208898782730103
4179,train,1.550674319267273
4180,train,1.6398985385894775
4181,train,1.4311047792434692
4182,train,1.4518461227416992
4183,train,1.5070103406906128
4184,train,1.4281258583068848
4185,train,1.399231195449829
4186,train,1.440680980682373
4187,train,1.5292158126831055
4188,train,1.4569873809814453
4189,train,1.5471681356430054
4190,train,1.4170153141021729
4191,train,1.5262515544891357
4192,train,1.4776442050933838
4193,train,1.4726332426071167
4194,train,1.4330769777297974
4195,train,1.6353352069854736
4196,train,1.5219770669937134
4197,train,1.483394980430603
4198,train,1.4160137176513672
4199,train,1.373117446899414
4200,train,1.47928786277771
4200,val,1.5150365829467773
4201,train,1.6567416191101074
4202,train,1.4939908981323242
4203,train,1.5213518142700195
4204,train,1.4846678972244263
4205,train,1.4437534809112549
4206,train,1.4989895820617676
4207,train,1.4489407539367676
4208,train,1.4086319208145142
4209,train,1.5378022193908691
4210,train,1.4552139043807983
4211,train,1.467590570449829
4212,train,1.5083041191101074
4213,train,1.5928442478179932
4214,train,1.4990509748458862
4215,train,1.4435539245605469
4216,train,1.527918815612793
4217,train,1.5087828636169434
4218,train,1.4231634140014648
4219,train,1.3967468738555908
4220,train,1.4100110530853271
4221,train,1.5192480087280273
4222,train,1.5399008989334106
4223,train,1.492100715637207
4224,train,1.4237984418869019
4225,train,1.490355372428894
4226,train,1.4472365379333496
4227,train,1.7823727130889893
4228,train,1.3651752471923828
4229,train,1.4709174633026123
4230,train,1.5678144693374634
4231,train,1.4411091804504395
4232,train,1.448730230331421
4233,train,1.4654427766799927
4234,train,1.473170518875122
4235,train,1.4525651931762695
4236,train,1.4368997812271118
4237,train,1.498420238494873
4238,train,1.5428420305252075
4239,train,1.3638849258422852
4240,train,1.4441674947738647
4241,train,1.479960322380066
4242,train,1.4225406646728516
4243,train,1.4996602535247803
4244,train,1.4398250579833984
4245,train,1.4849575757980347
4246,train,1.46909499168396
4247,train,1.5436092615127563
4248,train,1.4920704364776611
4249,train,1.438867211341858
4250,train,1.4583238363265991
4250,val,1.5157562494277954
4251,train,1.4059584140777588
4252,train,1.4456071853637695
4253,train,1.395330786705017
4254,train,1.5142977237701416
4255,train,1.467751383781433
4256,train,1.5594896078109741
4257,train,1.4835596084594727
4258,train,1.3521519899368286
4259,train,1.4555089473724365
4260,train,1.3744293451309204
4261,train,1.4721264839172363
4262,train,1.4899611473083496
4263,train,1.4260683059692383
4264,train,1.5049158334732056
4265,train,1.4929718971252441
4266,train,1.3866000175476074
4267,train,1.5154451131820679
4268,train,1.371166706085205
4269,train,1.4667317867279053
4270,train,1.4577550888061523
4271,train,1.554776906967163
4272,train,1.3919326066970825
4273,train,1.518676519393921
4274,train,1.394351840019226
4275,train,1.527625560760498
4276,train,1.4566881656646729
4277,train,1.48622465133667
4278,train,1.5590636730194092
4279,train,1.5008366107940674
4280,train,1.4926286935806274
4281,train,1.4780380725860596
4282,train,1.3893626928329468
4283,train,1.4550118446350098
4284,train,1.4453480243682861
4285,train,1.2798373699188232
4286,train,1.6029331684112549
4287,train,1.441408634185791
4288,train,1.5313467979431152
4289,train,1.4777714014053345
4290,train,1.409292459487915
4291,train,1.4178099632263184
4292,train,1.4987207651138306
4293,train,1.4615881443023682
4294,train,1.5805916786193848
4295,train,1.5099563598632812
4296,train,1.594862461090088
4297,train,1.3404099941253662
4298,train,1.4524728059768677
4299,train,1.5696958303451538
4300,train,1.6218758821487427
4300,val,1.5139057636260986
4301,train,1.3860563039779663
4302,train,1.3591569662094116
4303,train,1.521944522857666
4304,train,1.514681339263916
4305,train,1.4710112810134888
4306,train,1.435314655303955
4307,train,1.4667236804962158
4308,train,1.435592532157898
4309,train,1.5488431453704834
4310,train,1.5375405550003052
4311,train,1.4689021110534668
4312,train,1.509900450706482
4313,train,1.4638854265213013
4314,train,1.6156032085418701
4315,train,1.6059138774871826
4316,train,1.5396450757980347
4317,train,1.4143497943878174
4318,train,1.5337305068969727
4319,train,1.4553325176239014
4320,train,1.5395267009735107
4321,train,1.5309656858444214
4322,train,1.5257900953292847
4323,train,1.5278747081756592
4324,train,1.5244300365447998
4325,train,1.5000572204589844
4326,train,1.436785340309143
4327,train,1.5508259534835815
4328,train,1.4232298135757446
4329,train,1.392838716506958
4330,train,1.4778313636779785
4331,train,1.5939674377441406
4332,train,1.5935919284820557
4333,train,1.5073862075805664
4334,train,1.5437662601470947
4335,train,1.4698114395141602
4336,train,1.5324286222457886
4337,train,1.496850609779358
4338,train,1.5951889753341675
4339,train,1.5310090780258179
4340,train,1.5231369733810425
4341,train,1.5240014791488647
4342,train,1.4374158382415771
4343,train,1.461726188659668
4344,train,1.4147653579711914
4345,train,1.486945629119873
4346,train,1.4753589630126953
4347,train,1.4680922031402588
4348,train,1.396907925605774
4349,train,1.5378364324569702
4350,train,1.5742822885513306
4350,val,1.511142611503601
4351,train,1.5343751907348633
4352,train,1.464572548866272
4353,train,1.3842058181762695
4354,train,1.5667451620101929
4355,train,1.4275703430175781
4356,train,1.5181541442871094
4357,train,1.5056962966918945
4358,train,1.5547919273376465
4359,train,1.4750311374664307
4360,train,1.3683785200119019
4361,train,1.527641773223877
4362,train,1.6130096912384033
4363,train,1.4762262105941772
4364,train,1.3962669372558594
4365,train,1.6254935264587402
4366,train,1.6062012910842896
4367,train,1.4857187271118164
4368,train,1.507155418395996
4369,train,1.5898686647415161
4370,train,1.647471308708191
4371,train,1.4996732473373413
4372,train,1.5394835472106934
4373,train,1.535601019859314
4374,train,1.544370412826538
4375,train,1.420250654220581
4376,train,1.5046464204788208
4377,train,1.4745334386825562
4378,train,1.451645851135254
4379,train,1.5150792598724365
4380,train,1.3136037588119507
4381,train,1.4113712310791016
4382,train,1.625356912612915
4383,train,1.5113903284072876
4384,train,1.421785593032837
4385,train,1.5809550285339355
4386,train,1.5901522636413574
4387,train,1.3718222379684448
4388,train,1.4809510707855225
4389,train,1.381858229637146
4390,train,1.4563615322113037
4391,train,1.5943248271942139
4392,train,1.5366549491882324
4393,train,1.5048143863677979
4394,train,1.450150728225708
4395,train,1.4036883115768433
4396,train,1.5167100429534912
4397,train,1.6059305667877197
4398,train,1.5095129013061523
4399,train,1.4178075790405273
4400,train,1.3379367589950562
4400,val,1.5124754905700684
4401,train,1.5367798805236816
4402,train,1.5680599212646484
4403,train,1.4629135131835938
4404,train,1.4309871196746826
4405,train,1.5333161354064941
4406,train,1.452239751815796
4407,train,1.605118989944458
4408,train,1.3998907804489136
4409,train,1.4667651653289795
4410,train,1.3519141674041748
4411,train,1.4305397272109985
4412,train,1.4899951219558716
4413,train,1.3559874296188354
4414,train,1.3367598056793213
4415,train,1.4898971319198608
4416,train,1.454984188079834
4417,train,1.4694743156433105
4418,train,1.596481442451477
4419,train,1.3645801544189453
4420,train,1.4352474212646484
4421,train,1.4324166774749756
4422,train,1.5783722400665283
4423,train,1.491482138633728
4424,train,1.484174370765686
4425,train,1.4640164375305176
4426,train,1.3232975006103516
4427,train,1.4221689701080322
4428,train,1.4704382419586182
4429,train,1.4646430015563965
4430,train,1.4235129356384277
4431,train,1.5041676759719849
4432,train,1.2513865232467651
4433,train,1.4658939838409424
4434,train,1.5163590908050537
4435,train,1.4341132640838623
4436,train,1.5299317836761475
4437,train,1.6354544162750244
4438,train,1.4450324773788452
4439,train,1.5144851207733154
4440,train,1.3604539632797241
4441,train,1.5171380043029785
4442,train,1.4989418983459473
4443,train,1.6205055713653564
4444,train,1.5035640001296997
4445,train,1.423340916633606
4446,train,1.5704301595687866
4447,train,1.5314362049102783
4448,train,1.5013642311096191
4449,train,1.556802749633789
4450,train,1.4916986227035522
4450,val,1.5120834112167358
4451,train,1.448638677597046
4452,train,1.5434855222702026
4453,train,1.542635202407837
4454,train,1.554542064666748
4455,train,1.6381292343139648
4456,train,1.2639647722244263
4457,train,1.4792152643203735
4458,train,1.5507771968841553
4459,train,1.456423282623291
4460,train,1.5143858194351196
4461,train,1.4228302240371704
4462,train,1.5298619270324707
4463,train,1.5032004117965698
4464,train,1.47074294090271
4465,train,1.5127620697021484
4466,train,1.5018233060836792
4467,train,1.3944419622421265
4468,train,1.353531837463379
4469,train,1.4349443912506104
4470,train,1.4623668193817139
4471,train,1.358704924583435
4472,train,1.48432195186615
4473,train,1.498779058456421
4474,train,1.6039983034133911
4475,train,1.474881649017334
4476,train,1.5304216146469116
4477,train,1.5441863536834717
4478,train,1.4054099321365356
4479,train,1.3783624172210693
4480,train,1.447239637374878
4481,train,1.5444464683532715
4482,train,1.3785004615783691
4483,train,1.4751946926116943
4484,train,1.5885906219482422
4485,train,1.5607542991638184
4486,train,1.4287999868392944
4487,train,1.469221591949463
4488,train,1.4661544561386108
4489,train,1.3773443698883057
4490,train,1.6067724227905273
4491,train,1.4175456762313843
4492,train,1.472542405128479
4493,train,1.3317331075668335
4494,train,1.4489896297454834
4495,train,1.5541526079177856
4496,train,1.4533958435058594
4497,train,1.4911288022994995
4498,train,1.5174720287322998
4499,train,1.592254400253296
4500,train,1.5290335416793823
4500,val,1.5123610496520996
4501,train,1.3350790739059448
4502,train,1.6488192081451416
4503,train,1.5267372131347656
4504,train,1.354743242263794
4505,train,1.4912670850753784
4506,train,1.6015634536743164
4507,train,1.4695305824279785
4508,train,1.3768583536148071
4509,train,1.4668394327163696
4510,train,1.5336369276046753
4511,train,1.4376296997070312
4512,train,1.3167908191680908
4513,train,1.451249122619629
4514,train,1.6157504320144653
4515,train,1.4628899097442627
4516,train,1.4725677967071533
4517,train,1.4551446437835693
4518,train,1.4811934232711792
4519,train,1.4486947059631348
4520,train,1.4271023273468018
4521,train,1.4829809665679932
4522,train,1.5119013786315918
4523,train,1.4944689273834229
4524,train,1.484999179840088
4525,train,1.4418550729751587
4526,train,1.553114652633667
4527,train,1.533241629600525
4528,train,1.4500237703323364
4529,train,1.492242455482483
4530,train,1.4177088737487793
4531,train,1.4902808666229248
4532,train,1.485870122909546
4533,train,1.4536352157592773
4534,train,1.4698399305343628
4535,train,1.4204089641571045
4536,train,1.421008825302124
4537,train,1.482349157333374
4538,train,1.427964210510254
4539,train,1.5137637853622437
4540,train,1.4817034006118774
4541,train,1.5690879821777344
4542,train,1.4337785243988037
4543,train,1.3712395429611206
4544,train,1.5240774154663086
4545,train,1.484191656112671
4546,train,1.4231054782867432
4547,train,1.5980671644210815
4548,train,1.4761592149734497
4549,train,1.567314863204956
4550,train,1.408393383026123
4550,val,1.5103076696395874
4551,train,1.3992273807525635
4552,train,1.4004950523376465
4553,train,1.5862538814544678
4554,train,1.5460584163665771
4555,train,1.4365391731262207
4556,train,1.6050000190734863
4557,train,1.5015347003936768
4558,train,1.5724152326583862
4559,train,1.5778025388717651
4560,train,1.3856760263442993
4561,train,1.5773465633392334
4562,train,1.4074244499206543
4563,train,1.4747172594070435
4564,train,1.3363280296325684
4565,train,1.453332781791687
4566,train,1.526650309562683
4567,train,1.6231930255889893
4568,train,1.62544846534729
4569,train,1.5599106550216675
4570,train,1.5509601831436157
4571,train,1.4966764450073242
4572,train,1.5381457805633545
4573,train,1.5275771617889404
4574,train,1.5593289136886597
4575,train,1.3540126085281372
4576,train,1.611801266670227
4577,train,1.529261827468872
4578,train,1.4594746828079224
4579,train,1.412276029586792
4580,train,1.6525530815124512
4581,train,1.4608972072601318
4582,train,1.4108409881591797
4583,train,1.5708383321762085
4584,train,1.4785057306289673
4585,train,1.4746079444885254
4586,train,1.473293662071228
4587,train,1.5623537302017212
4588,train,1.4446375370025635
4589,train,1.4944322109222412
4590,train,1.5144761800765991
4591,train,1.5140701532363892
4592,train,1.4646084308624268
4593,train,1.409776210784912
4594,train,1.4897855520248413
4595,train,1.5324931144714355
4596,train,1.472618818283081
4597,train,1.5199103355407715
4598,train,1.4205223321914673
4599,train,1.347638487815857
4600,train,1.4056318998336792
4600,val,1.5084152221679688
4601,train,1.4577610492706299
4602,train,1.4045246839523315
4603,train,1.4505385160446167
4604,train,1.5112653970718384
4605,train,1.415720820426941
4606,train,1.50889253616333
4607,train,1.5107074975967407
4608,train,1.4089694023132324
4609,train,1.5126111507415771
4610,train,1.4898680448532104
4611,train,1.544682264328003
4612,train,1.4458211660385132
4613,train,1.5206453800201416
4614,train,1.4820148944854736
4615,train,1.5203242301940918
4616,train,1.5043858289718628
4617,train,1.3736684322357178
4618,train,1.4597175121307373
4619,train,1.4405860900878906
4620,train,1.4365167617797852
4621,train,1.4777915477752686
4622,train,1.3931307792663574
4623,train,1.4155867099761963
4624,train,1.5251716375350952
4625,train,1.6652270555496216
4626,train,1.436974048614502
4627,train,1.5452526807785034
4628,train,1.4870550632476807
4629,train,1.4412853717803955
4630,train,1.3808531761169434
4631,train,1.4506763219833374
4632,train,1.5295188426971436
4633,train,1.5419492721557617
4634,train,1.412243366241455
4635,train,1.450538158416748
4636,train,1.3909149169921875
4637,train,1.5389748811721802
4638,train,1.5202480554580688
4639,train,1.431236743927002
4640,train,1.4333229064941406
4641,train,1.5407084226608276
4642,train,1.4962239265441895
4643,train,1.4391229152679443
4644,train,1.4738396406173706
4645,train,1.4753557443618774
4646,train,1.558773398399353
4647,train,1.448421835899353
4648,train,1.5628020763397217
4649,train,1.6353156566619873
4650,train,1.4911961555480957
4650,val,1.5086936950683594
4651,train,1.5337271690368652
4652,train,1.4628522396087646
4653,train,1.4182085990905762
4654,train,1.5599327087402344
4655,train,1.494875431060791
4656,train,1.3869271278381348
4657,train,1.5161679983139038
4658,train,1.6347225904464722
4659,train,1.3522496223449707
4660,train,1.6160731315612793
4661,train,1.4692089557647705
4662,train,1.4106525182724
4663,train,1.4383723735809326
4664,train,1.501191258430481
4665,train,1.336970567703247
4666,train,1.5270357131958008
4667,train,1.6426547765731812
4668,train,1.5625412464141846
4669,train,1.4913243055343628
4670,train,1.4250972270965576
4671,train,1.5061286687850952
4672,train,1.61262845993042
4673,train,1.4777336120605469
4674,train,1.416122555732727
4675,train,1.5298961400985718
4676,train,1.4657647609710693
4677,train,1.3941373825073242
4678,train,1.4736530780792236
4679,train,1.4986294507980347
4680,train,1.4957940578460693
4681,train,1.5053961277008057
4682,train,1.4981756210327148
4683,train,1.5813907384872437
4684,train,1.3877233266830444
4685,train,1.4035849571228027
4686,train,1.4091417789459229
4687,train,1.5417895317077637
4688,train,1.475142002105713
4689,train,1.449225664138794
4690,train,1.3725088834762573
4691,train,1.423309087753296
4692,train,1.3988358974456787
4693,train,1.3795082569122314
4694,train,1.4765629768371582
4695,train,1.332137942314148
4696,train,1.49252450466156
4697,train,1.590562343597412
4698,train,1.614882469177246
4699,train,1.6308585405349731
4700,train,1.4454166889190674
4700,val,1.506913423538208
4701,train,1.6490569114685059
4702,train,1.506474494934082
4703,train,1.5109004974365234
4704,train,1.4529099464416504
4705,train,1.495936393737793
4706,train,1.4890720844268799
4707,train,1.5922656059265137
4708,train,1.571649193763733
4709,train,1.5779595375061035
4710,train,1.5105302333831787
4711,train,1.4889461994171143
4712,train,1.6018471717834473
4713,train,1.4448494911193848
4714,train,1.3473103046417236
4715,train,1.3427581787109375
4716,train,1.4944891929626465
4717,train,1.4620450735092163
4718,train,1.4410574436187744
4719,train,1.4339996576309204
4720,train,1.4392213821411133
4721,train,1.450549840927124
4722,train,1.4800941944122314
4723,train,1.4452892541885376
4724,train,1.5307999849319458
4725,train,1.514707326889038
4726,train,1.5018835067749023
4727,train,1.4624671936035156
4728,train,1.4648807048797607
4729,train,1.4848840236663818
4730,train,1.469069242477417
4731,train,1.536189317703247
4732,train,1.5405949354171753
4733,train,1.415205478668213
4734,train,1.526665210723877
4735,train,1.446740984916687
4736,train,1.3527153730392456
4737,train,1.477949619293213
4738,train,1.4548653364181519
4739,train,1.5596133470535278
4740,train,1.4736509323120117
4741,train,1.499997854232788
4742,train,1.4932820796966553
4743,train,1.5542008876800537
4744,train,1.3640004396438599
4745,train,1.3822981119155884
4746,train,1.458559513092041
4747,train,1.468606948852539
4748,train,1.508853554725647
4749,train,1.5102897882461548
4750,train,1.5249227285385132
4750,val,1.5059607028961182
4751,train,1.5419503450393677
4752,train,1.4300552606582642
4753,train,1.502031922340393
4754,train,1.4768118858337402
4755,train,1.433885097503662
4756,train,1.542529582977295
4757,train,1.4097614288330078
4758,train,1.469670057296753
4759,train,1.5148935317993164
4760,train,1.5054051876068115
4761,train,1.3820735216140747
4762,train,1.3739135265350342
4763,train,1.5286312103271484
4764,train,1.5575344562530518
4765,train,1.4490585327148438
4766,train,1.5226260423660278
4767,train,1.5272698402404785
4768,train,1.4771233797073364
4769,train,1.574426293373108
4770,train,1.4607023000717163
4771,train,1.456862449645996
4772,train,1.426790714263916
4773,train,1.4964326620101929
4774,train,1.4415667057037354
4775,train,1.5361155271530151
4776,train,1.6510075330734253
4777,train,1.3735988140106201
4778,train,1.5061907768249512
4779,train,1.5064529180526733
4780,train,1.5152422189712524
4781,train,1.5081236362457275
4782,train,1.3496042490005493
4783,train,1.4278743267059326
4784,train,1.5715982913970947
4785,train,1.4049708843231201
4786,train,1.5405479669570923
4787,train,1.5627083778381348
4788,train,1.5645476579666138
4789,train,1.4027976989746094
4790,train,1.5409486293792725
4791,train,1.4690771102905273
4792,train,1.5415747165679932
4793,train,1.4966440200805664
4794,train,1.4883698225021362
4795,train,1.4305635690689087
4796,train,1.472355604171753
4797,train,1.4322539567947388
4798,train,1.412347674369812
4799,train,1.4647969007492065
4800,train,1.4706366062164307
4800,val,1.5059220790863037
4801,train,1.4228498935699463
4802,train,1.5711302757263184
4803,train,1.6232328414916992
4804,train,1.4248366355895996
4805,train,1.466597557067871
4806,train,1.3679488897323608
4807,train,1.4192276000976562
4808,train,1.430532455444336
4809,train,1.312261939048767
4810,train,1.3985604047775269
4811,train,1.3616611957550049
4812,train,1.426152229309082
4813,train,1.4216984510421753
4814,train,1.4344487190246582
4815,train,1.4272119998931885
4816,train,1.5348562002182007
4817,train,1.375747561454773
4818,train,1.5460193157196045
4819,train,1.432437777519226
4820,train,1.584252119064331
4821,train,1.4892067909240723
4822,train,1.4504176378250122
4823,train,1.389402151107788
4824,train,1.3156232833862305
4825,train,1.482832908630371
4826,train,1.563077688217163
4827,train,1.4630892276763916
4828,train,1.389158010482788
4829,train,1.4450328350067139
4830,train,1.491220235824585
4831,train,1.5163795948028564
4832,train,1.3795586824417114
4833,train,1.4304628372192383
4834,train,1.5060397386550903
4835,train,1.5833402872085571
4836,train,1.4409358501434326
4837,train,1.5572214126586914
4838,train,1.5454217195510864
4839,train,1.4103108644485474
4840,train,1.3884575366973877
4841,train,1.5078357458114624
4842,train,1.5182286500930786
4843,train,1.519932508468628
4844,train,1.594635248184204
4845,train,1.694179892539978
4846,train,1.5525113344192505
4847,train,1.541927456855774
4848,train,1.4868119955062866
4849,train,1.4050871133804321
4850,train,1.5266669988632202
4850,val,1.5036700963974
4851,train,1.4777426719665527
4852,train,1.4688668251037598
4853,train,1.546864628791809
4854,train,1.5724538564682007
4855,train,1.4326356649398804
4856,train,1.485236644744873
4857,train,1.4284274578094482
4858,train,1.4913890361785889
4859,train,1.413719892501831
4860,train,1.4471796751022339
4861,train,1.3514224290847778
4862,train,1.5044902563095093
4863,train,1.3127049207687378
4864,train,1.6387991905212402
4865,train,1.536121129989624
4866,train,1.4309656620025635
4867,train,1.6376019716262817
4868,train,1.3487333059310913
4869,train,1.5617990493774414
4870,train,1.5556559562683105
4871,train,1.363280177116394
4872,train,1.5350384712219238
4873,train,1.435327172279358
4874,train,1.403254747390747
4875,train,1.5097339153289795
4876,train,1.4726547002792358
4877,train,1.5126725435256958
4878,train,1.480882167816162
4879,train,1.370924711227417
4880,train,1.4971083402633667
4881,train,1.4906702041625977
4882,train,1.5714536905288696
4883,train,1.4595831632614136
4884,train,1.507870078086853
4885,train,1.5273497104644775
4886,train,1.4823646545410156
4887,train,1.4201139211654663
4888,train,1.3922195434570312
4889,train,1.3661442995071411
4890,train,1.4483829736709595
4891,train,1.4231948852539062
4892,train,1.5776606798171997
4893,train,1.6493206024169922
4894,train,1.5756208896636963
4895,train,1.3690156936645508
4896,train,1.4860998392105103
4897,train,1.357926607131958
4898,train,1.4651503562927246
4899,train,1.3635106086730957
4900,train,1.3429641723632812
4900,val,1.5038820505142212
4901,train,1.3276410102844238
4902,train,1.403741717338562
4903,train,1.5362708568572998
4904,train,1.5013155937194824
4905,train,1.4546133279800415
4906,train,1.5324313640594482
4907,train,1.4578907489776611
4908,train,1.5514494180679321
4909,train,1.4748480319976807
4910,train,1.4748501777648926
4911,train,1.4877783060073853
4912,train,1.4459171295166016
4913,train,1.4315812587738037
4914,train,1.5137983560562134
4915,train,1.4087649583816528
4916,train,1.5832074880599976
4917,train,1.4641103744506836
4918,train,1.4877192974090576
4919,train,1.4262763261795044
4920,train,1.490770697593689
4921,train,1.3899863958358765
4922,train,1.5482020378112793
4923,train,1.4825403690338135
4924,train,1.4809924364089966
4925,train,1.421314001083374
4926,train,1.366500735282898
4927,train,1.5191001892089844
4928,train,1.552526831626892
4929,train,1.4700664281845093
4930,train,1.456138253211975
4931,train,1.6008142232894897
4932,train,1.3730645179748535
4933,train,1.6429851055145264
4934,train,1.5327353477478027
4935,train,1.410537838935852
4936,train,1.505950689315796
4937,train,1.5272133350372314
4938,train,1.4656801223754883
4939,train,1.3955442905426025
4940,train,1.436503291130066
4941,train,1.5079915523529053
4942,train,1.4677848815917969
4943,train,1.5050947666168213
4944,train,1.4136617183685303
4945,train,1.4901642799377441
4946,train,1.533406138420105
4947,train,1.438928484916687
4948,train,1.5080581903457642
4949,train,1.4315464496612549
4950,train,1.4645767211914062
4950,val,1.5030255317687988
4951,train,1.4889551401138306
4952,train,1.4936316013336182
4953,train,1.5705703496932983
4954,train,1.5504062175750732
4955,train,1.584633469581604
4956,train,1.5196205377578735
4957,train,1.4009943008422852
4958,train,1.5272712707519531
4959,train,1.3585522174835205
4960,train,1.415421962738037
4961,train,1.4432458877563477
4962,train,1.4462761878967285
4963,train,1.4110010862350464
4964,train,1.5028493404388428
4965,train,1.4463759660720825
4966,train,1.4222493171691895
4967,train,1.432888388633728
4968,train,1.411906361579895
4969,train,1.3556702136993408
4970,train,1.5569205284118652
4971,train,1.4558240175247192
4972,train,1.4653586149215698
4973,train,1.5490394830703735
4974,train,1.5383318662643433
4975,train,1.5821185111999512
4976,train,1.553910493850708
4977,train,1.4306533336639404
4978,train,1.5564697980880737
4979,train,1.5189353227615356
4980,train,1.3727593421936035
4981,train,1.4327038526535034
4982,train,1.4679739475250244
4983,train,1.3219010829925537
4984,train,1.6078426837921143
4985,train,1.4391465187072754
4986,train,1.5251957178115845
4987,train,1.3983956575393677
4988,train,1.4497928619384766
4989,train,1.5382905006408691
4990,train,1.4561209678649902
4991,train,1.5246771574020386
4992,train,1.5254194736480713
4993,train,1.47915780544281
4994,train,1.477388620376587
4995,train,1.5423933267593384
4996,train,1.3628172874450684
4997,train,1.439718246459961
4998,train,1.4786723852157593
4999,train,1.5840176343917847
5000,train,1.3814748525619507
5000,val,1.5020776987075806
5001,train,1.4521169662475586
5002,train,1.6825098991394043
5003,train,1.5407180786132812
5004,train,1.416485071182251
5005,train,1.474320650100708
5006,train,1.4164857864379883
5007,train,1.509933352470398
5008,train,1.5450327396392822
5009,train,1.2987829446792603
5010,train,1.5109440088272095
5011,train,1.438489317893982
5012,train,1.3984051942825317
5013,train,1.4949902296066284
5014,train,1.4470454454421997
5015,train,1.3949544429779053
5016,train,1.4612324237823486
5017,train,1.528821587562561
5018,train,1.4276964664459229
5019,train,1.4976662397384644
5020,train,1.4215667247772217
5021,train,1.4916694164276123
5022,train,1.415276050567627
5023,train,1.39186429977417
5024,train,1.523722767829895
5025,train,1.5180561542510986
5026,train,1.4033139944076538
5027,train,1.4778889417648315
5028,train,1.3599739074707031
5029,train,1.398029088973999
5030,train,1.423975944519043
5031,train,1.4941210746765137
5032,train,1.489230751991272
5033,train,1.4935975074768066
5034,train,1.455365777015686
5035,train,1.318190097808838
5036,train,1.4724549055099487
5037,train,1.4508647918701172
5038,train,1.495430827140808
5039,train,1.362969160079956
5040,train,1.4540921449661255
5041,train,1.3640192747116089
5042,train,1.2967891693115234
5043,train,1.3592724800109863
5044,train,1.5038594007492065
5045,train,1.413730502128601
5046,train,1.4397592544555664
5047,train,1.4633445739746094
5048,train,1.389380693435669
5049,train,1.4158543348312378
5050,train,1.4462977647781372
5050,val,1.5009205341339111
5051,train,1.4755234718322754
5052,train,1.4595410823822021
5053,train,1.465848445892334
5054,train,1.427850604057312
5055,train,1.4337610006332397
5056,train,1.5670373439788818
5057,train,1.5672956705093384
5058,train,1.4482613801956177
5059,train,1.4853978157043457
5060,train,1.470116138458252
5061,train,1.5164594650268555
5062,train,1.421712875366211
5063,train,1.5142229795455933
5064,train,1.426788091659546
5065,train,1.4731074571609497
5066,train,1.4854000806808472
5067,train,1.5381709337234497
5068,train,1.5850850343704224
5069,train,1.6102068424224854
5070,train,1.5110960006713867
5071,train,1.4216384887695312
5072,train,1.471646785736084
5073,train,1.58986496925354
5074,train,1.3982676267623901
5075,train,1.498515248298645
5076,train,1.5265328884124756
5077,train,1.4877991676330566
5078,train,1.4095990657806396
5079,train,1.42997407913208
5080,train,1.5142431259155273
5081,train,1.483127474784851
5082,train,1.5090248584747314
5083,train,1.4120335578918457
5084,train,1.35418701171875
5085,train,1.4815458059310913
5086,train,1.6511340141296387
5087,train,1.4428290128707886
5088,train,1.5050946474075317
5089,train,1.4275190830230713
5090,train,1.3851826190948486
5091,train,1.595337152481079
5092,train,1.4525277614593506
5093,train,1.5605186223983765
5094,train,1.477344274520874
5095,train,1.3555681705474854
5096,train,1.4594228267669678
5097,train,1.3117907047271729
5098,train,1.6051030158996582
5099,train,1.4511406421661377
5100,train,1.3994618654251099
5100,val,1.500532865524292
5101,train,1.5073438882827759
5102,train,1.4334280490875244
5103,train,1.4011536836624146
5104,train,1.4607917070388794
5105,train,1.5051112174987793
5106,train,1.3917362689971924
5107,train,1.4960755109786987
5108,train,1.39033842086792
5109,train,1.6042861938476562
5110,train,1.3915494680404663
5111,train,1.428392767906189
5112,train,1.4083611965179443
5113,train,1.5368326902389526
5114,train,1.540769100189209
5115,train,1.4726247787475586
5116,train,1.541682481765747
5117,train,1.4916479587554932
5118,train,1.518089771270752
5119,train,1.5363736152648926
5120,train,1.5916351079940796
5121,train,1.575758695602417
5122,train,1.510984182357788
5123,train,1.4894979000091553
5124,train,1.3641881942749023
5125,train,1.481658697128296
5126,train,1.584454894065857
5127,train,1.5070329904556274
5128,train,1.364094853401184
5129,train,1.3780534267425537
5130,train,1.4813785552978516
5131,train,1.4451277256011963
5132,train,1.3514682054519653
5133,train,1.382724404335022
5134,train,1.4515663385391235
5135,train,1.5264341831207275
5136,train,1.470163106918335
5137,train,1.3388415575027466
5138,train,1.3578647375106812
5139,train,1.6267411708831787
5140,train,1.4052280187606812
5141,train,1.476364254951477
5142,train,1.3892006874084473
5143,train,1.5527327060699463
5144,train,1.4540672302246094
5145,train,1.4593003988265991
5146,train,1.5213356018066406
5147,train,1.4018577337265015
5148,train,1.5581769943237305
5149,train,1.4408893585205078
5150,train,1.5614897012710571
5150,val,1.4995226860046387
5151,train,1.4250621795654297
5152,train,1.5225147008895874
5153,train,1.3890540599822998
5154,train,1.402065396308899
5155,train,1.5336157083511353
5156,train,1.5112271308898926
5157,train,1.5270226001739502
5158,train,1.461888074874878
5159,train,1.4521747827529907
5160,train,1.4244742393493652
5161,train,1.529100775718689
5162,train,1.4832212924957275
5163,train,1.5047528743743896
5164,train,1.5292036533355713
5165,train,1.506984829902649
5166,train,1.5727566480636597
5167,train,1.411052942276001
5168,train,1.3841440677642822
5169,train,1.615524411201477
5170,train,1.533102035522461
5171,train,1.4948785305023193
5172,train,1.4235560894012451
5173,train,1.4703216552734375
5174,train,1.4112883806228638
5175,train,1.3814847469329834
5176,train,1.4610135555267334
5177,train,1.4676716327667236
5178,train,1.4410088062286377
5179,train,1.3702900409698486
5180,train,1.4602402448654175
5181,train,1.4967745542526245
5182,train,1.4232616424560547
5183,train,1.4694044589996338
5184,train,1.429329752922058
5185,train,1.4628448486328125
5186,train,1.5343518257141113
5187,train,1.4998278617858887
5188,train,1.4172369241714478
5189,train,1.425073266029358
5190,train,1.497017502784729
5191,train,1.3890589475631714
5192,train,1.4876068830490112
5193,train,1.4859801530838013
5194,train,1.4467482566833496
5195,train,1.4749151468276978
5196,train,1.477135181427002
5197,train,1.4576940536499023
5198,train,1.563285231590271
5199,train,1.4475666284561157
5200,train,1.4437148571014404
5200,val,1.4989442825317383
5201,train,1.507577896118164
5202,train,1.426453948020935
5203,train,1.266254186630249
5204,train,1.5073096752166748
5205,train,1.353598952293396
5206,train,1.642016887664795
5207,train,1.406388282775879
5208,train,1.4852237701416016
5209,train,1.3476297855377197
5210,train,1.4050828218460083
5211,train,1.370521903038025
5212,train,1.4016695022583008
5213,train,1.5163153409957886
5214,train,1.4855793714523315
5215,train,1.4096715450286865
5216,train,1.519432544708252
5217,train,1.4490981101989746
5218,train,1.4825401306152344
5219,train,1.5192792415618896
5220,train,1.4107803106307983
5221,train,1.5633264780044556
5222,train,1.4877417087554932
5223,train,1.3724541664123535
5224,train,1.4376736879348755
5225,train,1.39559006690979
5226,train,1.495439052581787
5227,train,1.3451004028320312
5228,train,1.399860143661499
5229,train,1.4217348098754883
5230,train,1.477848768234253
5231,train,1.5088751316070557
5232,train,1.573256254196167
5233,train,1.456612229347229
5234,train,1.477666974067688
5235,train,1.4747979640960693
5236,train,1.4373105764389038
5237,train,1.4629706144332886
5238,train,1.5490154027938843
5239,train,1.4966752529144287
5240,train,1.463741421699524
5241,train,1.3791029453277588
5242,train,1.3755899667739868
5243,train,1.4336451292037964
5244,train,1.480021357536316
5245,train,1.4625153541564941
5246,train,1.500789761543274
5247,train,1.5075381994247437
5248,train,1.4787280559539795
5249,train,1.4036821126937866
5250,train,1.496068000793457
5250,val,1.4992952346801758
5251,train,1.5409576892852783
5252,train,1.4359920024871826
5253,train,1.5160272121429443
5254,train,1.4168199300765991
5255,train,1.4610109329223633
5256,train,1.406186819076538
5257,train,1.5462056398391724
5258,train,1.5363168716430664
5259,train,1.5865058898925781
5260,train,1.4321019649505615
5261,train,1.516066312789917
5262,train,1.5539683103561401
5263,train,1.4557116031646729
5264,train,1.5438750982284546
5265,train,1.5123395919799805
5266,train,1.476431131362915
5267,train,1.5145784616470337
5268,train,1.5309743881225586
5269,train,1.5944641828536987
5270,train,1.4207146167755127
5271,train,1.5167200565338135
5272,train,1.3877655267715454
5273,train,1.477046012878418
5274,train,1.3524057865142822
5275,train,1.542731523513794
5276,train,1.4856288433074951
5277,train,1.5216188430786133
5278,train,1.4729958772659302
5279,train,1.460946798324585
5280,train,1.446952223777771
5281,train,1.3803882598876953
5282,train,1.5288623571395874
5283,train,1.3967252969741821
5284,train,1.51462984085083
5285,train,1.3132556676864624
5286,train,1.3436089754104614
5287,train,1.4476318359375
5288,train,1.3702707290649414
5289,train,1.4142253398895264
5290,train,1.4369699954986572
5291,train,1.3691588640213013
5292,train,1.2898304462432861
5293,train,1.5000255107879639
5294,train,1.4446876049041748
5295,train,1.5530285835266113
5296,train,1.4832621812820435
5297,train,1.45106840133667
5298,train,1.375736951828003
5299,train,1.5242253541946411
5300,train,1.5361146926879883
5300,val,1.5002411603927612
5301,train,1.6019096374511719
5302,train,1.567197561264038
5303,train,1.4623726606369019
5304,train,1.50616455078125
5305,train,1.4891637563705444
5306,train,1.5643384456634521
5307,train,1.5445843935012817
5308,train,1.3319954872131348
5309,train,1.4923166036605835
5310,train,1.4652045965194702
5311,train,1.4266185760498047
5312,train,1.466240644454956
5313,train,1.4364442825317383
5314,train,1.461535096168518
5315,train,1.4314196109771729
5316,train,1.3321006298065186
5317,train,1.489152193069458
5318,train,1.4724855422973633
5319,train,1.5285102128982544
5320,train,1.5496647357940674
5321,train,1.3872675895690918
5322,train,1.5376290082931519
5323,train,1.5337438583374023
5324,train,1.3697937726974487
5325,train,1.4784449338912964
5326,train,1.5031929016113281
5327,train,1.5108121633529663
5328,train,1.4632198810577393
5329,train,1.508117437362671
5330,train,1.409186601638794
5331,train,1.434226632118225
5332,train,1.5904443264007568
5333,train,1.4505929946899414
5334,train,1.3676869869232178
5335,train,1.5016732215881348
5336,train,1.364440679550171
5337,train,1.398695945739746
5338,train,1.4846312999725342
5339,train,1.5294365882873535
5340,train,1.4786916971206665
5341,train,1.491622805595398
5342,train,1.5503782033920288
5343,train,1.5365021228790283
5344,train,1.6209630966186523
5345,train,1.4618619680404663
5346,train,1.4093247652053833
5347,train,1.3888707160949707
5348,train,1.4081720113754272
5349,train,1.5656940937042236
5350,train,1.475888729095459
5350,val,1.498511791229248
5351,train,1.4910558462142944
5352,train,1.6356302499771118
5353,train,1.4953069686889648
5354,train,1.5026048421859741
5355,train,1.4815950393676758
5356,train,1.3398005962371826
5357,train,1.4540117979049683
5358,train,1.4435088634490967
5359,train,1.6285488605499268
5360,train,1.4272714853286743
5361,train,1.4415931701660156
5362,train,1.494099497795105
5363,train,1.4090063571929932
5364,train,1.4537690877914429
5365,train,1.4141415357589722
5366,train,1.5714225769042969
5367,train,1.5657860040664673
5368,train,1.506325602531433
5369,train,1.4512063264846802
5370,train,1.536219835281372
5371,train,1.4773043394088745
5372,train,1.3941705226898193
5373,train,1.4560186862945557
5374,train,1.5739352703094482
5375,train,1.4434531927108765
5376,train,1.4443379640579224
5377,train,1.481904149055481
5378,train,1.4561558961868286
5379,train,1.478062629699707
5380,train,1.5644875764846802
5381,train,1.3867791891098022
5382,train,1.5077462196350098
5383,train,1.48837411403656
5384,train,1.454155445098877
5385,train,1.4816365242004395
5386,train,1.3948075771331787
5387,train,1.3288729190826416
5388,train,1.521296739578247
5389,train,1.4481377601623535
5390,train,1.4595084190368652
5391,train,1.4317001104354858
5392,train,1.3805512189865112
5393,train,1.4767094850540161
5394,train,1.4189143180847168
5395,train,1.432146430015564
5396,train,1.5123391151428223
5397,train,1.4581944942474365
5398,train,1.424473524093628
5399,train,1.417243480682373
5400,train,1.5474274158477783
5400,val,1.4977819919586182
5401,train,1.546543836593628
5402,train,1.4807733297348022
5403,train,1.5057799816131592
5404,train,1.5478698015213013
5405,train,1.4786412715911865
5406,train,1.4518417119979858
5407,train,1.5206143856048584
5408,train,1.3717900514602661
5409,train,1.5775127410888672
5410,train,1.4862616062164307
5411,train,1.522291660308838
5412,train,1.4254140853881836
5413,train,1.3581275939941406
5414,train,1.4850119352340698
5415,train,1.420000672340393
5416,train,1.5213804244995117
5417,train,1.5043591260910034
5418,train,1.4690700769424438
5419,train,1.4612946510314941
5420,train,1.4213180541992188
5421,train,1.5069184303283691
5422,train,1.4170242547988892
5423,train,1.4442639350891113
5424,train,1.3060479164123535
5425,train,1.41302490234375
5426,train,1.433011770248413
5427,train,1.474563479423523
5428,train,1.6046745777130127
5429,train,1.5347663164138794
5430,train,1.6750755310058594
5431,train,1.4229340553283691
5432,train,1.4699864387512207
5433,train,1.6006574630737305
5434,train,1.4072905778884888
5435,train,1.5218104124069214
5436,train,1.516597032546997
5437,train,1.3780659437179565
5438,train,1.402579665184021
5439,train,1.4532626867294312
5440,train,1.399058222770691
5441,train,1.426413893699646
5442,train,1.5688568353652954
5443,train,1.377917766571045
5444,train,1.4057234525680542
5445,train,1.3432080745697021
5446,train,1.3620671033859253
5447,train,1.4633053541183472
5448,train,1.2981611490249634
5449,train,1.4351747035980225
5450,train,1.4160823822021484
5450,val,1.4977233409881592
5451,train,1.405350923538208
5452,train,1.552641749382019
5453,train,1.60878586769104
5454,train,1.5354429483413696
5455,train,1.5380070209503174
5456,train,1.4582871198654175
5457,train,1.4432543516159058
5458,train,1.439208984375
5459,train,1.3782490491867065
5460,train,1.5001888275146484
5461,train,1.3688294887542725
5462,train,1.4568606615066528
5463,train,1.3809946775436401
5464,train,1.4722301959991455
5465,train,1.4667519330978394
5466,train,1.3788628578186035
5467,train,1.3652417659759521
5468,train,1.4882150888442993
5469,train,1.5175853967666626
5470,train,1.5449622869491577
5471,train,1.4666651487350464
5472,train,1.579513430595398
5473,train,1.4182813167572021
5474,train,1.4754300117492676
5475,train,1.4384359121322632
5476,train,1.4127665758132935
5477,train,1.5142550468444824
5478,train,1.5046350955963135
5479,train,1.4084498882293701
5480,train,1.5057882070541382
5481,train,1.5905559062957764
5482,train,1.5132339000701904
5483,train,1.423561930656433
5484,train,1.5494463443756104
5485,train,1.5409526824951172
5486,train,1.5276031494140625
5487,train,1.409226417541504
5488,train,1.3659557104110718
5489,train,1.6270725727081299
5490,train,1.5153162479400635
5491,train,1.3854707479476929
5492,train,1.4778720140457153
5493,train,1.470628261566162
5494,train,1.4863309860229492
5495,train,1.4208061695098877
5496,train,1.481214165687561
5497,train,1.4489421844482422
5498,train,1.442061185836792
5499,train,1.498344898223877
5500,train,1.5912737846374512
5500,val,1.4964889287948608
5501,train,1.5123968124389648
5502,train,1.453450322151184
5503,train,1.3870532512664795
5504,train,1.4558351039886475
5505,train,1.454455852508545
5506,train,1.4017308950424194
5507,train,1.4476794004440308
5508,train,1.460671067237854
5509,train,1.4253283739089966
5510,train,1.4767494201660156
5511,train,1.520641803741455
5512,train,1.519766926765442
5513,train,1.467909574508667
5514,train,1.5804672241210938
5515,train,1.4126880168914795
5516,train,1.3979175090789795
5517,train,1.5092921257019043
5518,train,1.3284989595413208
5519,train,1.464148998260498
5520,train,1.4834482669830322
5521,train,1.5179243087768555
5522,train,1.4477649927139282
5523,train,1.4391822814941406
5524,train,1.5103809833526611
5525,train,1.5058075189590454
5526,train,1.4333391189575195
5527,train,1.4650425910949707
5528,train,1.5102769136428833
5529,train,1.4564176797866821
5530,train,1.5395275354385376
5531,train,1.4611880779266357
5532,train,1.3911361694335938
5533,train,1.5870202779769897
5534,train,1.3287158012390137
5535,train,1.5735547542572021
5536,train,1.3863105773925781
5537,train,1.5044026374816895
5538,train,1.4722542762756348
5539,train,1.4608170986175537
5540,train,1.4661887884140015
5541,train,1.506402850151062
5542,train,1.5181797742843628
5543,train,1.3923592567443848
5544,train,1.4076671600341797
5545,train,1.3887591361999512
5546,train,1.4569013118743896
5547,train,1.4522478580474854
5548,train,1.4439986944198608
5549,train,1.3930578231811523
5550,train,1.4154505729675293
5550,val,1.496742606163025
5551,train,1.5939682722091675
5552,train,1.47890305519104
5553,train,1.417609453201294
5554,train,1.42458975315094
5555,train,1.4591777324676514
5556,train,1.4621708393096924
5557,train,1.5006353855133057
5558,train,1.4142040014266968
5559,train,1.5638428926467896
5560,train,1.4838945865631104
5561,train,1.4518914222717285
5562,train,1.5195794105529785
5563,train,1.425567388534546
5564,train,1.482727289199829
5565,train,1.390297293663025
5566,train,1.4232078790664673
5567,train,1.4507477283477783
5568,train,1.3532816171646118
5569,train,1.374877691268921
5570,train,1.4491394758224487
5571,train,1.5110679864883423
5572,train,1.4402214288711548
5573,train,1.5160199403762817
5574,train,1.4683213233947754
5575,train,1.5975712537765503
5576,train,1.3928232192993164
5577,train,1.505879521369934
5578,train,1.4419587850570679
5579,train,1.4344614744186401
5580,train,1.4439828395843506
5581,train,1.5855369567871094
5582,train,1.5314993858337402
5583,train,1.5226515531539917
5584,train,1.4447884559631348
5585,train,1.4355045557022095
5586,train,1.5317349433898926
5587,train,1.512096643447876
5588,train,1.3285318613052368
5589,train,1.4020105600357056
5590,train,1.51534903049469
5591,train,1.391362190246582
5592,train,1.445995807647705
5593,train,1.498510479927063
5594,train,1.4691903591156006
5595,train,1.3765161037445068
5596,train,1.4880610704421997
5597,train,1.3596761226654053
5598,train,1.4880530834197998
5599,train,1.4537343978881836
5600,train,1.3439390659332275
5600,val,1.4956386089324951
5601,train,1.5110868215560913
5602,train,1.6371750831604004
5603,train,1.4145275354385376
5604,train,1.3851487636566162
5605,train,1.4565664529800415
5606,train,1.3336728811264038
5607,train,1.3685375452041626
5608,train,1.5142793655395508
5609,train,1.4902160167694092
5610,train,1.448284387588501
5611,train,1.4798533916473389
5612,train,1.4179840087890625
5613,train,1.5109546184539795
5614,train,1.3883872032165527
5615,train,1.5326666831970215
5616,train,1.4552409648895264
5617,train,1.555334210395813
5618,train,1.3725104331970215
5619,train,1.58970308303833
5620,train,1.385267972946167
5621,train,1.4665671586990356
5622,train,1.367332935333252
5623,train,1.5371196269989014
5624,train,1.4303492307662964
5625,train,1.5323677062988281
5626,train,1.4888697862625122
5627,train,1.5005147457122803
5628,train,1.56809401512146
5629,train,1.4404658079147339
5630,train,1.555197834968567
5631,train,1.445444107055664
5632,train,1.4414780139923096
5633,train,1.4796077013015747
5634,train,1.4307574033737183
5635,train,1.4769948720932007
5636,train,1.3856350183486938
5637,train,1.561911940574646
5638,train,1.4733927249908447
5639,train,1.477402687072754
5640,train,1.4569199085235596
5641,train,1.4183837175369263
5642,train,1.5358879566192627
5643,train,1.4753798246383667
5644,train,1.4435977935791016
5645,train,1.4334704875946045
5646,train,1.4073188304901123
5647,train,1.3339009284973145
5648,train,1.4611544609069824
5649,train,1.4505945444107056
5650,train,1.445574164390564
5650,val,1.4940786361694336
5651,train,1.4185535907745361
5652,train,1.4299910068511963
5653,train,1.431347131729126
5654,train,1.3860055208206177
5655,train,1.5196082592010498
5656,train,1.4340935945510864
5657,train,1.5989787578582764
5658,train,1.4038467407226562
5659,train,1.437943696975708
5660,train,1.4618157148361206
5661,train,1.4575774669647217
5662,train,1.4590542316436768
5663,train,1.5235642194747925
5664,train,1.5590941905975342
5665,train,1.5610305070877075
5666,train,1.5266671180725098
5667,train,1.4530508518218994
5668,train,1.4728752374649048
5669,train,1.3811986446380615
5670,train,1.317476511001587
5671,train,1.3560564517974854
5672,train,1.5393075942993164
5673,train,1.4157437086105347
5674,train,1.403735876083374
5675,train,1.434157133102417
5676,train,1.4960812330245972
5677,train,1.3091413974761963
5678,train,1.505905270576477
5679,train,1.5486476421356201
5680,train,1.487226963043213
5681,train,1.4552825689315796
5682,train,1.3694252967834473
5683,train,1.421887993812561
5684,train,1.5019652843475342
5685,train,1.5524249076843262
5686,train,1.6526343822479248
5687,train,1.4400148391723633
5688,train,1.440385103225708
5689,train,1.5162426233291626
5690,train,1.5082252025604248
5691,train,1.3573193550109863
5692,train,1.393586277961731
5693,train,1.4299709796905518
5694,train,1.4805599451065063
5695,train,1.5191564559936523
5696,train,1.4245481491088867
5697,train,1.4279882907867432
5698,train,1.559070110321045
5699,train,1.5205882787704468
5700,train,1.2497978210449219
5700,val,1.493695855140686
5701,train,1.3973259925842285
5702,train,1.5269126892089844
5703,train,1.4619035720825195
5704,train,1.396561861038208
5705,train,1.7011303901672363
5706,train,1.4467976093292236
5707,train,1.3685126304626465
5708,train,1.3458826541900635
5709,train,1.468259572982788
5710,train,1.3748865127563477
5711,train,1.4509170055389404
5712,train,1.3890841007232666
5713,train,1.5339335203170776
5714,train,1.5321509838104248
5715,train,1.410671353340149
5716,train,1.263930082321167
5717,train,1.501299262046814
5718,train,1.3569891452789307
5719,train,1.429192066192627
5720,train,1.4608677625656128
5721,train,1.5289604663848877
5722,train,1.4081381559371948
5723,train,1.5573947429656982
5724,train,1.5562889575958252
5725,train,1.5232951641082764
5726,train,1.314186930656433
5727,train,1.454911470413208
5728,train,1.5063159465789795
5729,train,1.4946699142456055
5730,train,1.3784279823303223
5731,train,1.5616306066513062
5732,train,1.2638092041015625
5733,train,1.416346788406372
5734,train,1.399520754814148
5735,train,1.4200081825256348
5736,train,1.5196201801300049
5737,train,1.5703811645507812
5738,train,1.521915316581726
5739,train,1.5000241994857788
5740,train,1.3860058784484863
5741,train,1.4877407550811768
5742,train,1.499232530593872
5743,train,1.3846099376678467
5744,train,1.5762048959732056
5745,train,1.4789034128189087
5746,train,1.4878240823745728
5747,train,1.547884225845337
5748,train,1.3584113121032715
5749,train,1.3551907539367676
5750,train,1.4116795063018799
5750,val,1.4938743114471436
5751,train,1.5364980697631836
5752,train,1.4781129360198975
5753,train,1.4630849361419678
5754,train,1.405382752418518
5755,train,1.3228774070739746
5756,train,1.4325617551803589
5757,train,1.4748008251190186
5758,train,1.486035943031311
5759,train,1.353061556816101
5760,train,1.4158164262771606
5761,train,1.2461705207824707
5762,train,1.2995941638946533
5763,train,1.5074446201324463
5764,train,1.3137152194976807
5765,train,1.4188861846923828
5766,train,1.4590219259262085
5767,train,1.5450012683868408
5768,train,1.400350570678711
5769,train,1.4264250993728638
5770,train,1.3631067276000977
5771,train,1.315228819847107
5772,train,1.4239681959152222
5773,train,1.455468773841858
5774,train,1.4195932149887085
5775,train,1.456150770187378
5776,train,1.416238784790039
5777,train,1.3616324663162231
5778,train,1.3733681440353394
5779,train,1.495821475982666
5780,train,1.3936079740524292
5781,train,1.4548892974853516
5782,train,1.4513357877731323
5783,train,1.4618616104125977
5784,train,1.4366093873977661
5785,train,1.4479957818984985
5786,train,1.3352069854736328
5787,train,1.514479398727417
5788,train,1.5288968086242676
5789,train,1.3331823348999023
5790,train,1.4074490070343018
5791,train,1.3602256774902344
5792,train,1.404588222503662
5793,train,1.472525715827942
5794,train,1.5254848003387451
5795,train,1.6113845109939575
5796,train,1.3951143026351929
5797,train,1.4110243320465088
5798,train,1.2997806072235107
5799,train,1.4524869918823242
5800,train,1.4852635860443115
5800,val,1.494003415107727
5801,train,1.3237731456756592
5802,train,1.4823811054229736
5803,train,1.3535046577453613
5804,train,1.515019416809082
5805,train,1.4446327686309814
5806,train,1.4036356210708618
5807,train,1.5881080627441406
5808,train,1.4106509685516357
5809,train,1.4226239919662476
5810,train,1.409135341644287
5811,train,1.3572723865509033
5812,train,1.5028756856918335
5813,train,1.3547627925872803
5814,train,1.438825011253357
5815,train,1.4208948612213135
5816,train,1.4433565139770508
5817,train,1.5090733766555786
5818,train,1.4986703395843506
5819,train,1.5128833055496216
5820,train,1.4290846586227417
5821,train,1.3886255025863647
5822,train,1.5302512645721436
5823,train,1.4808961153030396
5824,train,1.5917768478393555
5825,train,1.4126062393188477
5826,train,1.5612738132476807
5827,train,1.52874755859375
5828,train,1.4150183200836182
5829,train,1.4181480407714844
5830,train,1.5497052669525146
5831,train,1.4798338413238525
5832,train,1.558774709701538
5833,train,1.5623700618743896
5834,train,1.4571340084075928
5835,train,1.4366188049316406
5836,train,1.5138726234436035
5837,train,1.4860315322875977
5838,train,1.40839684009552
5839,train,1.5703705549240112
5840,train,1.4511475563049316
5841,train,1.523980736732483
5842,train,1.354429006576538
5843,train,1.2682279348373413
5844,train,1.5468989610671997
5845,train,1.5501447916030884
5846,train,1.4973115921020508
5847,train,1.3480409383773804
5848,train,1.3735203742980957
5849,train,1.4982768297195435
5850,train,1.4682788848876953
5850,val,1.492823600769043
5851,train,1.4689068794250488
5852,train,1.391139030456543
5853,train,1.4094326496124268
5854,train,1.3574379682540894
5855,train,1.4274994134902954
5856,train,1.4967851638793945
5857,train,1.4123905897140503
5858,train,1.4743422269821167
5859,train,1.5810377597808838
5860,train,1.4566354751586914
5861,train,1.4061236381530762
5862,train,1.5101311206817627
5863,train,1.494136095046997
5864,train,1.446273922920227
5865,train,1.622086524963379
5866,train,1.5261626243591309
5867,train,1.4491099119186401
5868,train,1.4390143156051636
5869,train,1.4269609451293945
5870,train,1.3894555568695068
5871,train,1.4059581756591797
5872,train,1.4978244304656982
5873,train,1.4669607877731323
5874,train,1.514875888824463
5875,train,1.5788241624832153
5876,train,1.4240039587020874
5877,train,1.4964852333068848
5878,train,1.487661600112915
5879,train,1.3734790086746216
5880,train,1.437694787979126
5881,train,1.5011870861053467
5882,train,1.5354276895523071
5883,train,1.4956605434417725
5884,train,1.3825129270553589
5885,train,1.4954674243927002
5886,train,1.5352473258972168
5887,train,1.4708707332611084
5888,train,1.3306530714035034
5889,train,1.4086673259735107
5890,train,1.4252893924713135
5891,train,1.5104604959487915
5892,train,1.3272303342819214
5893,train,1.499354600906372
5894,train,1.4797226190567017
5895,train,1.4319372177124023
5896,train,1.3294881582260132
5897,train,1.4615212678909302
5898,train,1.4630613327026367
5899,train,1.463984489440918
5900,train,1.579405665397644
5900,val,1.4932148456573486
5901,train,1.315393090248108
5902,train,1.3340497016906738
5903,train,1.520046591758728
5904,train,1.5325145721435547
5905,train,1.4804439544677734
5906,train,1.5848382711410522
5907,train,1.413791298866272
5908,train,1.5498995780944824
5909,train,1.4917542934417725
5910,train,1.511505365371704
5911,train,1.4895970821380615
5912,train,1.4722378253936768
5913,train,1.5535504817962646
5914,train,1.4295772314071655
5915,train,1.5136510133743286
5916,train,1.5831761360168457
5917,train,1.5363056659698486
5918,train,1.5065571069717407
5919,train,1.5484141111373901
5920,train,1.4432703256607056
5921,train,1.4709930419921875
5922,train,1.4559513330459595
5923,train,1.5125997066497803
5924,train,1.4144649505615234
5925,train,1.4686696529388428
5926,train,1.3764020204544067
5927,train,1.4166996479034424
5928,train,1.411095142364502
5929,train,1.3998738527297974
5930,train,1.4630284309387207
5931,train,1.4946603775024414
5932,train,1.387021780014038
5933,train,1.4995776414871216
5934,train,1.3346123695373535
5935,train,1.4227726459503174
5936,train,1.4988831281661987
5937,train,1.482903003692627
5938,train,1.4921770095825195
5939,train,1.5112985372543335
5940,train,1.4148083925247192
5941,train,1.4804227352142334
5942,train,1.4523637294769287
5943,train,1.4092234373092651
5944,train,1.5103331804275513
5945,train,1.460840106010437
5946,train,1.6294441223144531
5947,train,1.408435583114624
5948,train,1.4008574485778809
5949,train,1.4980261325836182
5950,train,1.3840820789337158
5950,val,1.49235200881958
5951,train,1.5221387147903442
5952,train,1.5427672863006592
5953,train,1.3923819065093994
5954,train,1.5313215255737305
5955,train,1.5877288579940796
5956,train,1.3720184564590454
5957,train,1.5552186965942383
5958,train,1.5733897686004639
5959,train,1.5900707244873047
5960,train,1.4487143754959106
5961,train,1.3993690013885498
5962,train,1.4584795236587524
5963,train,1.469436526298523
5964,train,1.468504786491394
5965,train,1.4168072938919067
5966,train,1.5062649250030518
5967,train,1.4875037670135498
5968,train,1.4263631105422974
5969,train,1.429574728012085
5970,train,1.5890843868255615
5971,train,1.5339003801345825
5972,train,1.4917629957199097
5973,train,1.4339263439178467
5974,train,1.4263957738876343
5975,train,1.4541380405426025
5976,train,1.4527690410614014
5977,train,1.4646549224853516
5978,train,1.425398826599121
5979,train,1.3854597806930542
5980,train,1.6055530309677124
5981,train,1.3794543743133545
5982,train,1.4008183479309082
5983,train,1.4504687786102295
5984,train,1.4084190130233765
5985,train,1.442095160484314
5986,train,1.4761215448379517
5987,train,1.3785905838012695
5988,train,1.525813102722168
5989,train,1.390620231628418
5990,train,1.514308214187622
5991,train,1.3310534954071045
5992,train,1.482825517654419
5993,train,1.368245244026184
5994,train,1.4491277933120728
5995,train,1.4181513786315918
5996,train,1.426370620727539
5997,train,1.369972825050354
5998,train,1.4969253540039062
5999,train,1.5268713235855103
6000,train,1.4066218137741089
6000,val,1.4916155338287354
6001,train,1.506118655204773
6002,train,1.549068570137024
6003,train,1.5254731178283691
6004,train,1.4426630735397339
6005,train,1.5484809875488281
6006,train,1.5341376066207886
6007,train,1.5313862562179565
6008,train,1.442257046699524
6009,train,1.3066279888153076
6010,train,1.4889957904815674
6011,train,1.5221704244613647
6012,train,1.550194501876831
6013,train,1.498106598854065
6014,train,1.5545480251312256
6015,train,1.3909062147140503
6016,train,1.5163507461547852
6017,train,1.284172534942627
6018,train,1.44187331199646
6019,train,1.5367717742919922
6020,train,1.5111098289489746
6021,train,1.438408374786377
6022,train,1.482047200202942
6023,train,1.4245445728302002
6024,train,1.41891348361969
6025,train,1.4599320888519287
6026,train,1.4603073596954346
6027,train,1.5047333240509033
6028,train,1.492121696472168
6029,train,1.4778220653533936
6030,train,1.5432898998260498
6031,train,1.5031923055648804
6032,train,1.5321580171585083
6033,train,1.4777177572250366
6034,train,1.434241533279419
6035,train,1.4215084314346313
6036,train,1.4456307888031006
6037,train,1.4699316024780273
6038,train,1.3718008995056152
6039,train,1.4786128997802734
6040,train,1.5237581729888916
6041,train,1.4670050144195557
6042,train,1.3411695957183838
6043,train,1.4184904098510742
6044,train,1.4605063199996948
6045,train,1.3860645294189453
6046,train,1.348779320716858
6047,train,1.466192603111267
6048,train,1.5699167251586914
6049,train,1.4560426473617554
6050,train,1.5640608072280884
6050,val,1.4916746616363525
6051,train,1.3423529863357544
6052,train,1.3832347393035889
6053,train,1.464172124862671
6054,train,1.4420831203460693
6055,train,1.3902361392974854
6056,train,1.5558462142944336
6057,train,1.5230218172073364
6058,train,1.3280984163284302
6059,train,1.37278151512146
6060,train,1.4829233884811401
6061,train,1.371397852897644
6062,train,1.3881361484527588
6063,train,1.3539639711380005
6064,train,1.4470090866088867
6065,train,1.4695780277252197
6066,train,1.4794471263885498
6067,train,1.4552091360092163
6068,train,1.3393253087997437
6069,train,1.5731093883514404
6070,train,1.5886473655700684
6071,train,1.4778461456298828
6072,train,1.426539659500122
6073,train,1.4119936227798462
6074,train,1.4415693283081055
6075,train,1.4731749296188354
6076,train,1.3398405313491821
6077,train,1.4014918804168701
6078,train,1.4177569150924683
6079,train,1.3175098896026611
6080,train,1.4334180355072021
6081,train,1.5426037311553955
6082,train,1.3872950077056885
6083,train,1.4531793594360352
6084,train,1.4058032035827637
6085,train,1.4635958671569824
6086,train,1.3703467845916748
6087,train,1.3928370475769043
6088,train,1.4544126987457275
6089,train,1.5588757991790771
6090,train,1.4020371437072754
6091,train,1.441515326499939
6092,train,1.306010127067566
6093,train,1.5421298742294312
6094,train,1.4003182649612427
6095,train,1.531235694885254
6096,train,1.4230306148529053
6097,train,1.6408107280731201
6098,train,1.41340970993042
6099,train,1.400386095046997
6100,train,1.438977599143982
6100,val,1.491368055343628
6101,train,1.3619403839111328
6102,train,1.5402926206588745
6103,train,1.4069042205810547
6104,train,1.4215768575668335
6105,train,1.4388729333877563
6106,train,1.4512314796447754
6107,train,1.3931257724761963
6108,train,1.461073398590088
6109,train,1.4721094369888306
6110,train,1.2883144617080688
6111,train,1.505682110786438
6112,train,1.4629539251327515
6113,train,1.4848685264587402
6114,train,1.5479315519332886
6115,train,1.5192840099334717
6116,train,1.4051398038864136
6117,train,1.44925856590271
6118,train,1.4094266891479492
6119,train,1.3991791009902954
6120,train,1.3557605743408203
6121,train,1.5481616258621216
6122,train,1.431973934173584
6123,train,1.4446358680725098
6124,train,1.5158395767211914
6125,train,1.4714109897613525
6126,train,1.5143600702285767
6127,train,1.3804903030395508
6128,train,1.3986754417419434
6129,train,1.4564261436462402
6130,train,1.4672834873199463
6131,train,1.4261665344238281
6132,train,1.3820385932922363
6133,train,1.5461312532424927
6134,train,1.537940263748169
6135,train,1.5162850618362427
6136,train,1.5195894241333008
6137,train,1.4715828895568848
6138,train,1.534733533859253
6139,train,1.4762777090072632
6140,train,1.4149082899093628
6141,train,1.4101877212524414
6142,train,1.5745558738708496
6143,train,1.5110845565795898
6144,train,1.4449025392532349
6145,train,1.45945405960083
6146,train,1.545096516609192
6147,train,1.3802614212036133
6148,train,1.5320076942443848
6149,train,1.5114394426345825
6150,train,1.3760250806808472
6150,val,1.490697979927063
6151,train,1.525899887084961
6152,train,1.4536054134368896
6153,train,1.476965069770813
6154,train,1.486933708190918
6155,train,1.4815748929977417
6156,train,1.4608333110809326
6157,train,1.3966248035430908
6158,train,1.4925771951675415
6159,train,1.4871660470962524
6160,train,1.4285168647766113
6161,train,1.5552661418914795
6162,train,1.4507352113723755
6163,train,1.4429264068603516
6164,train,1.5742061138153076
6165,train,1.519109845161438
6166,train,1.6299408674240112
6167,train,1.4594531059265137
6168,train,1.4583808183670044
6169,train,1.5672688484191895
6170,train,1.461592435836792
6171,train,1.4012004137039185
6172,train,1.4572029113769531
6173,train,1.3791823387145996
6174,train,1.349501132965088
6175,train,1.4242488145828247
6176,train,1.4800236225128174
6177,train,1.5336177349090576
6178,train,1.3354147672653198
6179,train,1.5271087884902954
6180,train,1.4697412252426147
6181,train,1.4440757036209106
6182,train,1.402453899383545
6183,train,1.5247092247009277
6184,train,1.4701892137527466
6185,train,1.4195070266723633
6186,train,1.5319892168045044
6187,train,1.5055091381072998
6188,train,1.438122034072876
6189,train,1.4382292032241821
6190,train,1.5999255180358887
6191,train,1.5964627265930176
6192,train,1.409001350402832
6193,train,1.5157403945922852
6194,train,1.4789011478424072
6195,train,1.4818520545959473
6196,train,1.3447237014770508
6197,train,1.399169921875
6198,train,1.4929115772247314
6199,train,1.5073671340942383
6200,train,1.423874020576477
6200,val,1.4891834259033203
6201,train,1.3950368165969849
6202,train,1.5094797611236572
6203,train,1.4290058612823486
6204,train,1.4148027896881104
6205,train,1.394810438156128
6206,train,1.4898265600204468
6207,train,1.5366151332855225
6208,train,1.5238479375839233
6209,train,1.3882801532745361
6210,train,1.3934273719787598
6211,train,1.580529808998108
6212,train,1.4489424228668213
6213,train,1.4867513179779053
6214,train,1.4111920595169067
6215,train,1.53889000415802
6216,train,1.3851040601730347
6217,train,1.5054384469985962
6218,train,1.3690476417541504
6219,train,1.4313182830810547
6220,train,1.5028825998306274
6221,train,1.4257737398147583
6222,train,1.501793384552002
6223,train,1.3819968700408936
6224,train,1.519878625869751
6225,train,1.4701862335205078
6226,train,1.5660933256149292
6227,train,1.4773443937301636
6228,train,1.5645420551300049
6229,train,1.4027647972106934
6230,train,1.4554262161254883
6231,train,1.4478622674942017
6232,train,1.3862433433532715
6233,train,1.513551950454712
6234,train,1.4903054237365723
6235,train,1.5278435945510864
6236,train,1.4294503927230835
6237,train,1.4365670680999756
6238,train,1.476575255393982
6239,train,1.2760554552078247
6240,train,1.4340951442718506
6241,train,1.3891799449920654
6242,train,1.406607747077942
6243,train,1.4080651998519897
6244,train,1.5684680938720703
6245,train,1.3432222604751587
6246,train,1.5440810918807983
6247,train,1.4755926132202148
6248,train,1.5159351825714111
6249,train,1.4484307765960693
6250,train,1.3303043842315674
6250,val,1.489811897277832
6251,train,1.3513227701187134
6252,train,1.3062171936035156
6253,train,1.5502445697784424
6254,train,1.534337043762207
6255,train,1.432232141494751
6256,train,1.4017503261566162
6257,train,1.4471244812011719
6258,train,1.4673347473144531
6259,train,1.532042145729065
6260,train,1.4570670127868652
6261,train,1.4973998069763184
6262,train,1.5373765230178833
6263,train,1.46975576877594
6264,train,1.666860580444336
6265,train,1.4449598789215088
6266,train,1.6415196657180786
6267,train,1.524936556816101
6268,train,1.4534661769866943
6269,train,1.4532718658447266
6270,train,1.5366978645324707
6271,train,1.3999276161193848
6272,train,1.4911611080169678
6273,train,1.5425914525985718
6274,train,1.4791641235351562
6275,train,1.4604395627975464
6276,train,1.3949860334396362
6277,train,1.4341944456100464
6278,train,1.4597549438476562
6279,train,1.4204771518707275
6280,train,1.4381463527679443
6281,train,1.4831126928329468
6282,train,1.4431216716766357
6283,train,1.4182751178741455
6284,train,1.4284926652908325
6285,train,1.4268122911453247
6286,train,1.570631504058838
6287,train,1.3148417472839355
6288,train,1.3297624588012695
6289,train,1.5876492261886597
6290,train,1.324253797531128
6291,train,1.4879660606384277
6292,train,1.3141236305236816
6293,train,1.3172054290771484
6294,train,1.4761393070220947
6295,train,1.492601752281189
6296,train,1.3204680681228638
6297,train,1.3675129413604736
6298,train,1.3399595022201538
6299,train,1.4883067607879639
6300,train,1.3602428436279297
6300,val,1.490695595741272
6301,train,1.6000133752822876
6302,train,1.430367112159729
6303,train,1.513308048248291
6304,train,1.431349277496338
6305,train,1.449596881866455
6306,train,1.4663009643554688
6307,train,1.4373842477798462
6308,train,1.5368356704711914
6309,train,1.5377411842346191
6310,train,1.5028928518295288
6311,train,1.5595440864562988
6312,train,1.460121512413025
6313,train,1.378936767578125
6314,train,1.4437260627746582
6315,train,1.412909984588623
6316,train,1.4035542011260986
6317,train,1.3911465406417847
6318,train,1.381262183189392
6319,train,1.4236907958984375
6320,train,1.4022458791732788
6321,train,1.4309920072555542
6322,train,1.4469537734985352
6323,train,1.528735876083374
6324,train,1.4797791242599487
6325,train,1.5647526979446411
6326,train,1.4636324644088745
6327,train,1.4965548515319824
6328,train,1.6246702671051025
6329,train,1.4529008865356445
6330,train,1.445655107498169
6331,train,1.580915927886963
6332,train,1.4312334060668945
6333,train,1.4482297897338867
6334,train,1.419360876083374
6335,train,1.4008773565292358
6336,train,1.440670132637024
6337,train,1.4734464883804321
6338,train,1.4685709476470947
6339,train,1.413243055343628
6340,train,1.5184683799743652
6341,train,1.447885513305664
6342,train,1.4257073402404785
6343,train,1.5009143352508545
6344,train,1.3647263050079346
6345,train,1.5485913753509521
6346,train,1.509091854095459
6347,train,1.4474289417266846
6348,train,1.5247933864593506
6349,train,1.4821785688400269
6350,train,1.3781397342681885
6350,val,1.4901624917984009
6351,train,1.465322494506836
6352,train,1.504045009613037
6353,train,1.4744552373886108
6354,train,1.5436251163482666
6355,train,1.497744083404541
6356,train,1.4699480533599854
6357,train,1.4783740043640137
6358,train,1.5406949520111084
6359,train,1.4658987522125244
6360,train,1.6809169054031372
6361,train,1.4290961027145386
6362,train,1.495458960533142
6363,train,1.5101587772369385
6364,train,1.4621553421020508
6365,train,1.4365675449371338
6366,train,1.4617756605148315
6367,train,1.3882063627243042
6368,train,1.5531014204025269
6369,train,1.5031217336654663
6370,train,1.480250358581543
6371,train,1.4610047340393066
6372,train,1.400863766670227
6373,train,1.3594204187393188
6374,train,1.4239420890808105
6375,train,1.495419979095459
6376,train,1.4468610286712646
6377,train,1.5038130283355713
6378,train,1.4664418697357178
6379,train,1.407993197441101
6380,train,1.444279432296753
6381,train,1.4378859996795654
6382,train,1.422497272491455
6383,train,1.5165209770202637
6384,train,1.5441243648529053
6385,train,1.5157058238983154
6386,train,1.5309627056121826
6387,train,1.3445369005203247
6388,train,1.4091622829437256
6389,train,1.4627819061279297
6390,train,1.3778706789016724
6391,train,1.4513802528381348
6392,train,1.4354275465011597
6393,train,1.4164190292358398
6394,train,1.5507711172103882
6395,train,1.5210604667663574
6396,train,1.4652855396270752
6397,train,1.3901805877685547
6398,train,1.3911792039871216
6399,train,1.5013399124145508
6400,train,1.4760444164276123
6400,val,1.4896348714828491
6401,train,1.4145591259002686
6402,train,1.4698665142059326
6403,train,1.485390067100525
6404,train,1.457362174987793
6405,train,1.5108187198638916
6406,train,1.510998010635376
6407,train,1.4332796335220337
6408,train,1.5312280654907227
6409,train,1.5522253513336182
6410,train,1.42875337600708
6411,train,1.4931056499481201
6412,train,1.5523231029510498
6413,train,1.4348652362823486
6414,train,1.2956759929656982
6415,train,1.5839616060256958
6416,train,1.5262119770050049
6417,train,1.444429874420166
6418,train,1.4010605812072754
6419,train,1.5949594974517822
6420,train,1.4848277568817139
6421,train,1.4767911434173584
6422,train,1.437851905822754
6423,train,1.3663750886917114
6424,train,1.3400825262069702
6425,train,1.304189682006836
6426,train,1.430323600769043
6427,train,1.5056207180023193
6428,train,1.4153075218200684
6429,train,1.4937751293182373
6430,train,1.524658441543579
6431,train,1.4634528160095215
6432,train,1.4683078527450562
6433,train,1.4488486051559448
6434,train,1.4676525592803955
6435,train,1.659380555152893
6436,train,1.4693892002105713
6437,train,1.492639422416687
6438,train,1.4835710525512695
6439,train,1.4536292552947998
6440,train,1.3343942165374756
6441,train,1.56288743019104
6442,train,1.5373225212097168
6443,train,1.4287631511688232
6444,train,1.4811209440231323
6445,train,1.4432063102722168
6446,train,1.5512192249298096
6447,train,1.4608100652694702
6448,train,1.4847837686538696
6449,train,1.525818109512329
6450,train,1.4841777086257935
6450,val,1.489080548286438
6451,train,1.475300669670105
6452,train,1.4255908727645874
6453,train,1.405843734741211
6454,train,1.486067771911621
6455,train,1.477449893951416
6456,train,1.4758007526397705
6457,train,1.3912806510925293
6458,train,1.6123511791229248
6459,train,1.4637686014175415
6460,train,1.4937126636505127
6461,train,1.4487112760543823
6462,train,1.4575952291488647
6463,train,1.5829402208328247
6464,train,1.4013409614562988
6465,train,1.3100388050079346
6466,train,1.5336101055145264
6467,train,1.4636873006820679
6468,train,1.3652170896530151
6469,train,1.4535530805587769
6470,train,1.3921960592269897
6471,train,1.3580799102783203
6472,train,1.4597868919372559
6473,train,1.3835266828536987
6474,train,1.4420766830444336
6475,train,1.4303516149520874
6476,train,1.3489630222320557
6477,train,1.4973974227905273
6478,train,1.4634184837341309
6479,train,1.3553411960601807
6480,train,1.4947888851165771
6481,train,1.4212391376495361
6482,train,1.4990462064743042
6483,train,1.491301417350769
6484,train,1.3924615383148193
6485,train,1.460416555404663
6486,train,1.4641284942626953
6487,train,1.3490744829177856
6488,train,1.5404689311981201
6489,train,1.359402060508728
6490,train,1.371710181236267
6491,train,1.4591820240020752
6492,train,1.4658455848693848
6493,train,1.5025570392608643
6494,train,1.5634751319885254
6495,train,1.3461792469024658
6496,train,1.463159441947937
6497,train,1.3628668785095215
6498,train,1.5389562845230103
6499,train,1.5044629573822021
6500,train,1.316767692565918
6500,val,1.4890720844268799
